# Created by Open3D 
# object name: model
# number of vertices: 3130
# number of triangles: 6071
v -1.49764 -1.28232 -0.713788 0.351644 0.506764 0.350389
vn 0.802165 -0.589232 0.0966258
v -1.31556 -1.0311 -0.713788 0.351644 0.506764 0.350389
vn 0.801612 -0.579069 0.14865
v -1.29658 -1.00399 -0.713788 0.351644 0.506764 0.350389
vn 0.819867 -0.520789 0.237901
v -1.12974 -0.779881 -0.713788 0.351644 0.506764 0.350389
vn 0.75176 -0.58902 0.296501
v -0.0404806 -0.881862 -0.713788 0.351644 0.506764 0.350389
vn -0.321017 -0.947073 0.000468282
v -0.243048 -0.779881 -0.713788 0.351644 0.506764 0.350389
vn -0.488715 -0.870856 0.0525998
v 0.210739 -0.933695 -0.713788 0.351644 0.506764 0.350389
vn -0.222947 -0.973494 -0.051028
v -1.04536 -0.683365 -0.713788 0.305719 0.540827 0.352821
vn 0.648354 -0.601182 0.467138
v -0.794141 -0.536411 -0.713788 0.305719 0.540827 0.352821
vn 0.382376 -0.696968 0.606649
v -0.542921 -0.609836 -0.713788 0.305719 0.540827 0.352821
vn -0.497412 -0.820204 0.282571
v -0.291701 -0.756577 -0.713788 0.305719 0.540827 0.352821
vn -0.490357 -0.864742 0.108494
v -5.3161 -3.36346 -0.713788 0.351644 0.506764 0.350389
vn 0.0926676 -0.992365 0.0813962
v 2.72294 -0.391133 -0.713788 0.257644 0.531446 0.259643
vn 0.417307 -0.904923 0.0834811
v 2.9712 -0.277441 -0.713788 0.257644 0.531446 0.259643
vn 0.42866 -0.899304 0.0866137
v -4.81366 -3.31654 -0.713788 0.351644 0.506764 0.350389
vn 0.10227 -0.991449 0.0810592
v -4.72797 -3.29208 -0.713788 0.351644 0.506764 0.350389
vn 0.210882 -0.975682 0.0597717
v 3.22538 -0.151641 -0.713788 0.257644 0.531446 0.259643
vn 0.42897 -0.900075 0.0764842
v 0.71318 -1.04244 -0.713788 0.351644 0.506764 0.350389
vn -0.075024 -0.996496 -0.0369832
v 3.72782 0.0886855 -0.713788 0.257644 0.531446 0.259643
vn 0.42276 -0.903917 0.0648785
v -4.31122 -3.2038 -0.713788 0.351644 0.506764 0.350389
vn 0.301488 -0.951804 0.0563378
v 1.21562 -0.984236 -0.713788 0.351644 0.506764 0.350389
vn 0.194631 -0.980874 0.00221692
v -3.80878 -3.02255 -0.713788 0.351644 0.506764 0.350389
vn 0.420433 -0.905795 0.0526396
v 1.71806 -0.825021 -0.713788 0.351644 0.506764 0.350389
vn 0.329805 -0.943098 0.0423742
v -3.36745 -2.78964 -0.713788 0.351644 0.506764 0.350389
vn 0.455586 -0.888822 0.0493701
v -3.30634 -2.76501 -0.713788 0.351644 0.506764 0.350389
vn 0.467179 -0.883349 0.0379285
v 1.82834 -0.779881 -0.713788 0.351644 0.506764 0.350389
vn 0.374228 -0.925307 0.0613228
v 4.0204 0.224999 -0.713788 0.257644 0.531446 0.259643
vn 0.431966 -0.899842 0.0607421
v -2.8039 -2.48789 -0.713788 0.351644 0.506764 0.350389
vn 0.54562 -0.837269 0.035768
v -2.53652 -2.2872 -0.713788 0.351644 0.506764 0.350389
vn 0.582818 -0.811913 0.0334729
v 2.2205 -0.621815 -0.713788 0.334204 0.514034 0.34545
vn 0.394693 -0.915868 0.0735079
v -2.30146 -2.12722 -0.713788 0.351644 0.506764 0.350389
vn 0.649152 -0.759901 0.033961
v -1.94815 -1.78476 -0.713788 0.351644 0.506764 0.350389
vn 0.684507 -0.727914 0.0398881
v -1.79902 -1.65475 -0.713788 0.351644 0.506764 0.350389
vn 0.741047 -0.669492 0.0512771
v 4.23026 0.32988 -0.713788 0.257644 0.531446 0.259643
vn 0.431045 -0.900967 0.0495835
v 4.7327 0.571517 -0.713788 0.257644 0.531446 0.259643
vn 0.429644 -0.902199 0.0379939
v 5.05828 0.727439 -0.713788 0.257644 0.531446 0.259643
vn 0.448382 -0.89319 0.0341321
v 5.23514 0.823743 -0.713788 0.257644 0.531446 0.259643
vn 0.467965 -0.883295 0.0282457
v 5.73758 1.0912 -0.713788 0.257644 0.531446 0.259643
vn 0.467993 -0.883482 0.0210258
v 5.9985 1.22988 -0.713788 0.257644 0.531446 0.259643
vn 0.487903 -0.872694 0.0188597
v 6.24002 1.3721 -0.713788 0.257644 0.531446 0.259643
vn 0.502503 -0.864458 0.0142226
v 6.74246 1.6651 -0.713788 0.257644 0.531446 0.259643
vn 0.50039 -0.865745 0.00980114
v 6.86064 1.73232 -0.713788 0.257644 0.531446 0.259643
vn 0.539785 -0.841745 0.00993206
v 7.2449 1.9873 -0.713788 0.257644 0.531446 0.259643
vn 0.547073 -0.837052 0.0074375
v 7.62749 2.23476 -0.713788 0.257644 0.531446 0.259643
vn 0.554711 -0.832022 0.00599725
v 7.74734 2.32227 -0.713788 0.257644 0.531446 0.259643
vn 0.589367 -0.807842 0.00624462
v -1.08732 -0.52866 -0.462568 0.305719 0.540827 0.352821
vn 0.683805 -0.40535 0.606714
v -1.04536 -0.470396 -0.462568 0.305719 0.540827 0.352821
vn 0.60715 -0.442317 0.660094
v -0.979496 -0.40305 -0.462568 0.305719 0.540827 0.352821
vn 0.44427 -0.544915 0.71112
v -0.919751 -0.354736 -0.462568 0.305719 0.540827 0.352821
vn 0.239696 -0.636042 0.733482
v -0.794141 -0.331155 -0.462568 0.305719 0.540827 0.352821
vn -0.0697678 -0.725216 0.684977
v -0.542921 -0.494329 -0.462568 0.305719 0.540827 0.352821
vn -0.587446 -0.644803 0.489015
v -0.641008 -0.40305 -0.462568 0.305719 0.540827 0.352821
vn -0.47132 -0.642238 0.604473
v -0.668531 -0.378904 -0.462568 0.305719 0.540827 0.352821
vn -0.311065 -0.641907 0.700853
v -1.52132 -1.28232 -0.462568 0.351644 0.506764 0.350389
vn 0.800228 -0.594398 0.0795425
v -1.36215 -1.0311 -0.462568 0.351644 0.506764 0.350389
vn 0.835923 -0.514678 0.190629
v -1.29658 -0.905311 -0.462568 0.351644 0.506764 0.350389
vn 0.868201 -0.358018 0.343586
v -1.22882 -0.779881 -0.462568 0.351644 0.506764 0.350389
vn 0.76888 -0.488424 0.412633
v -0.0404806 -0.881737 -0.462568 0.351644 0.506764 0.350389
vn -0.360757 -0.932644 -0.00546739
v -0.204337 -0.779881 -0.462568 0.351644 0.506764 0.350389
vn -0.593256 -0.798189 0.104601
v 0.210739 -0.951294 -0.462568 0.351644 0.506764 0.350389
vn -0.217283 -0.974221 -0.0606825
v -0.291701 -0.725058 -0.462568 0.305719 0.540827 0.352821
vn -0.589947 -0.776918 0.219911
v -0.503134 -0.52866 -0.462568 0.305719 0.540827 0.352821
vn -0.703086 -0.613205 0.360069
v -1.04536 -0.52866 -0.535142 0.305719 0.540827 0.352821
vn 0.607115 -0.583764 0.539101
v -0.794141 -0.52866 -0.705337 0.305719 0.540827 0.352821
vn -0.0390123 -0.769835 0.63705
v -0.542921 -0.52866 -0.551005 0.305719 0.540827 0.352821
vn -0.50005 -0.753719 0.426448
v -1.21067 -0.52866 -0.336958 0.305719 0.540827 0.352821
vn 0.739551 -0.361106 0.568037
v -1.17097 -0.444195 -0.336958 0.305719 0.540827 0.352821
vn 0.677388 -0.350676 0.646662
v -1.15009 -0.40305 -0.336958 0.305719 0.540827 0.352821
vn 0.636582 -0.393288 0.663392
v -1.07141 -0.277441 -0.336958 0.305719 0.540827 0.352821
vn 0.655432 -0.422991 0.62569
v -0.542921 -0.338294 -0.336958 0.305719 0.540827 0.352821
vn -0.712424 -0.420533 0.561786
v -0.584654 -0.277441 -0.336958 0.305719 0.540827 0.352821
vn -0.598269 -0.519917 0.609721
v -1.04536 -0.240766 -0.336958 0.305719 0.540827 0.352821
vn 0.574259 -0.43355 0.69445
v -0.963593 -0.151831 -0.336958 0.305719 0.540827 0.352821
vn 0.463016 -0.398637 0.791647
v -0.919751 -0.0980873 -0.336958 0.305719 0.540827 0.352821
vn 0.353247 -0.420921 0.835489
v -0.794141 -0.0691681 -0.336958 0.305719 0.540827 0.352821
vn -0.177485 -0.383172 0.906465
v -0.668531 -0.180519 -0.336958 0.305719 0.540827 0.352821
vn -0.576803 -0.470087 0.668069
v -0.695977 -0.151831 -0.336958 0.305719 0.540827 0.352821
vn -0.357908 -0.418573 0.834685
v -1.17097 -0.52866 -0.393571 0.305719 0.540827 0.352821
vn 0.660633 -0.369888 0.653259
v -1.04536 -0.40305 -0.434395 0.305719 0.540827 0.352821
vn 0.563202 -0.367827 0.739937
v -1.04536 -0.277441 -0.365367 0.305719 0.540827 0.352821
vn 0.502016 -0.429125 0.750887
v -0.919751 -0.277441 -0.429405 0.305719 0.540827 0.352821
vn 0.313613 -0.431806 0.845689
v -0.794141 -0.277441 -0.43936 0.305719 0.540827 0.352821
vn -0.0629996 -0.4369 0.897301
v -0.542921 -0.40305 -0.385379 0.305719 0.540827 0.352821
vn -0.65927 -0.492379 0.568266
v -0.668531 -0.277441 -0.399915 0.305719 0.540827 0.352821
vn -0.430293 -0.470898 0.770132
v -0.919751 -0.151831 -0.367083 0.305719 0.540827 0.352821
vn 0.171939 -0.440686 0.88104
v -0.794141 -0.151831 -0.380223 0.305719 0.540827 0.352821
vn -0.148577 -0.457044 0.876947
v -1.30687 -0.52866 -0.211348 0.218236 0.420397 0.154155
vn 0.85288 -0.274473 0.44414
v -1.29658 -0.507975 -0.211348 0.218236 0.420397 0.154155
vn 0.789024 -0.331032 0.517551
v -1.25308 -0.40305 -0.211348 0.305719 0.540827 0.352821
vn 0.764877 -0.38256 0.518277
v -1.18283 -0.277441 -0.211348 0.305719 0.540827 0.352821
vn 0.790971 -0.460663 0.402685
v -1.17097 -0.262071 -0.211348 0.305719 0.540827 0.352821
vn 0.759119 -0.589624 0.275829
v -1.10083 -0.151831 -0.211348 0.305719 0.540827 0.352821
vn 0.798287 -0.467728 0.379433
v -1.04536 -0.044498 -0.211348 0.305719 0.540827 0.352821
vn 0.722408 -0.429928 0.541561
v -1.03511 -0.0262203 -0.211348 0.305719 0.540827 0.352821
vn 0.685519 -0.215175 0.695531
v -0.996812 0.0993896 -0.211348 0.305719 0.540827 0.352821
vn 0.815812 -0.270828 0.510982
v -0.936317 0.224999 -0.211348 0.305719 0.540827 0.352821
vn 0.725065 -0.334034 0.602247
v -0.542921 -0.214076 -0.211348 0.305719 0.540827 0.352821
vn -0.705046 -0.530556 0.470554
v -0.573529 -0.151831 -0.211348 0.305719 0.540827 0.352821
vn -0.823287 -0.361492 0.437633
v -0.62818 -0.0262203 -0.211348 0.305719 0.540827 0.352821
vn -0.809708 -0.370449 0.455128
v -0.668531 0.0501819 -0.211348 0.305719 0.540827 0.352821
vn -0.785836 -0.371652 0.494304
v -0.689619 0.0993896 -0.211348 0.305719 0.540827 0.352821
vn -0.603603 -0.375896 0.703111
v -0.777399 0.224999 -0.211348 0.305719 0.540827 0.352821
vn -0.67941 -0.4574 0.573749
v -0.919751 0.242703 -0.211348 0.192684 0.529843 0.304466
vn 0.0474447 -0.560523 0.826779
v -0.794141 0.238969 -0.211348 0.192684 0.529843 0.304466
vn -0.376172 -0.636913 0.672931
v -1.29658 -0.52866 -0.230183 0.218236 0.420397 0.154155
vn 0.737009 -0.371774 0.564448
v -1.17097 -0.40305 -0.322182 0.305719 0.540827 0.352821
vn 0.719908 -0.365181 0.590234
v -1.17097 -0.277441 -0.233786 0.305719 0.540827 0.352821
vn 0.679584 -0.436737 0.589429
v -0.542921 -0.277441 -0.295513 0.305719 0.540827 0.352821
vn -0.686165 -0.517241 0.511507
v -1.04536 -0.151831 -0.294307 0.305719 0.540827 0.352821
vn 0.593246 -0.429689 0.680754
v -0.919751 -0.0262203 -0.31669 0.305719 0.540827 0.352821
vn 0.328125 -0.253 0.910124
v -0.794141 -0.0262203 -0.326123 0.305719 0.540827 0.352821
vn -0.207123 -0.267723 0.94097
v -0.919751 0.0993896 -0.284698 0.305719 0.540827 0.352821
vn 0.360955 -0.328819 0.872691
v -0.794141 0.0993896 -0.289 0.305719 0.540827 0.352821
vn -0.28261 -0.356084 0.890694
v -0.919751 0.224999 -0.225882 0.305719 0.540827 0.352821
vn 0.0843815 -0.453987 0.887004
v -0.794141 0.224999 -0.224873 0.305719 0.540827 0.352821
vn -0.0358906 -0.471546 0.881111
v -0.668531 -0.151831 -0.325947 0.305719 0.540827 0.352821
vn -0.691775 -0.323084 0.645805
v -0.668531 -0.0262203 -0.261393 0.305719 0.540827 0.352821
vn -0.508852 -0.358835 0.7825
v -1.57103 -1.28232 -0.211348 0.351644 0.506764 0.350389
vn 0.822328 -0.54756 0.154775
v -1.5478 -1.24137 -0.211348 0.351644 0.506764 0.350389
vn 0.900841 -0.378405 0.212825
v -1.45246 -1.0311 -0.211348 0.351644 0.506764 0.350389
vn 0.888789 -0.324499 0.323658
v -1.38558 -0.779881 -0.211348 0.351644 0.506764 0.350389
vn 0.879301 -0.242946 0.409643
v -0.0404806 -0.885277 -0.211348 0.351644 0.506764 0.350389
vn -0.486052 -0.873666 -0.0214854
v -0.156678 -0.779881 -0.211348 0.351644 0.506764 0.350389
vn -0.697883 -0.710379 0.0912142
v 0.210739 -0.980218 -0.211348 0.351644 0.506764 0.350389
vn -0.254798 -0.957915 -0.132198
v -0.291701 -0.638475 -0.211348 0.305719 0.540827 0.352821
vn -0.746295 -0.621192 0.239088
v -0.349174 -0.52866 -0.211348 0.305719 0.540827 0.352821
vn -0.801306 -0.431999 0.413866
v -0.491017 -0.277441 -0.211348 0.305719 0.540827 0.352821
vn -0.767698 -0.48724 0.416217
v -1.5478 -1.28232 -0.341357 0.351644 0.506764 0.350389
vn 0.838613 -0.505639 0.202628
v -1.29658 -0.779881 -0.390438 0.351644 0.506764 0.350389
vn 0.789743 -0.318677 0.524167
v -5.3161 -3.32225 -0.211348 0.351644 0.506764 0.350389
vn 0.0923064 -0.991537 0.0912905
v 2.72294 -0.342391 -0.211348 0.257644 0.531446 0.259643
vn 0.416766 -0.89831 0.139086
v 2.86968 -0.277441 -0.211348 0.257644 0.531446 0.259643
vn 0.422833 -0.898538 0.11765
v 3.22538 -0.108043 -0.211348 0.257644 0.531446 0.259643
vn 0.408924 -0.898477 0.159751
v 3.72782 0.126019 -0.211348 0.257644 0.531446 0.259643
vn 0.418481 -0.90176 0.108181
v -4.9909 -3.29208 -0.211348 0.351644 0.506764 0.350389
vn 0.0786173 -0.991403 0.104588
v 3.94975 0.224999 -0.211348 0.257644 0.531446 0.259643
vn 0.422579 -0.901008 0.0980396
v -4.81366 -3.27987 -0.211348 0.351644 0.506764 0.350389
vn 0.180004 -0.978448 0.101179
v -4.31122 -3.17389 -0.211348 0.351644 0.506764 0.350389
vn 0.272839 -0.958796 0.07918
v 4.23026 0.358893 -0.211348 0.257644 0.531446 0.259643
vn 0.408472 -0.907438 0.0985244
v 0.71318 -1.05695 -0.211348 0.351644 0.506764 0.350389
vn -0.00232942 -0.998067 -0.0621101
v 4.7327 0.593848 -0.211348 0.257644 0.531446 0.259643
vn 0.421766 -0.904775 0.0591205
v -3.80878 -2.99312 -0.211348 0.351644 0.506764 0.350389
vn 0.391765 -0.917544 0.0680705
v 5.02003 0.727439 -0.211348 0.257644 0.531446 0.259643
vn 0.443437 -0.895077 0.0469195
v 1.21562 -0.975278 -0.211348 0.351644 0.506764 0.350389
vn 0.289529 -0.956609 0.0327546
v -3.4219 -2.78964 -0.211348 0.351644 0.506764 0.350389
vn 0.448138 -0.892183 0.0563978
v 5.23514 0.841113 -0.211348 0.257644 0.531446 0.259643
vn 0.455967 -0.888988 0.0423652
v 1.71806 -0.791859 -0.211348 0.351644 0.506764 0.350389
vn 0.344695 -0.935651 0.075781
v 5.73758 1.10373 -0.211348 0.257644 0.531446 0.259643
vn 0.463125 -0.885904 0.0262488
v -3.30634 -2.74333 -0.211348 0.351644 0.506764 0.350389
vn 0.454329 -0.889837 0.0421346
v 1.74601 -0.779881 -0.211348 0.351644 0.506764 0.350389
vn 0.382136 -0.920951 0.0762951
v -2.8039 -2.4665 -0.211348 0.351644 0.506764 0.350389
vn 0.5221 -0.852242 0.033076
v -2.56537 -2.2872 -0.211348 0.351644 0.506764 0.350389
vn 0.581917 -0.81272 0.0293034
v 5.97908 1.22988 -0.211348 0.257644 0.531446 0.259643
vn 0.484686 -0.874462 0.0198938
v -2.30146 -2.1072 -0.211348 0.351644 0.506764 0.350389
vn 0.649714 -0.759854 0.0222241
v 2.2205 -0.578623 -0.211348 0.334204 0.514034 0.34545
vn 0.413765 -0.897817 0.150745
v 6.24002 1.381 -0.211348 0.257644 0.531446 0.259643
vn 0.496693 -0.867836 0.0124853
v -1.97743 -1.78476 -0.211348 0.351644 0.506764 0.350389
vn 0.692758 -0.720352 0.0343414
v 6.74246 1.67087 -0.211348 0.257644 0.531446 0.259643
vn 0.499025 -0.866549 0.00813193
v -1.79902 -1.61865 -0.211348 0.351644 0.506764 0.350389
vn 0.779213 -0.622743 0.0708463
v 6.85139 1.73232 -0.211348 0.257644 0.531446 0.259643
vn 0.5399 -0.841721 0.00367322
v 7.2449 1.9914 -0.211348 0.257644 0.531446 0.259643
vn 0.546139 -0.837694 0.00098899
v 7.62206 2.23476 -0.211348 0.257644 0.531446 0.259643
vn 0.554214 -0.832374 0.000419671
v 7.74734 2.32608 -0.211348 0.257644 0.531446 0.259643
vn 0.589045 -0.808101 1.38046e-05
v -4.81366 -3.29208 -0.414115 0.351644 0.506764 0.350389
vn 0.182859 -0.981091 0.0634188
v -1.13043 -0.151831 -0.0857375 0.319768 0.534786 0.364327
vn 0.796019 -0.583976 0.15914
v -1.10817 -0.123532 -0.0857375 0.319768 0.534786 0.364327
vn 0.826241 -0.557728 0.0791585
v -1.08804 -0.0890255 -0.0857375 0.319768 0.534786 0.364327
vn 0.902122 -0.428371 0.0517061
v -1.06309 -0.0262203 -0.0857375 0.319768 0.534786 0.364327
vn 0.972902 -0.222809 0.0617893
v -1.04812 0.0365844 -0.0857375 0.319768 0.534786 0.364327
vn 0.981714 -0.169517 0.0866105
v -1.04536 0.0764627 -0.0857375 0.319768 0.534786 0.364327
vn 0.953379 -0.186006 0.237634
v -1.04346 0.0993896 -0.0857375 0.360241 0.589989 0.198667
vn 0.935826 -0.0125025 0.352242
v -1.04422 0.162195 -0.0857375 0.360241 0.589989 0.198667
vn 0.837977 -0.206706 0.505041
v -1.04001 0.224999 -0.0857375 0.360241 0.589989 0.198667
vn 0.752115 -0.269734 0.601304
v -1.37574 -0.52866 -0.0857375 0.218236 0.420397 0.154155
vn 0.881341 -0.269067 0.388383
v -1.32215 -0.40305 -0.0857375 0.218236 0.420397 0.154155
vn 0.856905 -0.426456 0.289565
v -1.29658 -0.369007 -0.0857375 0.218236 0.420397 0.154155
vn 0.824792 -0.53384 0.186368
v -1.24634 -0.277441 -0.0857375 0.305719 0.540827 0.352821
vn 0.77451 -0.555055 0.303395
v -1.17097 -0.201761 -0.0857375 0.319768 0.534786 0.364327
vn 0.696755 -0.70703 0.121003
v -0.542921 -0.144086 -0.0857375 0.127291 0.621672 0.205868
vn -0.777589 -0.613224 0.138967
v -0.588816 -0.0262203 -0.0857375 0.127291 0.621672 0.205868
vn -0.90598 -0.393629 0.155743
v -0.63551 0.0993896 -0.0857375 0.127291 0.621672 0.205868
vn -0.927085 -0.354449 0.121984
v -0.668531 0.172354 -0.0857375 0.127291 0.621672 0.205868
vn -0.88722 -0.437246 0.147164
v -0.686983 0.224999 -0.0857375 0.127291 0.621672 0.205868
vn -0.792505 -0.558285 0.245467
v -1.00262 0.35061 -0.0857375 0.0612774 0.533273 0.363017
vn 0.74947 -0.572287 0.332838
v -0.919751 0.395415 -0.0857375 0.0612774 0.533273 0.363017
vn 0.244982 -0.89395 0.375283
v -0.794141 0.353708 -0.0857375 0.0612774 0.533273 0.363017
vn -0.333321 -0.873431 0.354986
v -0.790504 0.35061 -0.0857375 0.192684 0.529843 0.304466
vn -0.837915 -0.536448 0.100607
v -1.29658 -0.40305 -0.1446 0.218236 0.420397 0.154155
vn 0.809357 -0.392921 0.436525
v -1.04536 -0.0262203 -0.190618 0.319768 0.534786 0.364327
vn 0.930281 -0.274318 0.243571
v -0.542921 -0.151831 -0.109181 0.127291 0.621672 0.205868
vn -0.77847 -0.541652 0.317172
v -0.668531 0.0993896 -0.181167 0.127291 0.621672 0.205868
vn -0.795254 -0.455391 0.400238
v -0.919751 0.35061 -0.144305 0.0612774 0.533273 0.363017
vn 0.227157 -0.596128 0.770085
v -0.794141 0.35061 -0.0908315 0.0612774 0.533273 0.363017
vn -0.454171 -0.666393 0.591312
v -1.12505 -0.151831 -0.0229325 0.319768 0.534786 0.364327
vn 0.718451 -0.688358 -0.0999576
v -1.10817 -0.135951 -0.0229325 0.319768 0.534786 0.364327
vn 0.783113 -0.598121 -0.170251
v -1.07331 -0.0890255 -0.0229325 0.319768 0.534786 0.364327
vn 0.813569 -0.462775 -0.352057
v -1.05303 -0.0262203 -0.0229325 0.319768 0.534786 0.364327
vn 0.9384 -0.197488 -0.283556
v -1.05779 0.0365844 -0.0229325 0.319768 0.534786 0.364327
vn 0.997754 0.0559163 0.0368734
v -1.06156 0.0993896 -0.0229325 0.319768 0.534786 0.364327
vn 0.897679 0.171907 0.405734
v -1.07034 0.162195 -0.0229325 0.319768 0.534786 0.364327
vn 0.810797 0.00111449 0.585326
v -1.05814 0.224999 -0.0229325 0.319768 0.534786 0.364327
vn 0.769789 -0.212144 0.602013
v -1.04536 0.252841 -0.0229325 0.164974 0.530711 0.291628
vn 0.825675 -0.389076 0.408511
v -1.04536 0.0993896 -0.0823647 0.319768 0.534786 0.364327
vn 0.958694 -0.00436638 0.284406
v -1.04536 0.162195 -0.0843 0.319768 0.534786 0.364327
vn 0.937711 0.019128 0.34689
v -1.04536 0.224999 -0.0714647 0.319768 0.534786 0.364327
vn 0.931019 -0.180414 0.31726
v -1.09393 -0.151831 0.0398725 0.319768 0.534786 0.364327
vn 0.511831 -0.815348 -0.270623
v -1.04536 -0.107077 0.0398725 0.319768 0.534786 0.364327
vn 0.575216 -0.628784 -0.523218
v -1.03276 -0.0890255 0.0398725 0.319768 0.534786 0.364327
vn 0.682171 -0.315249 -0.659743
v -1.00195 -0.0262203 0.0398725 0.319768 0.534786 0.364327
vn 0.602097 0.167198 -0.780721
v -1.04536 0.00188875 0.0398725 0.319768 0.534786 0.364327
vn 0.647145 0.659427 -0.382569
v -1.06248 0.0365844 0.0398725 0.319768 0.534786 0.364327
vn 0.857061 0.514902 0.0179547
v -1.10817 0.080667 0.0398725 0.319768 0.534786 0.364327
vn 0.759901 0.650039 0
v -1.1162 0.0993896 0.0398725 0.319768 0.534786 0.364327
vn 0.996934 0.0782417 0
v -1.11763 0.162195 0.0398725 0.319768 0.534786 0.364327
vn 0.992858 0.0609503 0.102556
v -1.1238 0.224999 0.0398725 0.319768 0.534786 0.364327
vn 0.987725 0.0252 0.154157
v -1.10817 0.255319 0.0398725 0.164974 0.530711 0.291628
vn 0.698089 -0.639588 0.321867
v -1.06861 0.287805 0.0398725 0.164974 0.530711 0.291628
vn 0.642978 -0.738188 0.204104
v -1.04536 0.305776 0.0398725 0.164974 0.530711 0.291628
vn 0.621654 -0.777587 0.0943606
v -0.988852 0.35061 0.0398725 0.217031 0.529427 0.255331
vn 0.71831 -0.692226 0.0696736
v -1.10817 -0.151831 0.00709271 0.319768 0.534786 0.364327
vn 0.634639 -0.687667 -0.352629
v -1.04536 -0.0890255 0.0154924 0.319768 0.534786 0.364327
vn 0.760853 -0.421682 -0.493241
v -1.04536 -0.0262203 -0.00705355 0.319768 0.534786 0.364327
vn 0.877847 0.062223 -0.474883
v -1.10817 0.0993896 0.0198108 0.319768 0.534786 0.364327
vn 0.696172 0.299548 0.652393
v -1.10817 0.162195 0.0169497 0.319768 0.534786 0.364327
vn 0.816563 0.0488417 0.575186
v -1.10817 0.224999 0.00884384 0.319768 0.534786 0.364327
vn 0.718154 -0.16507 0.676023
v -1.04536 0.287805 -0.00141233 0.164974 0.530711 0.291628
vn 0.813357 -0.56361 0.144198
v -1.42025 -0.52866 0.0398725 0.218236 0.420397 0.154155
vn 0.89655 -0.332488 0.292659
v -1.3573 -0.40305 0.0398725 0.218236 0.420397 0.154155
vn 0.837897 -0.522323 0.158449
v -1.29658 -0.334915 0.0398725 0.218236 0.420397 0.154155
vn 0.768022 -0.638054 0.055036
v -1.26794 -0.277441 0.0398725 0.305719 0.540827 0.352821
vn 0.734009 -0.679073 -0.00949242
v -1.17097 -0.206913 0.0398725 0.319768 0.534786 0.364327
vn 0.60902 -0.785936 -0.106767
v -0.542921 -0.118052 0.0398725 0.127291 0.621672 0.205868
vn -0.72408 -0.580654 0.372222
v -0.578767 -0.0262203 0.0398725 0.127291 0.621672 0.205868
vn -0.823224 -0.566833 0.031682
v -0.653577 0.0993896 0.0398725 0.127291 0.621672 0.205868
vn -0.891337 -0.441276 -0.103894
v -0.668531 0.121152 0.0398725 0.127291 0.621672 0.205868
vn -0.880017 -0.0527898 -0.472
v -0.708598 0.224999 0.0398725 0.127291 0.621672 0.205868
vn -0.908562 -0.411465 -0.0721924
v -0.919751 0.451488 0.0398725 0.0612774 0.533273 0.363017
vn 0.192954 -0.943974 0.267735
v -0.794141 0.398851 0.0398725 0.0612774 0.533273 0.363017
vn -0.491052 -0.857271 0.154773
v -0.751824 0.35061 0.0398725 0.192684 0.529843 0.304466
vn -0.913001 -0.404143 0.0556539
v -1.61955 -1.28232 0.0398725 0.351644 0.506764 0.350389
vn 0.877319 -0.465658 0.116077
v -1.5478 -1.0829 0.0398725 0.351644 0.506764 0.350389
vn 0.933691 -0.308786 0.181306
v -1.53382 -1.0311 0.0398725 0.351644 0.506764 0.350389
vn 0.923659 -0.262947 0.27877
v -1.49059 -0.779881 0.0398725 0.351644 0.506764 0.350389
vn 0.937212 -0.218278 0.272009
v -0.0404806 -0.902153 0.0398725 0.351644 0.506764 0.350389
vn -0.562086 -0.81839 -0.119567
v -0.138667 -0.779881 0.0398725 0.351644 0.506764 0.350389
vn -0.812672 -0.579369 0.0624196
v 0.210739 -1.02657 0.0398725 0.351644 0.506764 0.350389
vn -0.172412 -0.976381 -0.130211
v -0.291701 -0.504055 0.0398725 0.305719 0.540827 0.352821
vn -0.930333 -0.350289 0.108531
v -0.368249 -0.277441 0.0398725 0.305719 0.540827 0.352821
vn -0.841282 -0.45922 0.285239
v -0.27366 -0.52866 0.0398725 0.309831 0.526175 0.358745
vn -0.900029 -0.431194 0.0634049
v -0.291701 -0.52866 -0.0308844 0.305719 0.540827 0.352821
vn -0.875979 -0.410703 0.252951
v -1.03904 -0.151831 0.102678 0.239412 0.485724 0.378438
vn 0.451247 -0.775068 -0.442318
v -0.982556 -0.116202 0.102678 0.239412 0.485724 0.378438
vn 0.533908 -0.66404 -0.523443
v -0.961239 -0.0890255 0.102678 0.239412 0.485724 0.378438
vn 0.664641 -0.607058 -0.435583
v -0.919751 -0.0485048 0.102678 0.239217 0.48627 0.380377
vn 0.55362 -0.638253 -0.534919
v -0.907254 -0.0262203 0.102678 0.250751 0.454009 0.265774
vn 0.997485 0 -0.070882
v -1.04536 0.0300059 0.102678 0.277551 0.442044 0.347859
vn 0 0.913798 -0.40617
v -1.04973 0.0365844 0.102678 0.277551 0.442044 0.347859
vn 0.85897 0.401384 -0.317901
v -1.08051 0.0993896 0.102678 0.274534 0.439238 0.34512
vn 0.79285 0.307182 -0.526334
v -1.09935 0.162195 0.102678 0.404843 0.556547 0.464992
vn 0.709512 0.259462 -0.655189
v -1.10817 0.175004 0.102678 0.295414 0.479346 0.315497
vn 0.667581 0.386531 -0.636341
v -1.13311 0.224999 0.102678 0.295414 0.479346 0.315497
vn 0.990423 -0.0512415 -0.128208
v -0.993292 0.0365844 0.102678 0.868022 0.553091 0.204988
vn 0.122026 0.872762 -0.472648
v -0.919751 -0.00639677 0.102678 0.121541 0.372126 0.340711
vn 0.530339 0.819914 -0.215594
v -0.980273 0.0365844 0.102678 0.121541 0.372126 0.340711
vn 0.437305 0.611477 -0.659439
v -0.982556 0.0376358 0.102678 0.4137 0.556814 0.329137
vn 0 1 0
v -1.10817 0.258551 0.102678 0.164974 0.530711 0.291628
vn 0.659913 -0.713937 -0.234111
v -1.06419 0.287805 0.102678 0.164974 0.530711 0.291628
vn 0.588047 -0.79639 -0.141293
v -1.04536 0.304926 0.102678 0.164974 0.530711 0.291628
vn 0.579985 -0.762596 -0.286469
v -0.990213 0.35061 0.102678 0.217031 0.529427 0.255331
vn 0.811725 -0.582934 -0.0359211
v -1.04536 -0.151831 0.0947645 0.508583 0.632372 0.643692
vn 0.383089 -0.818037 -0.42902
v -0.982556 -0.0890255 0.0788502 0.239412 0.485724 0.378438
vn 0.555432 -0.415072 -0.720563
v -0.982556 -0.0262203 0.0491464 0.239412 0.485724 0.378438
vn 0.407236 0.170476 -0.897272
v -0.919751 -0.0262203 0.0508319 0.239217 0.48627 0.380377
vn 0.579404 0 -0.815041
v -1.10817 0.0993896 0.06243 0.277551 0.442044 0.347859
vn 0.771001 0.410255 -0.487082
v -1.10817 0.162195 0.0770919 0.404843 0.556547 0.464992
vn 0.950187 0.20957 -0.230708
v -0.982556 0.0365844 0.100991 0.868022 0.553091 0.204988
vn 0 0.642432 -0.766343
v -0.977845 -0.151831 0.165483 0.239412 0.485724 0.378438
vn 0.605146 -0.758613 -0.241463
v -0.920522 -0.0890255 0.165483 0.239412 0.485724 0.378438
vn 0.755599 -0.595682 -0.272459
v -0.919751 -0.0859098 0.165483 0.239412 0.485724 0.378438
vn 0.917373 -0.365637 -0.15728
v -0.910381 -0.0262203 0.165483 0.250751 0.454009 0.265774
vn 0.981977 -0.149524 -0.115603
v -1.04536 0.194035 0.165483 0.622298 0.710087 0.761599
vn 0.662189 0.443988 -0.603639
v -1.065 0.224999 0.165483 0.622298 0.710087 0.761599
vn 0.762584 -0.19009 -0.618329
v -0.982556 0.0299745 0.165483 0.4137 0.556814 0.329137
vn 0.488392 0.869775 -0.0704644
v -1.01079 0.0365844 0.165483 0.4137 0.556814 0.329137
vn 0.672432 0.740033 0.0136489
v -0.919751 -0.0159888 0.165483 0.475235 0.627982 0.469725
vn 0.671588 0.723688 -0.158886
v -0.995437 0.0993896 0.165483 0.147932 0.609642 0.163517
vn 0.90806 0.168577 -0.383418
v -0.919751 0.0791144 0.165483 0.4137 0.556814 0.329137
vn 0.0588571 -0.996626 -0.0572017
v -0.976938 0.0993896 0.165483 0.4137 0.556814 0.329137
vn -0.991715 -0.120126 -0.0455006
v -0.901074 0.0993896 0.165483 0.288832 0.52754 0.347053
vn 0.996792 0.074827 -0.0284039
v -0.794141 0.0854583 0.165483 0.288832 0.52754 0.347053
vn -0.235257 -0.920198 0.312874
v -0.802685 0.0993896 0.165483 0.288832 0.52754 0.347053
vn -1 0 0
v -1.02703 0.162195 0.165483 0.478222 0.627341 0.631059
vn 0.971016 -0.0192263 -0.238238
v -0.919751 0.117359 0.165483 0.454805 0.615001 0.595943
vn -0.0352139 0.99928 -0.0141087
v -0.794141 0.134708 0.165483 0.288832 0.52754 0.347053
vn -0.76628 0.641157 0.0416241
v -1.04536 0.268864 0.165483 0.164974 0.530711 0.291628
vn 0.787814 -0.593211 -0.16568
v -0.996876 0.287805 0.165483 0.217031 0.529427 0.255331
vn 0.86829 -0.479815 0.125898
v -0.991377 0.35061 0.165483 0.217031 0.529427 0.255331
vn 0.793391 -0.584342 0.170516
v -0.982556 -0.151831 0.158837 0.239412 0.485724 0.378438
vn 0.563126 -0.702704 -0.434853
v -1.04536 0.0365844 0.11793 0.277551 0.442044 0.347859
vn 0.548091 0.524738 -0.651341
v -1.04536 0.0993896 0.14853 0.277551 0.442044 0.347859
vn 0.616164 0.193716 -0.763424
v -1.04536 0.162195 0.145104 0.404843 0.556547 0.464992
vn 0.619204 0.217076 -0.754629
v -1.10817 0.224999 0.126723 0.404843 0.556547 0.464992
vn 0.660868 0.00198658 -0.7505
v -0.982556 0.0365844 0.107383 0.4137 0.556814 0.329137
vn 0.435848 0.894464 0.0998551
v -0.919751 0.0993896 0.149899 0.4137 0.556814 0.329137
vn 0 0 -1
v -0.794141 0.0993896 0.139986 0.288832 0.52754 0.347053
vn -0.484967 -0.62844 -0.608169
v -1.04536 0.287805 0.136655 0.164974 0.530711 0.291628
vn 0.558508 -0.634046 -0.534841
v -1.44289 -0.52866 0.165483 0.218236 0.420397 0.154155
vn 0.943263 -0.300052 0.142206
v -1.42219 -0.499163 0.165483 0.218236 0.420397 0.154155
vn 0.867156 -0.49159 0.0798756
v -1.37262 -0.40305 0.165483 0.218236 0.420397 0.154155
vn 0.765459 -0.642875 -0.0280051
v -1.29658 -0.347622 0.165483 0.218236 0.420397 0.154155
vn 0.795332 -0.60493 0.0388037
v -1.24638 -0.277441 0.165483 0.305719 0.540827 0.352821
vn 0.564113 -0.823597 -0.0588574
v -1.17097 -0.227786 0.165483 0.508583 0.632372 0.643692
vn 0.456977 -0.835752 -0.304452
v -1.04536 -0.188609 0.165483 0.508583 0.632372 0.643692
vn 0.398353 -0.81237 -0.425876
v -0.668531 0.0521932 0.165483 0.106068 0.631288 0.188388
vn -0.470811 -0.877143 0.0946383
v -0.542921 0.00537348 0.165483 0.106068 0.631288 0.188388
vn -0.443644 -0.78153 0.438623
v -0.731755 0.224999 0.165483 0.106068 0.631288 0.188388
vn -0.987014 -0.153435 0.0475582
v -0.919751 0.46629 0.165483 0.217031 0.529427 0.255331
vn 0.0865083 -0.996061 -0.0194858
v -0.794141 0.404732 0.165483 0.217031 0.529427 0.255331
vn -0.612597 -0.790379 -0.00513229
v -0.75197 0.35061 0.165483 0.192684 0.529843 0.304466
vn -0.944709 -0.32791 0.000441112
v -1.42219 -0.52866 0.0505835 0.218236 0.420397 0.154155
vn 0.924072 -0.350211 0.15311
v -0.542921 -0.0262203 0.114688 0.127291 0.621672 0.205868
vn -0.617672 -0.675866 0.402103
v -0.668531 0.0993896 0.0532498 0.106068 0.631288 0.188388
vn -0.590698 -0.704546 -0.393307
v -0.954844 -0.151831 0.228288 0.250751 0.454009 0.265774
vn 0.689707 -0.69021 -0.218895
v -0.919751 -0.0891352 0.228288 0.250751 0.454009 0.265774
vn 0.862479 -0.482538 -0.1526
v -0.919706 -0.0890255 0.228288 0.250751 0.454009 0.265774
vn 0.954109 -0.296501 0.0419856
v -0.887609 -0.0262203 0.228288 0.250751 0.454009 0.265774
vn 0.998115 0.0393389 -0.0471023
v -1.04536 0.0831542 0.228288 0.36979 0.527834 0.431584
vn 0.694751 0.698371 -0.172044
v -1.06017 0.0993896 0.228288 0.36979 0.527834 0.431584
vn 1 0 0
v -1.04536 0.128768 0.228288 0.36979 0.527834 0.431584
vn 0.707493 -0.644091 -0.290861
v -0.919751 0.0169477 0.228288 0.184214 0.459339 0.337927
vn 0.654706 0.720786 -0.227658
v -0.978181 0.0365844 0.228288 0.184214 0.459339 0.337927
vn 0.18533 0.926558 -0.327328
v -0.982556 0.0414743 0.228288 0.150995 0.577907 0.380072
vn 0.65631 0.683995 -0.318446
v -0.919751 0.0935702 0.228288 0.178649 0.488204 0.320679
vn -0.214383 -0.953029 -0.213955
v -0.926238 0.0993896 0.228288 0.178649 0.488204 0.320679
vn -0.672419 0.723196 0.157608
v -0.9159 0.0993896 0.228288 0.288832 0.52754 0.347053
vn 0.900025 -0.430513 0.0679224
v -0.986351 0.162195 0.228288 0.342549 0.561774 0.36141
vn 0.823074 -0.256777 -0.506572
v -0.919751 0.102955 0.228288 0.138346 0.595256 0.123488
vn 0.560875 0.822163 -0.0973033
v -1.01534 0.224999 0.228288 0.342549 0.561774 0.36141
vn 0.836896 0.419653 -0.351421
v -1.04536 0.300675 0.228288 0.164974 0.530711 0.291628
vn 0.724995 0.50254 0.470995
v -1.07425 0.35061 0.228288 0.164974 0.530711 0.291628
vn 0.679913 -0.158553 0.715947
v -1.03908 0.287805 0.228288 0.246603 0.664539 0.39775
vn 0.990411 0.122644 -0.0635901
v -0.919751 -0.0890255 0.224788 0.250751 0.454009 0.265774
vn 0.918601 -0.377236 -0.117754
v -1.04536 0.0993896 0.177216 0.36979 0.527834 0.431584
vn 0.798382 0.0757198 0.597371
v -1.04536 0.224999 0.197078 0.36979 0.527834 0.431584
vn 0.874361 0.150832 -0.46124
v -0.982556 0.0365844 0.219519 0.178649 0.488204 0.320679
vn 0.417996 0.883114 -0.213045
v -0.794141 0.0993896 0.205394 0.288832 0.52754 0.347053
vn -0.457134 0 0.889398
v -1.04536 0.35061 0.209585 0.164974 0.530711 0.291628
vn 0.378361 -0.59738 0.707093
v -0.945588 -0.151831 0.291093 0.250751 0.454009 0.265774
vn 0.743021 -0.663508 -0.0876146
v -0.919751 -0.109994 0.291093 0.250751 0.454009 0.265774
vn 0.879904 -0.468441 -0.0795741
v -0.910162 -0.0890255 0.291093 0.250751 0.454009 0.265774
vn 0.986943 -0.150121 -0.0583646
v -0.907008 -0.0262203 0.291093 0.250751 0.454009 0.265774
vn 0.973941 -0.18456 -0.131823
v -0.982556 0.0490484 0.291093 0.172759 0.425759 0.366974
vn 0.10827 0.766436 -0.63313
v -1.01331 0.0993896 0.291093 0.172759 0.425759 0.366974
vn 0.845858 -0.0454748 -0.531465
v -0.931965 0.0993896 0.291093 0.224198 0.625489 0.266607
vn -0.641342 0.133015 -0.755637
v -0.877707 0.0365844 0.291093 0.288832 0.52754 0.347053
vn 0.877935 -0.151196 -0.454279
v -0.892025 0.0993896 0.291093 0.288832 0.52754 0.347053
vn 0.794115 0.305531 -0.525387
v -0.982556 0.150164 0.291093 0.342549 0.561774 0.36141
vn 0.352386 -0.599201 -0.718875
v -0.919751 0.12718 0.291093 0.342549 0.561774 0.36141
vn 0.278312 0.716026 -0.640194
v -0.955057 0.162195 0.291093 0.342549 0.561774 0.36141
vn 0.497001 0.436758 -0.749822
v -0.982556 0.18015 0.291093 0.449666 0.547237 0.482823
vn 0.772494 0.56757 -0.284811
v -1.01003 0.224999 0.291093 0.449666 0.547237 0.482823
vn 0.873404 0.410175 -0.26253
v -1.10817 0.328922 0.291093 0.164974 0.530711 0.291628
vn 0.652368 0.757725 0.0164149
v -1.12606 0.35061 0.291093 0.164974 0.530711 0.291628
vn 0.859466 -0.511192 0
v -1.04536 0.289586 0.291093 0.164974 0.530711 0.291628
vn 0.640733 0.752551 -0.152078
v -1.03981 0.287805 0.291093 0.217642 0.529412 0.254905
vn 0.771735 0.590025 -0.237268
v -1.04536 0.0993896 0.250582 0.36979 0.527834 0.431584
vn 0.675861 0.486258 -0.553864
v -0.919751 0.0365844 0.24758 0.136354 0.486403 0.156803
vn 0.375483 0.372055 -0.848874
v -0.982556 0.162195 0.237738 0.342549 0.561774 0.36141
vn 0.868577 -0.298252 -0.395753
v -1.10817 0.35061 0.262731 0.164974 0.530711 0.291628
vn 0.701131 -0.417018 0.578369
v -1.45117 -0.52866 0.291093 0.218236 0.420397 0.154155
vn 0.925142 -0.37493 0.0594949
v -1.42219 -0.494154 0.291093 0.218236 0.420397 0.154155
vn 0.7981 -0.602255 -0.0180341
v -1.34584 -0.40305 0.291093 0.218236 0.420397 0.154155
vn 0.789084 -0.60962 -0.0755625
v -1.42219 -0.322241 0.291093 0.218236 0.420397 0.154155
vn 0.0473392 0.998879 0
v -1.43469 -0.277441 0.291093 0.218236 0.420397 0.154155
vn 1 0 0
v -1.42219 -0.268977 0.291093 0.203922 0.419608 0.152941
vn 0.00100265 -0.999982 0.00598497
v -1.29658 -0.277179 0.291093 0.203922 0.419608 0.152941
vn -0.0605878 -0.930341 -0.361656
v -1.17097 -0.342957 0.291093 0.305719 0.540827 0.352821
vn 0.120592 -0.846477 -0.518589
v -1.29569 -0.277441 0.291093 0.305719 0.540827 0.352821
vn -0.353143 -0.677352 -0.645356
v -1.09907 -0.277441 0.291093 0.305719 0.540827 0.352821
vn 0.461481 -0.764447 -0.450173
v -1.04536 -0.250657 0.291093 0.529233 0.643045 0.674245
vn 0.617841 -0.742936 -0.257523
v -0.542921 0.0479589 0.291093 0.106068 0.631288 0.188388
vn -0.560074 -0.745283 0.361761
v -0.595899 0.0993896 0.291093 0.106068 0.631288 0.188388
vn -0.569775 -0.741642 0.354012
v -0.668531 0.178421 0.291093 0.106068 0.631288 0.188388
vn -0.795514 -0.542244 0.270423
v -0.706504 0.224999 0.291093 0.106068 0.631288 0.188388
vn -0.829405 -0.511046 -0.225653
v -1.04536 0.434516 0.291093 0.164974 0.530711 0.291628
vn 0.356205 -0.925912 -0.125722
v -0.919751 0.443737 0.291093 0.217031 0.529427 0.255331
vn 0.122347 -0.969966 -0.21023
v -0.794141 0.396778 0.291093 0.217031 0.529427 0.255331
vn -0.420872 -0.869409 -0.258834
v -0.751707 0.35061 0.291093 0.192684 0.529843 0.304466
vn -0.910057 -0.409203 -0.0659483
v -1.42219 -0.277441 0.272305 0.218236 0.420397 0.154155
vn 0.00978174 0 0.999952
v -1.29658 -0.277441 0.289742 0.218236 0.420397 0.154155
vn 0.536521 -0.572218 0.620251
v -1.17097 -0.277441 0.228042 0.305719 0.540827 0.352821
vn 0.188803 -0.848171 -0.494934
v -0.668531 0.0993896 0.234435 0.105884 0.631372 0.188236
vn -0.51534 -0.476112 0.712561
v -1.65615 -1.28232 0.291093 0.351644 0.506764 0.350389
vn 0.934161 -0.335143 0.122565
v -1.58711 -1.0311 0.291093 0.351644 0.506764 0.350389
vn 0.957619 -0.246637 0.148783
v -1.5478 -0.861638 0.291093 0.351644 0.506764 0.350389
vn 0.969342 -0.192224 0.153059
v -1.5366 -0.779881 0.291093 0.351644 0.506764 0.350389
vn 0.955166 -0.263641 0.13473
v 0.210739 -1.07091 0.291093 0.351644 0.506764 0.350389
vn -0.178498 -0.952014 -0.248613
v 0.118358 -1.0311 0.291093 0.351644 0.506764 0.350389
vn -0.426414 -0.882126 -0.200063
v -0.0404806 -0.950779 0.291093 0.351644 0.506764 0.350389
vn -0.725117 -0.667949 -0.167477
v -0.150322 -0.779881 0.291093 0.351644 0.506764 0.350389
vn -0.88139 -0.46894 -0.0569821
v -0.291701 -0.428901 0.291093 0.305719 0.540827 0.352821
vn -0.956329 -0.287573 0.0523149
v -0.321631 -0.277441 0.291093 0.305719 0.540827 0.352821
vn -0.947563 -0.307542 0.0868478
v -0.422395 -0.0262203 0.291093 0.127291 0.621672 0.205868
vn -0.825059 -0.520112 0.220821
v -0.247835 -0.52866 0.291093 0.309831 0.526175 0.358745
vn -0.936747 -0.34926 -0.0228568
v -1.5478 -1.0311 0.0954269 0.351644 0.506764 0.350389
vn 0.957073 -0.218942 0.189935
v 0.210739 -1.0311 0.0658558 0.351644 0.506764 0.350389
vn -0.222593 -0.958895 -0.175993
v 0.71318 -1.10308 0.291093 0.351644 0.506764 0.350389
vn 0.111254 -0.990977 -0.0747538
v -5.3161 -3.25441 0.291093 0.351644 0.506764 0.350389
vn 0.0634177 -0.984991 0.160532
v 1.21562 -0.952049 0.291093 0.351644 0.506764 0.350389
vn 0.39691 -0.911158 0.110691
v 1.56518 -0.779881 0.291093 0.351644 0.506764 0.350389
vn 0.410037 -0.899569 0.150481
v 2.72294 -0.20912 0.291093 0.257644 0.531446 0.259643
vn 0.363351 -0.865132 0.34572
v -4.81366 -3.22121 0.291093 0.351644 0.506764 0.350389
vn 0.132765 -0.9809 0.142159
v -4.31122 -3.11916 0.291093 0.351644 0.506764 0.350389
vn 0.260641 -0.957071 0.126815
v 3.22538 0.00764799 0.291093 0.257644 0.531446 0.259643
vn 0.378217 -0.884048 0.274612
v -3.80878 -2.94492 0.291093 0.351644 0.506764 0.350389
vn 0.3707 -0.922667 0.106147
v 1.71806 -0.703905 0.291093 0.334204 0.514034 0.34545
vn 0.444008 -0.854198 0.270559
v -3.50181 -2.78964 0.291093 0.351644 0.506764 0.350389
vn 0.424664 -0.901638 0.0819161
v 3.72782 0.220471 0.291093 0.257644 0.531446 0.259643
vn 0.398289 -0.897584 0.188969
v 2.2205 -0.451102 0.291093 0.334204 0.514034 0.34545
vn 0.431085 -0.846389 0.312717
v 2.58829 -0.277441 0.291093 0.334204 0.514034 0.34545
vn 0.383795 -0.843895 0.374891
v 3.73958 0.224999 0.291093 0.257644 0.531446 0.259643
vn 0.394496 -0.906467 0.150633
v -3.30634 -2.71485 0.291093 0.351644 0.506764 0.350389
vn 0.423624 -0.90417 0.0549514
v -2.8039 -2.44852 0.291093 0.351644 0.506764 0.350389
vn 0.508304 -0.860615 0.0311192
v -2.5835 -2.2872 0.291093 0.351644 0.506764 0.350389
vn 0.566286 -0.82415 0.00981431
v -2.30146 -2.09919 0.291093 0.351644 0.506764 0.350389
vn 0.650297 -0.759671 -0.0037991
v 4.23026 0.4253 0.291093 0.257644 0.531446 0.259643
vn 0.358828 -0.917558 0.171258
v -1.99655 -1.78476 0.291093 0.351644 0.506764 0.350389
vn 0.717706 -0.696345 0.00118747
v -1.79902 -1.57064 0.291093 0.351644 0.506764 0.350389
vn 0.843965 -0.535104 0.0372407
v 4.7327 0.639217 0.291093 0.257644 0.531446 0.259643
vn 0.396685 -0.911414 0.109384
v 4.93955 0.727439 0.291093 0.257644 0.531446 0.259643
vn 0.424471 -0.901027 0.0892974
v 5.23514 0.870632 0.291093 0.257644 0.531446 0.259643
vn 0.426693 -0.901252 0.0753447
v 5.73758 1.12025 0.291093 0.257644 0.531446 0.259643
vn 0.448583 -0.892618 0.0447802
v 5.95591 1.22988 0.291093 0.257644 0.531446 0.259643
vn 0.474861 -0.879524 0.0307186
v 6.24002 1.38852 0.291093 0.257644 0.531446 0.259643
vn 0.485704 -0.873647 0.0288528
v 6.74246 1.67189 0.291093 0.257644 0.531446 0.259643
vn 0.492457 -0.870218 0.0143864
v 6.8511 1.73232 0.291093 0.257644 0.531446 0.259643
vn 0.529132 -0.84844 0.0129868
v 7.2449 1.98848 0.291093 0.257644 0.531446 0.259643
vn 0.543203 -0.83954 0.01015
v 7.62733 2.23476 0.291093 0.257644 0.531446 0.259643
vn 0.553361 -0.832904 0.0079058
v 7.74734 2.32229 0.291093 0.257644 0.531446 0.259643
vn 0.577889 -0.815958 0.0160302
v 8.24978 2.66756 0.291093 0.257644 0.531446 0.259643
vn 0.561786 -0.826881 0.0257799
v 8.36123 2.7372 0.291093 0.257644 0.531446 0.259643
vn 0.529693 -0.847698 0.0288712
v 1.71806 -0.779881 -0.156454 0.351644 0.506764 0.350389
vn 0.373992 -0.916133 0.144323
v 2.72294 -0.277441 0.0205137 0.257644 0.531446 0.259643
vn 0.409009 -0.88452 0.224358
v -5.3161 -3.29208 -0.0265453 0.351644 0.506764 0.350389
vn 0.0695607 -0.989931 0.12328
v -0.940032 -0.151831 0.353898 0.585631 0.668018 0.703312
vn 0.785779 -0.599784 -0.151032
v -0.919751 -0.107058 0.353898 0.585631 0.668018 0.703312
vn 0.91593 -0.401234 0.00913072
v -0.912278 -0.0890255 0.353898 0.585631 0.668018 0.703312
vn 0.951959 -0.29921 -0.0651753
v -0.887548 -0.0262203 0.353898 0.585631 0.668018 0.703312
vn 0.903656 -0.371944 -0.212284
v -0.870161 0.0365844 0.353898 0.67214 0.207058 0.172824
vn 0.916572 -0.324632 -0.233475
v -0.856946 0.0740867 0.353898 0.67214 0.207058 0.172824
vn 0.832982 -0.357404 -0.422379
v -0.824913 0.0993896 0.353898 0.67214 0.207058 0.172824
vn 0.578597 -0.306343 -0.755897
v -0.919751 0.214806 0.353898 0.352944 0.427645 0.30399
vn 0.310281 0.583783 -0.750282
v -0.931726 0.224999 0.353898 0.352944 0.427645 0.30399
vn 0.378763 0.781633 -0.495569
v -0.833709 0.162195 0.353898 0.174342 0.408457 0.374223
vn 0.438513 0.0961391 -0.893568
v -0.856946 0.189068 0.353898 0.174342 0.408457 0.374223
vn 0.14228 0.555688 -0.819126
v -1.04536 0.298489 0.353898 0.243137 0.435294 0.215687
vn 0.920609 0.35145 -0.170183
v -1.07346 0.35061 0.353898 0.243137 0.435294 0.215687
vn 0.763082 0.10001 -0.638517
v -0.982556 0.26122 0.353898 0.490597 0.601902 0.645924
vn 0.679421 0.724018 0.119102
v -1.03098 0.287805 0.353898 0.490597 0.601902 0.645924
vn 0.511629 0.705431 0.490512
v -0.982556 0.0993896 0.322931 0.352944 0.427645 0.30399
vn 0 0 -1
v -0.856946 0.0993896 0.339792 0.67214 0.207058 0.172824
vn 0.637536 0.179708 -0.749168
v -0.919751 0.162195 0.326525 0.352944 0.427645 0.30399
vn 0.460734 0.48212 -0.745174
v -0.982556 0.224999 0.338437 0.352944 0.427645 0.30399
vn 0.533415 0.507597 -0.67662
v -0.856946 0.162195 0.345445 0.174342 0.408457 0.374223
vn 0.266977 0.247843 -0.931288
v -1.10817 0.35061 0.31719 0.24316 0.435315 0.215743
vn 0.697525 -0.414873 -0.584243
v -0.938905 -0.151831 0.416703 0.585631 0.668018 0.703312
vn 0.87219 -0.481062 -0.0886823
v -0.919751 -0.103574 0.416703 0.585631 0.668018 0.703312
vn 0.979838 -0.199514 -0.0105971
v -0.911877 -0.0890255 0.416703 0.585631 0.668018 0.703312
vn 0.884863 -0.425368 0.189947
v -0.878047 -0.0262203 0.416703 0.585631 0.668018 0.703312
vn 0.816879 -0.501913 0.28424
v -1.04536 0.182948 0.416703 0.267037 0.614322 0.309545
vn 0.0791238 0.96495 -0.25022
v -1.09103 0.224999 0.416703 0.267037 0.614322 0.309545
vn 0.991896 0.107687 0.0674206
v -0.856946 0.000376701 0.416703 0.67214 0.207058 0.172824
vn 0.426756 -0.849325 -0.310687
v -0.827737 0.0365844 0.416703 0.682271 0.200056 0.168661
vn 0.601643 -0.525244 -0.601785
v -0.794141 0.077383 0.416703 0.67214 0.207058 0.172824
vn 0.894572 -0.331942 -0.299258
v -0.982556 0.196992 0.416703 0.352944 0.427645 0.30399
vn -0.181708 0.797986 0.574631
v -0.927618 0.224999 0.416703 0.352944 0.427645 0.30399
vn -0.381687 0.307628 -0.871596
v -1.05882 0.287805 0.416703 0.24316 0.435315 0.215743
vn 0.822432 -0.482161 -0.301871
v -1.04536 0.302906 0.416703 0.24316 0.435315 0.215743
vn 0.435487 -0.577177 -0.690809
v -0.923349 0.287805 0.416703 0.490597 0.601902 0.645924
vn -0.0988689 0.0113247 -0.995036
v -0.982556 0.303662 0.416703 0.490597 0.601902 0.645924
vn -0.0677477 -0.384651 -0.920573
v -0.919751 0.29368 0.416703 0.490597 0.601902 0.645924
vn -0.0279159 0.128191 -0.991357
v -0.930169 0.35061 0.416703 0.490597 0.601902 0.645924
vn 0.17991 -0.158011 -0.970909
v -1.04536 0.224999 0.37947 0.267037 0.614322 0.309545
vn 0.265663 0.509151 0.81865
v -0.856946 0.0365844 0.381103 0.67214 0.207058 0.172824
vn 0.759273 -0.430951 -0.487633
v -0.794141 0.0993896 0.381778 0.67214 0.207058 0.172824
vn 0.734495 -0.361858 -0.574087
v -0.982556 0.224999 0.378165 0.352944 0.427645 0.30399
vn -0.00867205 0.834022 0.551664
v -0.919751 0.224999 0.385855 0.352944 0.427645 0.30399
vn -0.0982056 0.800049 -0.591842
v -0.794141 0.162195 0.38058 0.168673 0.407848 0.376453
vn 0.462297 -0.13866 -0.875817
v -0.856946 0.224999 0.381315 0.174342 0.408457 0.374223
vn -0.180004 0.281187 -0.94262
v -0.794141 0.224999 0.379628 0.174342 0.408457 0.374223
vn -0.246916 -0.273388 -0.929673
v -1.04536 0.287805 0.369493 0.24316 0.435315 0.215743
vn 0.837822 -0.141311 0.527338
v -1.04536 0.35061 0.375113 0.24316 0.435315 0.215743
vn 0.377838 -0.562037 -0.735767
v -0.919751 0.287805 0.414953 0.490597 0.601902 0.645924
vn -0.333832 0.291637 -0.896384
v -0.982556 0.35061 0.387527 0.490597 0.601902 0.645924
vn 0.188914 -0.711227 -0.677102
v -1.45554 -0.52866 0.416703 0.81915 0.449618 0.193441
vn 0.912168 -0.409718 -0.00895877
v -1.42219 -0.486943 0.416703 0.81915 0.449618 0.193441
vn 0.724359 -0.689383 0.00748605
v -1.33081 -0.40305 0.416703 0.81915 0.449618 0.193441
vn 0.574399 -0.814635 -0.0802207
v -1.29658 -0.39296 0.416703 0.81915 0.449618 0.193441
vn 0.204201 -0.864342 -0.459581
v -1.17097 -0.378358 0.416703 0.358557 0.549679 0.410442
vn 0.317704 -0.91852 -0.235339
v -1.04536 -0.320221 0.416703 0.358557 0.549679 0.410442
vn 0.521513 -0.794678 -0.310661
v -1.01719 -0.277441 0.416703 0.358557 0.549679 0.410442
vn 0.820925 -0.547478 -0.16233
v -0.77573 0.0993896 0.416703 0.268083 0.473341 0.371268
vn 0.661789 -0.661917 -0.351995
v -0.668531 0.189569 0.416703 0.268083 0.473341 0.371268
vn -0.0177571 -0.998775 0.0461813
v -0.542921 0.140013 0.416703 0.268083 0.473341 0.371268
vn -0.526987 -0.689973 0.496208
v -0.871621 0.35061 0.416703 0.49409 0.603906 0.65094
vn -0.306186 -0.533826 -0.788213
v -0.919751 0.359268 0.416703 0.490597 0.601902 0.645924
vn 0.149835 -0.808057 -0.569731
v -1.42219 -0.277441 0.310785 0.81915 0.449618 0.193441
vn 0.00435146 -0.0121298 -0.999917
v -1.29658 -0.277441 0.291806 0.81915 0.449618 0.193441
vn 0.506982 -0.130292 -0.852053
v -1.04536 -0.277441 0.364534 0.358557 0.549679 0.410442
vn 0.596381 -0.72368 -0.347298
v -0.542921 0.0993896 0.369099 0.268083 0.473341 0.371268
vn -0.678454 -0.659715 0.323227
v -0.794141 0.35061 0.388145 0.49409 0.603906 0.65094
vn -0.622244 -0.234849 -0.746766
v -1.43865 -0.52866 0.542313 0.81915 0.449618 0.193441
vn 0.807189 -0.587713 0.0551259
v -1.42219 -0.479614 0.542313 0.81915 0.449618 0.193441
vn 0.596701 -0.780302 -0.187285
v -1.29658 -0.432897 0.542313 0.81915 0.449618 0.193441
vn 0.331494 -0.926549 -0.177817
v -1.5478 -0.184769 0.542313 0.705903 0.243175 0.188236
vn 0.40192 0.915675 0
v -1.42219 -0.188308 0.542313 0.705903 0.243175 0.188236
vn -0.12473 0.992191 0
v -1.40456 -0.151831 0.542313 0.705903 0.243175 0.188236
vn -1 0 0
v -1.5478 -0.133174 0.542313 0.705883 0.243138 0.188235
vn 0.244064 -0.938918 0.242623
v -1.42219 -0.135319 0.542313 0.705883 0.243138 0.188235
vn -0.0899761 -0.958724 -0.269725
v -1.20819 -0.40305 0.542313 0.358557 0.549679 0.410442
vn 0.25133 -0.961211 -0.113609
v -1.17097 -0.397508 0.542313 0.358557 0.549679 0.410442
vn 0.338195 -0.939584 -0.0529691
v -1.04536 -0.346939 0.542313 0.358557 0.549679 0.410442
vn 0.558177 -0.82308 -0.104773
v -0.996405 -0.277441 0.542313 0.358557 0.549679 0.410442
vn 0.858277 -0.512851 -0.0185493
v -0.919751 -0.155725 0.542313 0.603766 0.678343 0.733079
vn 0.848673 -0.528918 0
v -0.918121 -0.151831 0.542313 0.585631 0.668018 0.703312
vn 1 0 0
v -0.919751 -0.149957 0.542313 0.585631 0.668018 0.703312
vn 0.904084 0.427355 0
v -0.977496 -0.0262203 0.542313 0.585631 0.668018 0.703312
vn 0.997651 -0.0412074 0.0547208
v -0.794141 -0.064014 0.542313 0.585631 0.668018 0.703312
vn 0 -1 0
v -0.835762 -0.0262203 0.542313 0.585631 0.668018 0.703312
vn -0.471214 -0.662946 0.581774
v -0.919751 0.0752368 0.542313 0.219942 0.609856 0.317224
vn 0.437635 -0.781797 0.444151
v -0.742044 -0.0262203 0.542313 0.278045 0.485928 0.373633
vn 0.987598 -0.157004 0
v -0.768164 0.0993896 0.542313 0.12496 0.554929 0.299734
vn 0.877744 -0.383053 0.287811
v -0.668531 0.210004 0.542313 0.340321 0.431864 0.407415
vn 0.401263 -0.724289 0.560708
v -0.563554 0.224999 0.542313 0.268083 0.473341 0.371268
vn -0.0461434 -0.694448 0.718062
v -0.794141 0.25501 0.542313 0.490597 0.601902 0.645924
vn 0.67298 0.0703053 0.736312
v -0.811798 0.35061 0.542313 0.490597 0.601902 0.645924
vn 1 0 0
v -0.794141 0.375913 0.542313 0.490597 0.601902 0.645924
vn 0.192212 -0.981353 0
v -0.668531 0.293066 0.542313 0.245691 0.515039 0.350909
vn -0.0413876 0.186726 0.98154
v -0.542921 0.229683 0.542313 0.245691 0.515039 0.350909
vn -0.683948 -0.622554 0.380318
v -0.650593 0.35061 0.542313 0.245691 0.515039 0.350909
vn -0.671586 -0.542982 0.504126
v -0.668531 0.378671 0.542313 0.245691 0.515039 0.350909
vn -0.0667238 -0.92207 0.381229
v -0.417311 -0.00644732 0.542313 0.278045 0.485928 0.373633
vn -0.831072 -0.529564 0.169943
v -0.44936 0.0993896 0.542313 0.278045 0.485928 0.373633
vn -0.875091 -0.295229 0.383479
v -0.407298 -0.0262203 0.542313 0.278045 0.485928 0.373633
vn -0.938986 -0.33732 0.0672344
v -0.53846 0.224999 0.542313 0.278045 0.485928 0.373633
vn -0.451968 -0.65464 0.605947
v -1.29658 -0.40305 0.465353 0.81915 0.449618 0.193441
vn 0.252822 -0.933437 -0.25451
v -1.5478 -0.151831 0.520317 0.705903 0.243175 0.188236
vn 0.103809 0.236503 0.966069
v -1.42219 -0.151831 0.520752 0.705903 0.243175 0.188236
vn -0.116808 -0.266119 0.956837
v -0.919751 -0.151831 0.533198 0.603766 0.678343 0.733079
vn 0.965677 -0.259357 0.0142231
v -0.919751 -0.0262203 0.446444 0.585631 0.668018 0.703312
vn 0.67938 -0.458032 0.573279
v -0.794141 -0.0262203 0.486723 0.585631 0.668018 0.703312
vn 0.697124 -0.448666 -0.559211
v -1.04536 0.224999 0.469808 0.255005 0.619563 0.302025
vn 0 0 -1
v -0.542921 0.224999 0.531293 0.268083 0.473341 0.371268
vn -0.665256 -0.604798 0.437783
v -0.919751 0.35061 0.423777 0.490597 0.601902 0.645924
vn 0 0 -1
v -0.794141 0.35061 0.463182 0.490597 0.601902 0.645924
vn 0.100877 -0.102467 0.989608
v -0.668531 0.35061 0.525129 0.245691 0.515039 0.350909
vn -0.349283 0.354787 0.867253
v -1.67625 -1.28232 0.542313 0.351644 0.506764 0.350389
vn 0.94423 -0.328638 0.0206794
v -1.61723 -1.0311 0.542313 0.351644 0.506764 0.350389
vn 0.972287 -0.215216 0.0913195
v -1.56331 -0.779881 0.542313 0.351644 0.506764 0.350389
vn 0.963783 -0.246761 0.101154
v 0.210739 -1.15174 0.542313 0.351644 0.506764 0.350389
vn -0.0699292 -0.981319 -0.179231
v -0.0326977 -1.0311 0.542313 0.351644 0.506764 0.350389
vn -0.423937 -0.866371 -0.263968
v -0.0404806 -1.02614 0.542313 0.351644 0.506764 0.350389
vn -0.837341 -0.522902 -0.159479
v -0.189579 -0.779881 0.542313 0.351644 0.506764 0.350389
vn -0.901917 -0.39278 -0.179637
v -1.5478 -0.759919 0.542313 0.81915 0.449618 0.193441
vn 0.914233 -0.395068 0.0900003
v -0.291701 -0.452509 0.542313 0.358557 0.549679 0.410442
vn -0.973692 -0.216144 -0.0721482
v -0.322199 -0.277441 0.542313 0.358557 0.549679 0.410442
vn -0.964706 -0.262796 -0.0167435
v -0.262208 -0.52866 0.542313 0.556559 0.461805 0.325663
vn -0.945473 -0.313385 -0.0887145
v -1.5478 -0.779881 0.395005 0.351644 0.506764 0.350389
vn 0.956291 -0.279011 0.0875262
v -1.29658 -0.441926 0.667922 0.358557 0.549679 0.410442
vn 0.450999 -0.890354 0.0622143
v -1.19913 -0.40305 0.667922 0.358557 0.549679 0.410442
vn 0.33143 -0.939605 0.0854236
v -1.17097 -0.397619 0.667922 0.358557 0.549679 0.410442
vn 0.255544 -0.966739 -0.0105889
v -1.04536 -0.347411 0.667922 0.358557 0.549679 0.410442
vn 0.553736 -0.831868 0.0370441
v -0.989589 -0.277441 0.667922 0.358557 0.549679 0.410442
vn 0.80501 -0.562857 -0.187485
v -0.949992 -0.151831 0.667922 0.345283 0.600001 0.263773
vn 0.971853 -0.230926 -0.0466403
v -0.93926 -0.0262203 0.667922 0.345283 0.600001 0.263773
vn 0.944153 0.287196 -0.161537
v -1.04536 0.0582767 0.667922 0.525393 0.619563 0.666461
vn 0.590088 0.800234 0.106871
v -1.07298 0.0993896 0.667922 0.525393 0.619563 0.666461
vn 1 0 0
v -1.04536 0.132716 0.667922 0.514037 0.614322 0.642457
vn 0 -1 0
v -0.919751 0.00650883 0.667922 0.553413 0.678757 0.681834
vn 0.73626 -0.550722 0.393225
v -0.98475 0.0993896 0.667922 0.553413 0.678757 0.681834
vn -0.330432 -0.759806 0.559919
v -0.87863 0.0993896 0.667922 0.553413 0.678757 0.681834
vn 0.821975 -0.415803 0.389185
v -0.892652 0.224999 0.667922 0.568498 0.690099 0.709567
vn 0.800824 -0.14827 0.580256
v -0.417311 0.0150833 0.667922 0.278045 0.485928 0.373633
vn -0.929782 -0.352282 0.106785
v -0.446112 0.0993896 0.667922 0.278045 0.485928 0.373633
vn -0.992886 -0.00827918 0.118781
v -0.395755 -0.0262203 0.667922 0.278045 0.485928 0.373633
vn -0.962799 -0.266707 0.0434143
v -0.417311 0.14256 0.667922 0.278045 0.485928 0.373633
vn -0.961042 0.267001 0.0714694
v -0.382987 0.224999 0.667922 0.278045 0.485928 0.373633
vn -1 0 0
v -0.794141 0.321609 0.667922 0.161134 0.385135 0.258535
vn 0.737048 -0.62234 0.263539
v -0.743071 0.35061 0.667922 0.268258 0.362732 0.261566
vn 0.720594 -0.494079 0.486447
v -0.542921 0.280128 0.667922 0.368109 0.484924 0.433619
vn -0.673553 -0.70094 0.234541
v -0.604221 0.35061 0.667922 0.368109 0.484924 0.433619
vn -0.810508 -0.361524 0.460843
v -0.755354 0.47622 0.667922 0.47284 0.605914 0.608969
vn 0.751574 -0.575562 0.322282
v -0.624115 0.47622 0.667922 0.368109 0.484924 0.433619
vn -0.831299 -0.467073 0.301305
v -0.417311 0.2599 0.667922 0.149014 0.634381 0.3604
vn -0.142235 -0.960991 -0.237204
v -0.668531 0.5024 0.667922 0.170157 0.486846 0.264495
vn -0.12592 -0.983828 0.127386
v -1.5478 -0.151831 0.562653 0.708504 0.247916 0.188356
vn 0.0754277 0 -0.997151
v -1.42219 -0.151831 0.561066 0.708504 0.247916 0.188356
vn -0.140588 0 -0.990068
v -0.919751 -0.151831 0.548685 0.345283 0.600001 0.263773
vn 0.99465 -0.078237 0.0674607
v -0.794141 -0.0262203 0.584477 0.345283 0.600001 0.263773
vn 0.179406 -0.0965484 0.979026
v -1.04536 0.0993896 0.63396 0.525393 0.619563 0.666461
vn 0 0 1
v -0.794141 0.0993896 0.569414 0.553413 0.678757 0.681834
vn 0.475479 -0.197251 0.857328
v -0.794141 0.224999 0.547895 0.568498 0.690099 0.709567
vn 0.409722 0.063715 0.909983
v -0.668531 0.224999 0.557439 0.290193 0.509798 0.372549
vn 0.0242027 0 0.999707
v -0.417311 0.224999 0.624804 0.278045 0.485928 0.373633
vn -0.613247 -0.500309 0.611244
v -0.794141 0.35061 0.583822 0.161134 0.385135 0.258535
vn 0.629505 -0.728545 -0.270085
v -0.668531 0.47622 0.611643 0.47284 0.605914 0.608969
vn 0 -0.462163 0.886795
v -1.29658 -0.403541 0.793533 0.358557 0.549679 0.410442
vn 0.443601 -0.858082 0.258676
v -1.27294 -0.40305 0.793533 0.358557 0.549679 0.410442
vn 0.245912 -0.930898 0.270103
v -1.17097 -0.401785 0.793533 0.358557 0.549679 0.410442
vn 0.32157 -0.901602 0.289321
v -1.04536 -0.320921 0.793533 0.358557 0.549679 0.410442
vn 0.524486 -0.834886 0.166975
v -0.945236 -0.277441 0.793533 0.358557 0.549679 0.410442
vn 0.429031 -0.877353 0.214904
v -0.919751 -0.267261 0.793533 0.345283 0.600001 0.263773
vn 0.716325 -0.662788 -0.218151
v -0.794141 -0.15267 0.793533 0.387782 0.572839 0.212314
vn 0.674116 -0.738625 0
v -0.794141 -0.150673 0.793533 0.345283 0.600001 0.263773
vn 0.553785 0.540546 -0.63335
v -0.915391 -0.0262203 0.793533 0.345283 0.600001 0.263773
vn 0.616456 0.503703 -0.605199
v -0.919751 -0.018074 0.793533 0.553413 0.678757 0.681834
vn 0.900251 0.435371 0
v -0.976138 0.0993896 0.793533 0.553413 0.678757 0.681834
vn 0.933232 0.255245 0.252839
v -0.980037 0.224999 0.793533 0.553413 0.678757 0.681834
vn 0.784574 -0.350889 0.511195
v -0.793274 -0.151831 0.793533 0.278045 0.485928 0.373633
vn 1 0 0
v -0.542921 0.165308 0.793533 0.289808 0.509041 0.372584
vn -0.137263 -0.990535 0
v -0.585889 0.224999 0.793533 0.289808 0.509041 0.372584
vn -1 0 0
v -0.417311 0.090148 0.793533 0.278045 0.485928 0.373633
vn -0.942726 -0.321301 0.0896277
v -0.419514 0.0993896 0.793533 0.278045 0.485928 0.373633
vn -0.999378 0.0104268 0.0336784
v -0.376975 -0.0262203 0.793533 0.278045 0.485928 0.373633
vn -0.969862 -0.22991 0.0806841
v -0.919751 0.311892 0.793533 0.1831 0.436622 0.240412
vn 0.732898 -0.622867 0.273674
v -0.873285 0.35061 0.793533 0.199735 0.485495 0.216074
vn 0.58169 -0.768838 0.265565
v -0.794141 0.405362 0.793533 0.1831 0.436622 0.240412
vn 0.738056 -0.671957 0.0612137
v -0.542921 0.32778 0.793533 0.368109 0.484924 0.433619
vn -0.626931 0.420053 0.656135
v -0.72038 0.47622 0.793533 0.368109 0.484924 0.433619
vn 0.561503 -0.801822 -0.204439
v -0.542921 0.377143 0.793533 0.368109 0.484924 0.433619
vn -0.542592 -0.741067 0.395492
v -0.628282 0.47622 0.793533 0.368109 0.484924 0.433619
vn -0.677511 -0.731882 0.0729914
v -0.456725 0.35061 0.793533 0.149014 0.634381 0.3604
vn -0.313788 -0.618173 0.720694
v -0.668531 0.505694 0.793533 0.16864 0.486279 0.262759
vn 0.125301 -0.983988 -0.12676
v -0.348457 -0.277441 0.793533 0.361594 0.539771 0.442329
vn -0.978522 -0.192473 -0.0738106
v -0.37547 -0.151831 0.793533 0.361594 0.539771 0.442329
vn -0.988349 -0.152198 0.00109667
v -0.919751 -0.151831 0.708198 0.345283 0.600001 0.263773
vn 0.719559 -0.0826646 -0.689493
v -0.794141 -0.151831 0.792456 0.387782 0.572839 0.212314
vn 0.478954 -0.516016 -0.710163
v -0.919751 -0.0262203 0.771821 0.215904 0.6836 0.403376
vn 0.941936 0.223486 -0.250619
v -1.04536 0.0993896 0.720307 0.514037 0.614322 0.642457
vn 0.448569 -0.661299 -0.601224
v -0.919751 0.0993896 0.728847 0.553413 0.678757 0.681834
vn 0.669743 -0.241832 0.702112
v -0.919751 0.224999 0.710486 0.553413 0.678757 0.681834
vn 0.70535 -0.432577 0.561567
v -0.542921 0.224999 0.700124 0.289808 0.509041 0.372584
vn -0.404005 -0.685843 -0.605309
v -0.417311 0.224999 0.774923 0.278045 0.485928 0.373633
vn -0.460261 -0.57814 -0.673731
v -0.794141 0.35061 0.721215 0.199735 0.485495 0.216074
vn 0.71302 -0.48932 0.502164
v -0.542921 0.35061 0.751442 0.368109 0.484924 0.433619
vn -0.843042 -0.40755 0.350976
v -1.67331 -1.28232 0.793533 0.351644 0.506764 0.350389
vn 0.963982 -0.259438 -0.0585735
v -1.63074 -1.0311 0.793533 0.351644 0.506764 0.350389
vn 0.988141 -0.153332 0.00814344
v -1.58963 -0.779881 0.793533 0.351644 0.506764 0.350389
vn 0.968267 -0.236669 0.0802957
v -0.0404806 -1.12039 0.793533 0.351644 0.506764 0.350389
vn -0.407431 -0.889915 -0.205064
v -0.127679 -1.0311 0.793533 0.351644 0.506764 0.350389
vn -0.825118 -0.492739 -0.276384
v 0.210739 -1.19741 0.793533 0.351644 0.506764 0.350389
vn 0.000943977 -0.996323 -0.0856765
v -0.250667 -0.779881 0.793533 0.351644 0.506764 0.350389
vn -0.905292 -0.345621 -0.246966
v -1.5478 -0.685318 0.793533 0.81915 0.449618 0.193441
vn 0.9412 -0.318589 0.112447
v -1.497 -0.52866 0.793533 0.81915 0.449618 0.193441
vn 0.75581 -0.626839 0.189272
v -0.291701 -0.601474 0.793533 0.358557 0.549679 0.410442
vn -0.958139 -0.180213 -0.222468
v -0.298984 -0.52866 0.793533 0.358557 0.549679 0.410442
vn -0.981086 -0.130672 -0.142814
v -0.0404806 -1.0311 0.554453 0.351644 0.506764 0.350389
vn -0.654615 -0.692041 -0.304234
v -0.291701 -0.52866 0.715749 0.358557 0.549679 0.410442
vn -0.961987 -0.234629 -0.139749
v 0.71318 -1.11968 0.793533 0.351644 0.506764 0.350389
vn 0.34871 -0.912496 0.2139
v -5.3161 -3.16435 0.793533 0.351644 0.506764 0.350389
vn 0.058207 -0.975562 0.211875
v 1.21562 -0.81551 0.793533 0.351644 0.506764 0.350389
vn 0.500143 -0.824193 0.265636
v 2.72294 0.0283313 0.793533 0.257644 0.531446 0.259643
vn 0.330356 -0.820129 0.467176
v 1.27314 -0.779881 0.793533 0.351644 0.506764 0.350389
vn 0.472929 -0.784134 0.401836
v 3.22538 0.21241 0.793533 0.257644 0.531446 0.259643
vn 0.339131 -0.860198 0.380855
v -4.81366 -3.1334 0.793533 0.351644 0.506764 0.350389
vn 0.120125 -0.973137 0.196404
v -4.31122 -3.03812 0.793533 0.351644 0.506764 0.350389
vn 0.234893 -0.955674 0.177516
v 1.71806 -0.480228 0.793533 0.334204 0.514034 0.34545
vn 0.476625 -0.738768 0.476498
v 3.26738 0.224999 0.793533 0.257644 0.531446 0.259643
vn 0.305018 -0.880751 0.362272
v -3.80878 -2.87568 0.793533 0.351644 0.506764 0.350389
vn 0.321506 -0.933089 0.16118
v 2.07157 -0.277441 0.793533 0.334204 0.514034 0.34545
vn 0.371173 -0.708723 0.599952
v 2.2205 -0.185782 0.793533 0.334204 0.514034 0.34545
vn 0.335973 -0.741601 0.580646
v 3.72782 0.368356 0.793533 0.257644 0.531446 0.259643
vn 0.264535 -0.91497 0.304715
v -3.62561 -2.78964 0.793533 0.351644 0.506764 0.350389
vn 0.361623 -0.926151 0.107109
v 4.23026 0.530358 0.793533 0.257644 0.531446 0.259643
vn 0.306238 -0.92952 0.205453
v -3.30634 -2.67744 0.793533 0.351644 0.506764 0.350389
vn 0.395082 -0.916091 0.0684619
v 4.7327 0.710212 0.793533 0.257644 0.531446 0.259643
vn 0.356933 -0.920359 0.159804
v -2.8039 -2.43292 0.793533 0.351644 0.506764 0.350389
vn 0.47761 -0.877924 0.0337418
v 4.77946 0.727439 0.793533 0.257644 0.531446 0.259643
vn 0.396027 -0.910683 0.117556
v -2.58849 -2.2872 0.793533 0.351644 0.506764 0.350389
vn 0.530561 -0.847612 -0.00767075
v 5.23514 0.917924 0.793533 0.257644 0.531446 0.259643
vn 0.397899 -0.912735 0.0926916
v 5.73758 1.15108 0.793533 0.257644 0.531446 0.259643
vn 0.427621 -0.901281 0.0695178
v -2.30146 -2.11223 0.793533 0.351644 0.506764 0.350389
vn 0.637932 -0.769492 -0.0304167
v 5.90266 1.22988 0.793533 0.257644 0.531446 0.259643
vn 0.461585 -0.885357 0.0555089
v -1.97288 -1.78476 0.793533 0.351644 0.506764 0.350389
vn 0.697615 -0.711436 -0.0848002
v 6.24002 1.40987 0.793533 0.257644 0.531446 0.259643
vn 0.474036 -0.878914 0.0529124
v 6.74246 1.68731 0.793533 0.257644 0.531446 0.259643
vn 0.484895 -0.873701 0.039041
v -1.79902 -1.58647 0.793533 0.351644 0.506764 0.350389
vn 0.856073 -0.512381 -0.0678563
v 6.82469 1.73232 0.793533 0.257644 0.531446 0.259643
vn 0.531383 -0.84635 0.0363973
v 7.2449 2.0022 0.793533 0.257644 0.531446 0.259643
vn 0.538266 -0.841653 0.0434736
v 7.60771 2.23476 0.793533 0.257644 0.531446 0.259643
vn 0.553517 -0.832222 0.0320134
v 7.74734 2.33656 0.793533 0.257644 0.531446 0.259643
vn 0.572639 -0.818947 0.0375538
v 8.24978 2.68415 0.793533 0.257644 0.531446 0.259643
vn 0.565033 -0.823748 0.0466497
v 8.33384 2.7372 0.793533 0.257644 0.531446 0.259643
vn 0.531823 -0.846007 0.0378976
v 3.72782 0.224999 0.304807 0.257644 0.531446 0.259643
vn 0.341709 -0.892525 0.294338
v 2.2205 -0.277441 0.597299 0.334204 0.514034 0.34545
vn 0.404495 -0.813867 0.417139
v -1.04578 -0.277441 0.919143 0.343264 0.439892 0.396972
vn 0.42718 -0.81665 0.388071
v -1.04536 -0.275918 0.919143 0.343264 0.439892 0.396972
vn 0.557455 -0.44879 0.69845
v -0.919751 -0.200306 0.919143 0.145831 0.540633 0.284026
vn 0.473371 -0.617925 0.627765
v -0.905755 -0.151831 0.919143 0.145831 0.540633 0.284026
vn 0.788752 0 0.614712
v -0.919751 -0.110335 0.919143 0.145831 0.540633 0.284026
vn 0.514724 0.51498 0.68546
v -1.01013 -0.0262203 0.919143 0.145831 0.540633 0.284026
vn 0.768382 0.256952 0.586144
v -1.04536 0.131622 0.919143 0.635922 0.683655 0.749327
vn 0.799854 0.521459 0.297177
v -1.15297 0.224999 0.919143 0.635922 0.683655 0.749327
vn 0.937552 0 0.347844
v -1.02855 0.0993896 0.919143 0.380257 0.590838 0.482291
vn 0.922748 0.173348 0.344219
v -0.349594 -0.277441 0.919143 0.361594 0.539771 0.442329
vn -0.994148 -0.0879821 -0.0626763
v -0.359892 -0.151831 0.919143 0.361594 0.539771 0.442329
vn -0.989325 -0.0612038 0.132253
v -0.365136 -0.0262203 0.919143 0.361594 0.539771 0.442329
vn -0.949497 0.0181502 0.313251
v -0.417311 0.062923 0.919143 0.418977 0.507544 0.458644
vn -0.87758 -0.479415 -0.00385699
v -0.422736 0.0993896 0.919143 0.418977 0.507544 0.458644
vn -0.951868 0.259192 -0.163607
v -0.291701 0.044858 0.919143 0.418977 0.507544 0.458644
vn -0.626655 0.669826 0.398292
v -0.382799 0.0993896 0.919143 0.418977 0.507544 0.458644
vn 0.64454 0.125116 0.754264
v -0.417311 0.109524 0.919143 0.26845 0.441954 0.365806
vn -0.418592 0.908163 0.00453652
v -0.244812 0.0993896 0.919143 0.733315 0.415691 0.301963
vn -0.702558 0.51343 0.49275
v -0.181308 0.224999 0.919143 0.733315 0.415691 0.301963
vn -0.681821 -0.0244381 0.73111
v -1.04536 0.291983 0.919143 0.273148 0.486316 0.409959
vn 0.435304 -0.765235 0.474264
v -0.919751 0.316679 0.919143 0.101843 0.425683 0.208033
vn 0.501486 -0.80168 0.325302
v -0.866446 0.35061 0.919143 0.342277 0.561806 0.467906
vn 0.554062 -0.821611 0.134056
v -0.794141 0.401385 0.919143 0.342277 0.561806 0.467906
vn 0.431866 -0.88237 0.186858
v -0.668531 0.399082 0.919143 0.312831 0.400292 0.250671
vn 0.150484 -0.973331 0.173149
v -0.542921 0.440108 0.919143 0.238485 0.424534 0.224956
vn -0.282257 -0.955295 0.0879891
v -0.417311 0.391384 0.919143 0.284805 0.494461 0.266902
vn -0.0717458 -0.936158 0.34418
v -0.291701 0.383046 0.919143 0.284805 0.494461 0.266902
vn -0.0817628 -0.774017 0.627864
v -0.542921 0.571624 0.919143 0.260223 0.462416 0.278752
vn -0.0171961 0.99957 0.0237706
v -0.559247 0.60183 0.919143 0.260223 0.462416 0.278752
vn 0.954309 0.2855 0.0882284
v -0.542921 0.622607 0.919143 0.260223 0.462416 0.278752
vn 0.0534781 -0.986488 0.15486
v -0.417311 0.588998 0.919143 0.269824 0.484516 0.365635
vn -0.16752 0.981466 0.0930675
v -0.4068 0.60183 0.919143 0.269824 0.484516 0.365635
vn -1 0 0
v -0.417311 0.615155 0.919143 0.269824 0.484516 0.365635
vn -0.120979 -0.991663 -0.0443716
v -0.205078 0.35061 0.919143 0.21961 0.564689 0.133369
vn -0.456111 -0.357708 0.814867
v -1.04536 -0.277441 0.918633 0.1714 0.481878 0.24817
vn 0.388319 -0.867527 0.310813
v -0.794141 -0.151831 0.795006 0.145831 0.540633 0.284026
vn 0.811616 -0.0479953 0.582216
v -0.919751 -0.0262203 0.812742 0.145831 0.540633 0.284026
vn 0.674992 0.550448 0.491317
v -1.04536 0.224999 0.867504 0.635922 0.683655 0.749327
vn 0.624641 -0.244717 0.741577
v -0.542921 0.224999 0.843023 0.361594 0.539771 0.442329
vn -0.0719167 0 0.997411
v -0.291701 0.0993896 0.888641 0.418977 0.507544 0.458644
vn 0.00247994 0.594952 0.803758
v -0.417311 0.224999 0.805688 0.26845 0.441954 0.365806
vn -0.0778098 0.234982 0.96888
v -0.291701 0.224999 0.80469 0.418977 0.507544 0.458644
vn -0.454459 0.017362 0.890599
v -0.668531 0.47622 0.82991 0.312831 0.400292 0.250671
vn 0.0947449 -0.840008 -0.534238
v -0.417311 0.35061 0.814175 0.284805 0.494461 0.266902
vn -0.258955 -0.553704 0.791425
v -0.291701 0.35061 0.885643 0.357663 0.598345 0.25509
vn -0.493575 -0.430535 0.755661
v -0.542921 0.60183 0.907201 0.260223 0.462416 0.278752
vn 0.0320754 0.119879 0.99227
v -0.417311 0.60183 0.910632 0.269824 0.484516 0.365635
vn -0.0630776 -0.235746 0.969765
v -0.919751 -0.295542 1.04475 0.1714 0.481878 0.24817
vn -0.278471 -0.960445 0
v -0.944687 -0.277441 1.04475 0.1714 0.481878 0.24817
vn -1 0 0
v -0.794141 -0.339931 1.04475 0.1714 0.481878 0.24817
vn 0.105997 -0.994366 0
v -0.749937 -0.277441 1.04475 0.358557 0.549679 0.410442
vn 1 0 0
v -1.19182 -0.277441 1.04475 0.343264 0.439892 0.396972
vn 0.480442 -0.628104 0.612095
v -1.17097 -0.258765 1.04475 0.343264 0.439892 0.396972
vn 0.707401 -0.48406 0.515043
v -1.10587 -0.151831 1.04475 0.343264 0.439892 0.396972
vn 0.776713 -0.392802 0.492365
v -1.04946 -0.0262203 1.04475 0.341194 0.431442 0.392196
vn 0.992044 -0.0989884 0.0777859
v -0.919751 -0.239968 1.04475 0.145831 0.540633 0.284026
vn -0.359284 0.933228 0
v -0.794141 -0.219481 1.04475 0.139268 0.539227 0.278476
vn 0.0910353 0.995848 0
v -1.06466 0.0993896 1.04475 0.635922 0.683655 0.749327
vn 0.967476 0.247833 0.0506944
v -1.11112 0.224999 1.04475 0.64308 0.686254 0.756803
vn 0.990433 0.099961 0.0951344
v -0.355392 -0.277441 1.04475 0.361594 0.539771 0.442329
vn -0.996643 0.0756167 -0.0313911
v -0.341887 -0.151831 1.04475 0.361594 0.539771 0.442329
vn -0.985047 0.0546128 0.163399
v -0.338488 -0.0262203 1.04475 0.361594 0.539771 0.442329
vn -0.918115 0.32343 0.229036
v -0.417311 0.0141587 1.04475 0.718395 0.636168 0.642698
vn 0.109854 -0.991758 0.0659343
v -0.45819 0.0993896 1.04475 0.718395 0.636168 0.642698
vn -0.99975 -0.0191382 0.0115885
v -0.291701 0.0534754 1.04475 0.418977 0.507544 0.458644
vn -0.724215 0.66129 0.19547
v -0.309213 0.0993896 1.04475 0.418977 0.507544 0.458644
vn 0.986089 0.132387 0.100511
v -0.417311 0.138982 1.04475 0.418977 0.507544 0.458644
vn -0.0337326 0.998966 0.0304865
v -0.223792 0.0993896 1.04475 0.733333 0.415686 0.301961
vn -0.530304 0.804059 0.268826
v -0.16609 0.123988 1.04475 0.733315 0.415691 0.301963
vn -0.602757 0.668169 0.436159
v -0.0825438 0.224999 1.04475 0.733315 0.415691 0.301963
vn -0.710796 0.300277 0.636085
v -1.11215 0.35061 1.04475 0.273148 0.486316 0.409959
vn 0.996541 -0.00451633 0.0829804
v -1.11342 0.47622 1.04475 0.273148 0.486316 0.409959
vn 0.883913 -0.419758 0.206156
v -0.919751 0.448122 1.04475 0.342277 0.561806 0.467906
vn -0.0227977 -0.430942 0.902092
v -0.952697 0.47622 1.04475 0.342277 0.561806 0.467906
vn 0.0930788 -0.8469 0.523542
v -0.880644 0.47622 1.04475 0.584405 0.699778 0.7292
vn 0.324959 -0.575055 0.750808
v -1.04536 0.524738 1.04475 0.273148 0.486316 0.409959
vn 0 -0.988836 0.149011
v -0.794141 0.522768 1.04475 0.273148 0.486316 0.409959
vn 0.242699 -0.596177 0.765291
v -0.542921 0.377439 1.04475 0.0898505 0.469506 0.169951
vn -0.335573 -0.817898 0.467369
v -0.580717 0.47622 1.04475 0.0898505 0.469506 0.169951
vn -0.516654 -0.488115 0.703429
v -0.417311 0.401587 1.04475 0.284805 0.494461 0.266902
vn 0.181902 -0.964947 0.189182
v -0.347198 0.47622 1.04475 0.21291 0.391832 0.278251
vn 0.30144 -0.73041 0.612891
v -0.668531 0.570092 1.04475 0.260223 0.462416 0.278752
vn 0.00556668 -0.436622 0.899628
v -0.542921 0.583789 1.04475 0.260223 0.462416 0.278752
vn 0.0489135 0.761805 0.645957
v -0.56502 0.60183 1.04475 0.260223 0.462416 0.278752
vn 0.467347 -0.224272 0.855154
v -0.542921 0.647707 1.04475 0.260223 0.462416 0.278752
vn 0.0787224 -0.879317 0.469686
v -0.466502 0.60183 1.04475 0.269824 0.484516 0.365635
vn -0.760682 -0.424912 0.490727
v -0.291701 0.515279 1.04475 0.269824 0.484516 0.365635
vn 0.364261 -0.4844 0.795406
v -0.0404806 0.33739 1.04475 0.219909 0.562655 0.137799
vn -0.938109 0.223716 0.26439
v -0.22064 0.60183 1.04475 0.117681 0.607813 0.149051
vn 0.487093 -0.634639 0.599979
v -0.0404806 0.529618 1.04475 0.121814 0.604156 0.15289
vn -0.514063 -0.61625 0.596636
v -0.10891 0.60183 1.04475 0.121814 0.604156 0.15289
vn -0.668744 -0.649506 0.361832
v -0.16609 0.636537 1.04475 0.121814 0.604156 0.15289
vn 0 -1 0
v -1.5383 -0.52866 1.04475 0.81915 0.449618 0.193441
vn 0.881653 -0.44959 0.143372
v -1.43751 -0.40305 1.04475 0.81915 0.449618 0.193441
vn 0.636211 -0.734433 0.236314
v -1.42219 -0.395751 1.04475 0.81915 0.449618 0.193441
vn 0.437372 -0.771613 0.461864
v -1.29658 -0.344862 1.04475 0.81915 0.449618 0.193441
vn 0.401199 -0.853932 0.331421
v -0.919751 -0.277441 0.995781 0.1714 0.481878 0.24817
vn -0.256305 0.423272 -0.868993
v -0.794141 -0.277441 0.984078 0.1714 0.481878 0.24817
vn 0.156253 -0.258043 -0.953414
v -1.17097 -0.277441 1.0243 0.343264 0.439892 0.396972
vn 0.400065 -0.793305 0.458929
v -1.04536 -0.151831 0.945117 0.343264 0.439892 0.396972
vn 0.544106 -0.122749 0.829989
v -1.04536 -0.0262203 1.01297 0.341194 0.431442 0.392196
vn 0.9298 -0.105514 0.352617
v -0.919751 -0.151831 0.956179 0.145831 0.540633 0.284026
vn 0.182918 0 0.983128
v -1.04536 0.0993896 0.979596 0.635922 0.683655 0.749327
vn 0.942544 0.231066 0.241287
v -0.16609 0.224999 0.945474 0.733315 0.415691 0.301963
vn -0.780612 0.25604 0.570165
v -1.04536 0.35061 0.980584 0.273148 0.486316 0.409959
vn 0.327019 -0.349186 0.878139
v -1.04536 0.47622 1.01515 0.273148 0.486316 0.409959
vn 0 -0.345781 0.938315
v -0.919751 0.35061 0.98558 0.342277 0.561806 0.467906
vn 0.292386 -0.662502 0.689639
v -0.794141 0.47622 1.01697 0.584405 0.699778 0.7292
vn 0.124607 -0.704303 0.698877
v -0.668531 0.47622 0.991332 0.238485 0.424534 0.224956
vn 0.0256812 -0.689041 0.724267
v -0.291701 0.47622 1.02554 0.21291 0.391832 0.278251
vn 0.0824343 -0.686372 0.722563
v -0.417311 0.60183 1.01806 0.269824 0.484516 0.365635
vn -0.903174 0 -0.429275
v -0.16609 0.35061 0.954997 0.219909 0.562655 0.137799
vn -0.519211 -0.0527816 0.853015
v -0.0404806 0.35061 1.04059 0.219909 0.562655 0.137799
vn -0.567946 0.207607 0.796452
v -0.16609 0.47622 1.02409 0.219909 0.562655 0.137799
vn -0.0444761 -0.376677 0.925277
v -0.0404806 0.47622 1.00856 0.219909 0.562655 0.137799
vn -0.291234 -0.18931 0.937734
v -0.16609 0.60183 0.98501 0.117681 0.607813 0.149051
vn 0 -0.127824 0.991797
v -1.64565 -1.28232 1.04475 0.351644 0.506764 0.350389
vn 0.938464 -0.306352 -0.159481
v -1.61565 -1.0311 1.04475 0.351644 0.506764 0.350389
vn 0.987376 -0.075248 -0.139377
v -1.60815 -0.779881 1.04475 0.351644 0.506764 0.350389
vn 0.983455 -0.176533 -0.0406457
v -0.291701 -0.893928 1.04475 0.351644 0.506764 0.350389
vn -0.88456 -0.414743 -0.213406
v -0.319784 -0.779881 1.04475 0.351644 0.506764 0.350389
vn -0.956391 -0.182548 -0.22802
v -0.0404806 -1.18799 1.04475 0.351644 0.506764 0.350389
vn -0.411086 -0.906258 -0.0985108
v -0.212708 -1.0311 1.04475 0.351644 0.506764 0.350389
vn -0.743239 -0.646923 -0.170547
v 0.210739 -1.19494 1.04475 0.351644 0.506764 0.350389
vn 0.246949 -0.953944 0.170313
v -1.5478 -0.578103 1.04475 0.81915 0.449618 0.193441
vn 0.974451 -0.224318 -0.0112579
v -0.352888 -0.52866 1.04475 0.358557 0.549679 0.410442
vn -0.974823 -0.0600091 -0.214753
v 0.00569201 0.47622 1.04475 0.227542 0.510606 0.2511
vn -0.987471 -0.0879167 0.131044
v -0.291701 -0.779881 0.916654 0.351644 0.506764 0.350389
vn -0.927195 -0.262692 -0.267023
v -1.54424 -0.52866 1.17036 0.81915 0.449618 0.193441
vn 0.964932 -0.24067 -0.104803
v -1.48509 -0.40305 1.17036 0.81915 0.449618 0.193441
vn 0.91711 -0.368863 0.15116
v -1.44919 -0.277441 1.17036 0.81915 0.449618 0.193441
vn 0.872781 -0.376704 0.3104
v -1.42219 -0.257318 1.17036 0.878426 0.552932 0.196078
vn 0.475642 -0.675201 0.563799
v -1.29658 -0.253312 1.17036 0.878426 0.552932 0.196078
vn 0.299528 -0.646233 0.701902
v -1.18606 -0.151831 1.17036 0.194782 0.592086 0.233642
vn 0.467189 -0.477106 0.744382
v -1.17097 -0.130313 1.17036 0.194782 0.592086 0.233642
vn 0.513103 -0.699488 0.497434
v -1.04536 -0.035902 1.17036 0.184399 0.592156 0.219723
vn 0.199447 -0.978832 0.0459178
v -0.919751 -0.0537949 1.17036 0.380257 0.590838 0.482291
vn 0.0672022 -0.997739 0
v -0.901618 -0.0262203 1.17036 0.380257 0.590838 0.482291
vn 1 0 0
v -1.04536 0.00246239 1.17036 0.380257 0.590838 0.482291
vn 0.585818 0.795124 -0.15683
v -1.06526 0.0993896 1.17036 0.380257 0.590838 0.482291
vn 0.965528 0.259929 -0.0138775
v -1.10508 0.224999 1.17036 0.380257 0.590838 0.482291
vn 0.994355 0.0943027 -0.0486225
v -0.919751 -0.00114679 1.17036 0.565988 0.666328 0.697649
vn 0.195684 0.980667 0
v -0.365768 -0.277441 1.17036 0.361594 0.539771 0.442329
vn -0.964499 0.189456 -0.18398
v -0.321058 -0.151831 1.17036 0.361594 0.539771 0.442329
vn -0.955267 0.260664 0.139713
v -0.291701 -0.0464721 1.17036 0.361594 0.539771 0.442329
vn -0.883704 0.294892 0.363465
v -0.794141 0.646153 1.17036 0.260223 0.462416 0.278752
vn 0.492809 -0.649852 0.578647
v -0.668531 0.680993 1.17036 0.260223 0.462416 0.278752
vn 0.160957 -0.844933 0.51008
v -0.542921 0.69481 1.17036 0.260223 0.462416 0.278752
vn -0.307226 -0.9127 0.269426
v -0.417311 0.588269 1.17036 0.331577 0.509944 0.282088
vn -0.578989 -0.647246 0.495827
v -0.448551 0.60183 1.17036 0.331577 0.509944 0.282088
vn -0.621358 -0.715585 0.319142
v -0.358934 0.60183 1.17036 0.331577 0.509944 0.282088
vn 0.282242 -0.808712 0.516067
v -0.291701 0.628797 1.17036 0.331577 0.509944 0.282088
vn 0 -0.99465 0.103302
v -0.16609 0.475559 1.17036 0.227542 0.510606 0.2511
vn 0 -1 0
v -0.166794 0.47622 1.17036 0.227542 0.510606 0.2511
vn -0.855166 -0.518354 0
v -0.162971 0.47622 1.17036 0.227542 0.510606 0.2511
vn 0.0295463 -0.994915 -0.0962903
v -0.242629 0.60183 1.17036 0.348186 0.415512 0.379263
vn -0.5227 -0.852512 -0.00300506
v -0.0404806 0.524619 1.17036 0.348186 0.415512 0.379263
vn -0.394051 -0.870009 -0.296325
v -1.42219 -0.277441 1.1437 0.81915 0.449618 0.193441
vn 0.457315 -0.603802 0.652906
v -1.29658 -0.277441 1.12478 0.81915 0.449618 0.193441
vn 0.350682 -0.690839 0.632268
v -1.17097 -0.151831 1.14235 0.194782 0.592086 0.233642
vn 0.639631 -0.573869 0.511417
v -1.04536 -0.0262203 1.10346 0.184399 0.592156 0.219723
vn 0.948318 -0.313152 0.0512639
v -0.919751 -0.277441 1.05961 0.380257 0.590838 0.482291
vn -0.206036 0.340256 0.917483
v -0.794141 -0.277441 1.09095 0.380257 0.590838 0.482291
vn 0.0495057 -0.0817557 0.995422
v -0.919751 -0.0262203 1.14172 0.380257 0.590838 0.482291
vn 0.202908 0 -0.979198
v -0.291701 -0.0262203 1.15961 0.361594 0.539771 0.442329
vn -0.578094 0.680867 0.449697
v -0.417311 0.0993896 1.16762 0.193774 0.632242 0.401352
vn 0 0 1
v -0.542921 0.47622 1.06632 0.260223 0.462416 0.278752
vn -0.107664 0.0366662 0.993511
v -0.417311 0.47622 1.0661 0.137331 0.368685 0.384249
vn -0.134529 -0.349174 0.927351
v -0.794141 0.60183 1.12067 0.260223 0.462416 0.278752
vn 0.394127 -0.746482 0.536124
v -0.668531 0.60183 1.07932 0.260223 0.462416 0.278752
vn 0.290062 -0.670578 0.68278
v -0.291701 0.60183 1.13524 0.331577 0.509944 0.282088
vn 0.362331 -0.784382 0.503449
v -0.0404806 0.224999 1.11504 0.227542 0.510606 0.2511
vn -0.873921 0.239008 0.423245
v -0.16609 0.47622 1.1663 0.227542 0.510606 0.2511
vn -0.533851 -0.338551 -0.774846
v -0.16609 0.60183 1.11498 0.348186 0.415512 0.379263
vn -0.174957 -0.744539 -0.644245
v -1.51371 -0.52866 1.29597 0.81915 0.449618 0.193441
vn 0.924787 -0.236138 -0.298341
v -1.46503 -0.40305 1.29597 0.81915 0.449618 0.193441
vn 0.939476 -0.221414 -0.261459
v -1.47634 -0.277441 1.29597 0.81915 0.449618 0.193441
vn 0.971382 -0.203185 -0.123017
v -1.43103 -0.151831 1.29597 0.859127 0.541359 0.184496
vn 0.848201 -0.302858 -0.434548
v -1.42219 -0.141761 1.29597 0.878426 0.552932 0.196078
vn 0.551302 -0.624466 0.55327
v -1.29985 -0.0262203 1.29597 0.878426 0.552932 0.196078
vn 0.527576 -0.548863 0.648393
v -1.29658 -0.022634 1.29597 0.877737 0.551732 0.196048
vn 0.0691942 -0.973059 0.219926
v -1.04536 -0.0752411 1.29597 0.194782 0.592086 0.233642
vn 0.0510778 -0.998694 0.000990987
v -1.15657 -0.0262203 1.29597 0.194782 0.592086 0.233642
vn -0.693563 -0.557082 0.45676
v -0.967172 -0.0262203 1.29597 0.380257 0.590838 0.482291
vn 0.99351 0 0.113743
v -1.17097 -0.0163136 1.29597 0.380257 0.590838 0.482291
vn 0.497755 -0.822001 0.276683
v -1.04536 0.0638514 1.29597 0.380257 0.590838 0.482291
vn 0.482994 0.825858 0.29099
v -1.07135 0.0993896 1.29597 0.380257 0.590838 0.482291
vn 0.921342 -0.0939092 0.377241
v -1.10047 0.224999 1.29597 0.380257 0.590838 0.482291
vn 0.993059 0.0854608 0.0808136
v -0.400227 -0.277441 1.29597 0.361594 0.539771 0.442329
vn -0.890825 0.440999 -0.109322
v -0.291701 -0.159217 1.29597 0.361594 0.539771 0.442329
vn -0.740505 0.671745 0.0202797
v -0.668531 0.726325 1.29597 0.260223 0.462416 0.278752
vn -0.0407351 -0.976559 0.211358
v -0.67342 0.727439 1.29597 0.260223 0.462416 0.278752
vn -0.0761458 -0.911922 0.403236
v -0.542921 0.70294 1.29597 0.260223 0.462416 0.278752
vn -0.20739 -0.961351 0.181092
v -0.417311 0.672147 1.29597 0.337207 0.513694 0.282351
vn -0.34342 -0.838904 0.42226
v -0.291701 0.618523 1.29597 0.331577 0.509944 0.282088
vn -0.231077 -0.913626 0.334501
v -0.16609 0.581371 1.29597 0.352903 0.411795 0.384273
vn -0.30246 -0.769042 0.56311
v -0.227545 0.60183 1.29597 0.352903 0.411795 0.384273
vn -0.268932 -0.909272 0.317647
v -0.0404806 0.515403 1.29597 0.348186 0.415512 0.379263
vn -0.413982 -0.716874 0.560991
v -1.42219 -0.151831 1.27929 0.859127 0.541359 0.184496
vn 0.481702 -0.566604 0.668523
v -1.29658 -0.151831 1.22118 0.897735 0.564523 0.207661
vn 0.32778 -0.52088 0.78819
v -1.29658 -0.0262203 1.29257 0.878426 0.552932 0.196078
vn 0.053507 -0.50027 0.864215
v -1.17097 -0.0262203 1.28799 0.194782 0.592086 0.233642
vn 0.301965 -0.665125 0.682954
v -0.919751 -0.0262203 1.24121 0.380257 0.590838 0.482291
vn 0.456697 0 0.889622
v -0.291701 -0.151831 1.281 0.361594 0.539771 0.442329
vn -0.841315 0.499207 0.207321
v -0.794141 0.727439 1.26069 0.260223 0.462416 0.278752
vn 0.105868 -0.843891 0.525966
v -0.417311 0.60183 1.19824 0.331577 0.509944 0.282088
vn -0.218422 -0.876665 0.42866
v -0.16609 0.47622 1.17185 0.227542 0.510606 0.2511
vn -0.769197 -0.487799 0.41278
v -1.57925 -1.28232 1.29597 0.351644 0.506764 0.350389
vn 0.908435 -0.314031 -0.275917
v -1.56062 -1.0311 1.29597 0.351644 0.506764 0.350389
vn 0.964097 -0.0547973 -0.259837
v -1.5633 -0.779881 1.29597 0.351644 0.506764 0.350389
vn 0.977348 -0.0361803 -0.208522
v -0.291701 -0.973973 1.29597 0.351644 0.506764 0.350389
vn -0.888692 -0.457771 -0.0259324
v -0.369835 -0.779881 1.29597 0.351644 0.506764 0.350389
vn -0.94549 -0.31812 -0.0696355
v -0.0404806 -1.17827 1.29597 0.351644 0.506764 0.350389
vn -0.272637 -0.947795 0.165392
v -0.24043 -1.0311 1.29597 0.351644 0.506764 0.350389
vn -0.646363 -0.757934 0.0880347
v 0.210739 -1.19354 1.29597 0.351644 0.506764 0.350389
vn 0.412032 -0.842783 0.346332
v -1.5478 -0.727218 1.29597 0.81915 0.449618 0.193441
vn 0.960984 -0.192531 -0.1986
v -0.430669 -0.52866 1.29597 0.358557 0.549679 0.410442
vn -0.964343 -0.0681691 -0.255727
v -0.18818 -0.0262203 1.29597 0.730994 0.416297 0.302274
vn -0.627686 0.726488 0.279689
v -0.0404806 0.0727644 1.29597 0.730994 0.416297 0.302274
vn -0.663346 0.707171 0.244706
v 0.0638914 0.224999 1.29597 0.730994 0.416297 0.302274
vn -0.835858 0.184807 0.516903
v -1.08927 0.47622 1.29597 0.273148 0.486316 0.409959
vn 0.982323 -0.177307 -0.0600374
v -1.04536 0.518538 1.29597 0.136728 0.337048 0.308409
vn 0.636522 -0.741032 0.213802
v -0.825526 0.727439 1.29597 0.273148 0.486316 0.409959
vn 0.632801 -0.681194 0.368155
v -0.794141 0.749616 1.29597 0.27227 0.486984 0.3384
vn 0.308085 -0.89902 0.311201
v 0.00261307 0.47622 1.29597 0.223607 0.484822 0.293286
vn -0.888449 -0.148651 0.434236
v 0.756771 -0.779881 1.29597 0.315212 0.541266 0.342124
vn 0.507447 -0.679191 0.530281
v 0.964399 -0.595244 1.29597 0.315212 0.541266 0.342124
vn 0.502703 -0.602813 0.619602
v 1.06818 -0.52866 1.29597 0.315212 0.541266 0.342124
vn 0.462059 -0.610657 0.643118
v 1.21562 -0.403759 1.29597 0.315212 0.541266 0.342124
vn 0.463545 -0.636247 0.616697
v -5.3161 -3.04424 1.29597 0.351644 0.506764 0.350389
vn 0.0515716 -0.962388 0.266739
v 2.72294 0.383815 1.29597 0.257644 0.531446 0.259643
vn 0.138088 -0.780859 0.609255
v 0.71318 -0.827443 1.29597 0.351644 0.506764 0.350389
vn 0.482854 -0.777129 0.403636
v 3.22538 0.478644 1.29597 0.257644 0.531446 0.259643
vn 0.157238 -0.869071 0.469034
v -4.81366 -3.01621 1.29597 0.351644 0.506764 0.350389
vn 0.10747 -0.962016 0.250949
v 3.72782 0.559684 1.29597 0.257644 0.531446 0.259643
vn 0.150802 -0.921944 0.35676
v -4.31122 -2.92974 1.29597 0.351644 0.506764 0.350389
vn 0.227706 -0.948411 0.220606
v 4.23026 0.658063 1.29597 0.257644 0.531446 0.259643
vn 0.231551 -0.933281 0.274538
v 1.38756 -0.277441 1.29597 0.334204 0.514034 0.34545
vn 0.460571 -0.530858 0.711382
v 4.50271 0.727439 1.29597 0.257644 0.531446 0.259643
vn 0.258976 -0.946589 0.192094
v -3.83231 -2.78964 1.29597 0.351644 0.506764 0.350389
vn 0.269234 -0.931356 0.245131
v -3.80878 -2.7845 1.29597 0.351644 0.506764 0.350389
vn 0.248441 -0.955485 0.159143
v -3.30634 -2.62747 1.29597 0.351644 0.506764 0.350389
vn 0.338018 -0.93543 0.103506
v 4.7327 0.793449 1.29597 0.257644 0.531446 0.259643
vn 0.310421 -0.941003 0.134729
v -2.8039 -2.41546 1.29597 0.351644 0.506764 0.350389
vn 0.425493 -0.903604 0.049551
v 5.23514 0.973485 1.29597 0.257644 0.531446 0.259643
vn 0.37062 -0.92281 0.105176
v -2.5821 -2.2872 1.29597 0.351644 0.506764 0.350389
vn 0.462635 -0.886491 -0.0101397
v -2.30146 -2.14728 1.29597 0.351644 0.506764 0.350389
vn 0.586429 -0.805765 -0.0827267
v 5.73758 1.19159 1.29597 0.257644 0.531446 0.259643
vn 0.40553 -0.910126 0.0849431
v -1.87216 -1.78476 1.29597 0.351644 0.506764 0.350389
vn 0.637883 -0.751437 -0.168663
v 1.71806 0.00611496 1.29597 0.334204 0.514034 0.34545
vn 0.348352 -0.590377 0.728083
v 5.8219 1.22988 1.29597 0.257644 0.531446 0.259643
vn 0.450486 -0.889704 0.0740849
v -1.79902 -1.72076 1.29597 0.351644 0.506764 0.350389
vn 0.845837 -0.502878 -0.177969
v 6.24002 1.44361 1.29597 0.257644 0.531446 0.259643
vn 0.46168 -0.88414 0.071746
v 6.74246 1.7174 1.29597 0.257644 0.531446 0.259643
vn 0.478909 -0.875567 0.0634781
v 2.16026 0.224999 1.29597 0.334204 0.514034 0.34545
vn 0.27329 -0.655679 0.703845
v 6.77014 1.73232 1.29597 0.257644 0.531446 0.259643
vn 0.53102 -0.845263 0.059562
v 2.2205 0.254427 1.29597 0.334204 0.514034 0.34545
vn 0.159108 -0.69892 0.697277
v 7.2449 2.03362 1.29597 0.257644 0.531446 0.259643
vn 0.533882 -0.842876 0.0673088
v 7.56101 2.23476 1.29597 0.257644 0.531446 0.259643
vn 0.554749 -0.829845 0.0600838
v 7.74734 2.37025 1.29597 0.257644 0.531446 0.259643
vn 0.573748 -0.816265 0.0672699
v 8.24978 2.71963 1.29597 0.257644 0.531446 0.259643
vn 0.56797 -0.820544 0.0641727
v 8.27746 2.7372 1.29597 0.257644 0.531446 0.259643
vn 0.533341 -0.84365 0.0616636
v -3.80878 -2.78964 1.25721 0.351644 0.506764 0.350389
vn 0.307207 -0.939889 0.149105
v 2.72294 0.224999 1.03958 0.257644 0.531446 0.259643
vn 0.242094 -0.792004 0.560464
v 1.21562 -0.779881 0.825284 0.351644 0.506764 0.350389
vn 0.493642 -0.702491 0.512664
v 3.22538 0.224999 0.813256 0.257644 0.531446 0.259643
vn 0.231312 -0.829168 0.508897
v 1.71806 -0.277441 0.971178 0.334204 0.514034 0.34545
vn 0.454951 -0.639857 0.619357
v 4.7327 0.727439 0.893074 0.257644 0.531446 0.259643
vn 0.33881 -0.928989 0.148953
v 2.2205 0.224999 1.24954 0.334204 0.514034 0.34545
vn 0.267551 -0.753949 0.599981
v -1.4632 -0.52866 1.42158 0.500351 0.589855 0.471526
vn 0.906558 -0.214978 -0.363232
v -1.42219 -0.408348 1.42158 0.500351 0.589855 0.471526
vn 0.888481 -0.294891 -0.351625
v -1.42084 -0.40305 1.42158 0.500351 0.589855 0.471526
vn 0.856945 -0.324059 -0.400788
v -1.3663 -0.277441 1.42158 0.500351 0.589855 0.471526
vn 0.839814 -0.306636 -0.447981
v -1.33794 -0.151831 1.42158 0.581365 0.560787 0.489214
vn 0.790923 -0.360284 -0.494607
v -1.29658 -0.0524502 1.42158 0.558411 0.669447 0.594968
vn 0.740302 -0.54429 -0.394591
v -1.24559 -0.0262203 1.42158 0.54478 0.672682 0.693016
vn 0.641313 -0.749236 -0.165419
v -1.04536 -0.0422602 1.42158 0.54478 0.672682 0.693016
vn -0.369537 -0.893189 0.256234
v -1.07675 -0.0262203 1.42158 0.54478 0.672682 0.693016
vn -0.68578 0.555979 0.469674
v -1.17097 0.0440083 1.42158 0.372587 0.468635 0.338819
vn 0.770084 -0.60116 0.213489
v -1.04536 -0.00537157 1.42158 0.372587 0.468635 0.338819
vn 0.489472 0.760323 0.426996
v -1.13075 0.0993896 1.42158 0.372587 0.468635 0.338819
vn 0.914396 -0.222664 0.338085
v -1.1269 0.224999 1.42158 0.372587 0.468635 0.338819
vn 0.981927 -0.142058 0.125059
v -1.42219 -0.40305 1.41754 0.500351 0.589855 0.471526
vn 0.894185 -0.0570415 -0.444048
v -1.42219 -0.277441 1.36684 0.500351 0.589855 0.471526
vn 0.747484 -0.245471 -0.617262
v -1.42219 -0.151831 1.31155 0.581365 0.560787 0.489214
vn 0.719393 -0.445024 -0.533317
v -1.29658 -0.0262203 1.32751 0.558411 0.669447 0.594968
vn 0.569384 -0.775639 -0.272371
v -1.40865 -0.52866 1.54719 0.500351 0.589855 0.471526
vn 0.913114 -0.206331 -0.35164
v -1.36906 -0.40305 1.54719 0.500351 0.589855 0.471526
vn 0.919202 -0.269966 -0.286679
v -1.33001 -0.277441 1.54719 0.500351 0.589855 0.471526
vn 0.905942 -0.359119 -0.224282
v -1.29658 -0.224578 1.54719 0.648855 0.241431 0.178417
vn 0.783576 -0.606055 -0.136773
v -1.17097 -0.154489 1.54719 0.54478 0.672682 0.693016
vn 0.4863 -0.873792 0
v -1.16587 -0.151831 1.54719 0.54478 0.672682 0.693016
vn 1 0 0
v -1.17097 -0.104708 1.54719 0.552875 0.682274 0.709668
vn 0.879768 0.361621 0.308608
v -1.1975 -0.0262203 1.54719 0.552875 0.682274 0.709668
vn 0.933802 -0.319486 -0.161063
v -1.17097 0.0358419 1.54719 0.372587 0.468635 0.338819
vn 0.86767 -0.417966 0.269171
v -1.16423 0.0993896 1.54719 0.372587 0.468635 0.338819
vn 0.810965 -0.582601 -0.0539679
v -1.15953 0.224999 1.54719 0.372587 0.468635 0.338819
vn 0.926008 -0.280151 -0.25303
v 0.71318 0.580221 1.54719 0.342243 0.480151 0.25206
vn -0.294306 -0.609636 0.736021
v 0.615189 0.60183 1.54719 0.342243 0.480151 0.25206
vn -0.011502 -0.552333 0.833544
v 0.587569 0.610028 1.54719 0.342243 0.480151 0.25206
vn -0.49637 -0.224243 0.838649
v 0.504969 0.727439 1.54719 0.342243 0.480151 0.25206
vn -0.652424 -0.668811 0.35642
v -0.0404806 0.752491 1.54719 0.342243 0.480151 0.25206
vn -0.0329766 -0.742502 0.669032
v 0.0851293 0.75976 1.54719 0.342243 0.480151 0.25206
vn -0.0400594 -0.777822 0.627207
v 0.210739 0.747987 1.54719 0.342243 0.480151 0.25206
vn -0.157293 -0.863678 0.478872
v 0.336349 0.730623 1.54719 0.549827 0.5021 0.344834
vn 0.037138 -0.945927 0.322245
v 0.461959 0.790157 1.54719 0.30196 0.606197 0.39142
vn -0.0184004 -0.974504 0.223614
v -1.42219 -0.52866 1.51645 0.500351 0.589855 0.471526
vn 0.893355 -0.236014 -0.382379
v -1.29658 -0.151831 1.50078 0.648855 0.241431 0.178417
vn 0.692908 -0.336299 -0.637795
v -1.17097 -0.151831 1.54422 0.54478 0.672682 0.693016
vn 0.316154 -0.331293 -0.888983
v -1.04536 -0.0262203 1.45636 0.54478 0.672682 0.693016
vn 0.673469 -0.612943 0.413207
v -1.46476 -1.28232 1.54719 0.351644 0.506764 0.350389
vn 0.808336 -0.349716 -0.473594
v 0.71318 0.32017 1.54719 0.310016 0.514875 0.224511
vn -0.0144679 0.299504 0.953985
v -1.45705 -1.0311 1.54719 0.351644 0.506764 0.350389
vn 0.885392 -0.0165577 -0.46455
v 0.875381 0.47622 1.54719 0.310016 0.514875 0.224511
vn -0.31882 -0.265416 0.909895
v -1.4594 -0.779881 1.54719 0.351644 0.506764 0.350389
vn 0.894657 -0.0525879 -0.443647
v 1.00049 0.224999 1.54719 0.310016 0.514875 0.224511
vn 0.220092 -0.179425 0.958836
v -0.291701 -0.922391 1.54719 0.351644 0.506764 0.350389
vn -0.771523 -0.622462 0.131507
v 1.21562 0.29994 1.54719 0.310016 0.514875 0.224511
vn 0.0734117 -0.45118 0.889408
v -0.371663 -0.779881 1.54719 0.351644 0.506764 0.350389
vn -0.888232 -0.457672 0.0397532
v -0.0404806 -1.07669 1.54719 0.351644 0.506764 0.350389
vn -0.176175 -0.88643 0.428023
v -0.13234 -1.0311 1.54719 0.351644 0.506764 0.350389
vn -0.33309 -0.848881 0.41043
v 0.210739 -1.04343 1.54719 0.351644 0.506764 0.350389
vn 0.443367 -0.763406 0.46972
v -0.794141 -0.542823 1.54719 0.434653 0.52797 0.420534
vn -0.0302087 -0.95051 -0.309222
v -0.803065 -0.52866 1.54719 0.434653 0.52797 0.420534
vn -1 0 0
v -0.794141 -0.510633 1.54719 0.434653 0.52797 0.420534
vn -0.0206271 0.983771 0.178239
v -0.542921 -0.539761 1.54719 0.619041 0.687379 0.739456
vn -0.729133 -0.631115 -0.264685
v -0.542921 -0.520339 1.54719 0.619041 0.687379 0.739456
vn -0.780066 0.499303 -0.377084
v -0.421709 -0.277441 1.54719 0.619041 0.687379 0.739456
vn -0.900945 0.431087 0.0496211
v -0.291701 -0.149731 1.54719 0.434653 0.52797 0.420534
vn -0.721158 0.692294 0.0257069
v 0.494491 -0.779881 1.54719 0.812963 0.782126 0.708048
vn 0.591492 -0.572012 0.568277
v 0.648552 -0.52866 1.54719 0.812963 0.782126 0.708048
vn 0.614296 -0.310182 0.725553
v 0.71318 -0.465773 1.54719 0.812963 0.782126 0.708048
vn 0.394523 -0.448674 0.8019
v -0.162868 -0.0262203 1.54719 0.768578 0.384395 0.333379
vn -0.676974 0.735929 0.0107277
v -0.0404806 0.0551891 1.54719 0.762625 0.394123 0.338828
vn -0.697047 0.673334 -0.246469
v 0.15273 0.224999 1.54719 0.762625 0.394123 0.338828
vn -0.649679 0.757125 -0.0684084
v -1.05023 0.47622 1.54719 0.283858 0.550548 0.402703
vn 0.980107 -0.15513 -0.123796
v -1.04536 0.484472 1.54719 0.283858 0.550548 0.402703
vn 0.85237 -0.522855 -0.00937847
v -0.927181 0.727439 1.54719 0.502289 0.595341 0.654678
vn 0.751745 -0.658689 -0.0317606
v -0.794141 0.832477 1.54719 0.419599 0.552948 0.547697
vn 0.281492 -0.957721 0.0594383
v -0.542921 0.844113 1.54719 0.474437 0.60782 0.611665
vn 0.0529381 -0.919393 0.389762
v -0.291701 0.771922 1.54719 0.466061 0.605119 0.600173
vn -0.157945 -0.738146 0.655892
v 0.210739 0.32133 1.54719 0.321138 0.412731 0.304072
vn -0.331179 0.697917 0.635005
v 0.461959 0.384012 1.54719 0.342243 0.480151 0.25206
vn 0.0641115 0.420148 0.905188
v 0.901448 -0.277441 1.54719 0.315212 0.541266 0.342124
vn 0.472752 -0.291902 0.831444
v 0.964399 -0.0507555 1.54719 0.315212 0.541266 0.342124
vn 0.435793 -0.18041 0.88178
v 0.978453 -0.0262203 1.54719 0.315212 0.541266 0.342124
vn 0.379877 -0.0483391 0.923773
v -1.5478 -1.28232 1.3669 0.351644 0.506764 0.350389
vn 0.883427 -0.313356 -0.348376
v -1.5478 -1.0311 1.32711 0.351644 0.506764 0.350389
vn 0.924332 -0.0153556 -0.38128
v 0.71318 0.47622 1.46767 0.310016 0.514875 0.224511
vn -0.0393957 0.027714 0.998839
v -1.5478 -0.779881 1.33318 0.351644 0.506764 0.350389
vn 0.923702 -0.0873514 -0.37302
v 1.21562 0.224999 1.50562 0.310016 0.514875 0.224511
vn 0.182225 -0.311656 0.932558
v -0.794141 -0.52866 1.53849 0.434653 0.52797 0.420534
vn -0.0180205 0.201345 -0.979355
v -0.542921 -0.52866 1.53863 0.619041 0.687379 0.739456
vn -0.396617 -0.185154 -0.899118
v 0.71318 -0.779881 1.31871 0.812963 0.782126 0.708048
vn 0.629985 -0.412089 0.658256
v 0.71318 -0.52866 1.48558 0.812963 0.782126 0.708048
vn 0.46783 -0.503986 0.726039
v -0.542921 0.727439 1.34569 0.386305 0.579401 0.490756
vn -0.23456 -0.84718 0.476727
v -0.291701 0.727439 1.48838 0.386305 0.579401 0.490756
vn -0.18649 -0.829983 0.52569
v 0.210739 0.47622 1.46753 0.321138 0.412731 0.304072
vn -0.390548 -0.13976 0.909912
v -0.0404806 0.727439 1.51682 0.336989 0.415638 0.367563
vn -0.235963 -0.62535 0.743814
v 0.210739 0.727439 1.51094 0.302277 0.40021 0.247998
vn 0.0381127 -0.340804 0.939361
v 0.461959 0.47622 1.5207 0.342243 0.480151 0.25206
vn -0.102844 0.132319 0.985857
v 0.461959 0.727439 1.49096 0.342243 0.480151 0.25206
vn -0.144388 -0.142997 0.979134
v 0.964399 -0.52866 1.33251 0.315212 0.541266 0.342124
vn 0.460338 -0.494266 0.737421
v 0.964399 -0.277441 1.48418 0.315212 0.541266 0.342124
vn 0.449554 -0.346502 0.823309
v 1.21562 -0.277441 1.34699 0.315212 0.541266 0.342124
vn 0.384266 -0.325452 0.863956
v 1.21562 -0.0262203 1.43819 0.315212 0.541266 0.342124
vn 0.298588 -0.292522 0.908447
v -1.35714 -0.52866 1.6728 0.500351 0.589855 0.471526
vn 0.912532 -0.112189 -0.393317
v -1.33521 -0.40305 1.6728 0.500351 0.589855 0.471526
vn 0.945075 -0.190989 -0.265249
v -1.3094 -0.277441 1.6728 0.500351 0.589855 0.471526
vn 0.959311 -0.214594 -0.183499
v -1.29658 -0.224358 1.6728 0.580415 0.561128 0.489007
vn 0.976671 -0.214291 -0.0139029
v -1.29658 -0.0957937 1.6728 0.580415 0.561128 0.489007
vn 0.844541 0.302117 0.442126
v -1.30974 -0.0262203 1.6728 0.580415 0.561128 0.489007
vn 0.952887 0.203896 0.224572
v -1.281 -0.151831 1.6728 0.372587 0.468635 0.338819
vn 0.80599 -0.337707 0.486142
v 0.71318 0.708852 1.6728 0.342243 0.480151 0.25206
vn -0.177344 -0.667225 0.723436
v 0.625121 0.727439 1.6728 0.342243 0.480151 0.25206
vn -0.104182 -0.763763 0.637034
v 0.0851293 0.850781 1.6728 0.342243 0.480151 0.25206
vn -0.186172 -0.840717 0.508464
v 0.0714827 0.85305 1.6728 0.342243 0.480151 0.25206
vn -0.157411 -0.768528 0.620151
v 0.210739 0.806495 1.6728 0.342243 0.480151 0.25206
vn -0.32431 -0.918213 0.227393
v -0.0404806 0.872074 1.6728 0.342243 0.480151 0.25206
vn -0.134363 -0.723693 0.676915
v 0.336349 0.784135 1.6728 0.549827 0.5021 0.344834
vn 0.153666 -0.955965 0.250037
v 0.461959 0.769166 1.6728 0.30196 0.606197 0.39142
vn -0.229199 -0.887534 0.39969
v 0.587569 0.732278 1.6728 0.455942 0.513424 0.323352
vn -0.216178 -0.84532 0.488571
v -1.29658 -0.0262203 1.60963 0.580415 0.561128 0.489007
vn 0.803224 -0.299303 0.515023
v -1.17097 -0.151831 1.55061 0.372587 0.468635 0.338819
vn 0.583677 -0.611628 0.534072
v 0.71318 0.60183 1.57171 0.342243 0.480151 0.25206
vn -0.245994 -0.62181 0.743531
v 0.587569 0.727439 1.66397 0.342243 0.480151 0.25206
vn -0.458635 -0.749286 0.477728
v -0.0404806 0.85305 1.64992 0.342243 0.480151 0.25206
vn -0.0678596 -0.71501 0.695813
v -1.31678 -0.52866 1.79841 0.500351 0.589855 0.471526
vn 0.947234 -0.0354252 -0.318578
v -1.30196 -0.40305 1.79841 0.500351 0.589855 0.471526
vn 0.951308 -0.120537 -0.283697
v -1.29658 -0.336103 1.79841 0.500351 0.589855 0.471526
vn 0.978982 -0.0795384 -0.187798
v -1.29658 -0.266031 1.79841 0.580415 0.561128 0.489007
vn 0.946578 0.322474 -0.000439605
v -1.32385 -0.151831 1.79841 0.580415 0.561128 0.489007
vn 0.931095 0.333432 0.147934
v -1.34107 -0.0262203 1.79841 0.580415 0.561128 0.489007
vn 0.951783 -0.105694 0.287988
v -1.29277 -0.277441 1.79841 0.434653 0.52797 0.420534
vn 0.984504 0 -0.17536
v 0.336349 0.720531 1.79841 0.342243 0.480151 0.25206
vn 0 -1 0
v 0.327839 0.727439 1.79841 0.342243 0.480151 0.25206
vn -0.531968 -0.645794 0.547686
v 0.374435 0.727439 1.79841 0.342243 0.480151 0.25206
vn 0.863642 -0.371819 0.3404
v 0.210739 0.836563 1.79841 0.342243 0.480151 0.25206
vn -0.618363 -0.765523 0.17777
v 0.181857 0.85305 1.79841 0.342243 0.480151 0.25206
vn -0.506233 -0.662295 0.552352
v 0.0851293 0.948806 1.79841 0.342243 0.480151 0.25206
vn -0.386653 -0.676439 0.626842
v -0.000269413 0.97866 1.79841 0.342243 0.480151 0.25206
vn -0.325321 -0.746047 0.581017
v -0.0404806 0.993044 1.79841 0.342243 0.480151 0.25206
vn -0.266168 -0.662953 0.699748
v 0.393438 0.85305 1.79841 0.549827 0.5021 0.344834
vn 0.830661 -0.406385 0.380597
v 0.461959 0.919454 1.79841 0.799965 0.397729 0.298768
vn -0.189904 -0.764177 0.616417
v 0.587569 0.805145 1.79841 0.455942 0.513424 0.323352
vn -0.2358 -0.751331 0.616361
v 0.545083 0.85305 1.79841 0.455942 0.513424 0.323352
vn -0.549053 -0.603334 0.578384
v 0.71318 0.807837 1.79841 0.455942 0.513424 0.323352
vn -0.0814619 -0.799534 0.59507
v -0.788067 0.727439 1.79841 0.513691 0.607835 0.654857
vn 0.637288 -0.761205 -0.120134
v -0.668531 0.814776 1.79841 0.513691 0.607835 0.654857
vn 0.380422 -0.918171 -0.110642
v -0.610873 0.85305 1.79841 0.513691 0.607835 0.654857
vn 0.564918 -0.810108 0.156821
v -0.542921 0.902369 1.79841 0.513691 0.607835 0.654857
vn 0.583294 -0.766655 0.268342
v -0.420409 0.97866 1.79841 0.509379 0.606873 0.649303
vn 0.421992 -0.780245 0.461671
v -0.417311 0.981036 1.79841 0.509379 0.606873 0.649303
vn 0.249125 -0.604875 0.756349
v -0.291701 1.03242 1.79841 0.509379 0.606873 0.649303
vn 0.141016 -0.668026 0.730655
v -0.16609 1.03321 1.79841 0.173489 0.543723 0.141519
vn -0.0729346 -0.621967 0.779639
v -1.29658 -0.277441 1.774 0.500351 0.589855 0.471526
vn 0.988741 -0.102923 -0.10862
v -1.29658 -0.151831 1.7182 0.580415 0.561128 0.489007
vn 0.966073 0.116677 0.230411
v 0.336349 0.727439 1.77678 0.342243 0.480151 0.25206
vn -0.0181084 -0.950663 -0.309695
v 0.71318 0.727439 1.68756 0.342243 0.480151 0.25206
vn -0.143806 -0.767243 0.625027
v 0.0851293 0.85305 1.6754 0.342243 0.480151 0.25206
vn -0.471889 -0.782499 0.406222
v -0.0404806 0.97866 1.78191 0.342243 0.480151 0.25206
vn -0.141763 -0.673629 0.725346
v 0.461959 0.85305 1.72831 0.549827 0.5021 0.344834
vn -0.138254 -0.703071 0.697551
v -1.29658 -1.01457 1.79841 0.351644 0.506764 0.350389
vn 0.784342 0.0617732 -0.617245
v 1.21562 0.664628 1.79841 0.310016 0.514875 0.224511
vn -0.0344804 -0.562209 0.826276
v -1.31606 -0.779881 1.79841 0.351644 0.506764 0.350389
vn 0.887334 -0.00781953 -0.461061
v -1.27956 -1.28232 1.79841 0.351644 0.506764 0.350389
vn 0.641384 -0.00582699 -0.767198
v 1.10272 0.727439 1.79841 0.310016 0.514875 0.224511
vn -0.151484 -0.645669 0.748441
v -1.29379 -1.0311 1.79841 0.351644 0.506764 0.350389
vn 0.632106 0.0398576 -0.773856
v 0.964399 0.766524 1.79841 0.318881 0.562963 0.265589
vn -0.19055 -0.770693 0.608049
v -0.291701 -0.863444 1.79841 0.351644 0.506764 0.350389
vn -0.389222 -0.859439 0.331467
v -0.34962 -0.779881 1.79841 0.351644 0.506764 0.350389
vn -0.918834 -0.388685 0.0683208
v -0.0404806 -0.848465 1.79841 0.351644 0.506764 0.350389
vn 0.113701 -0.850836 0.512981
v 0.13364 -0.779881 1.79841 0.351644 0.506764 0.350389
vn 0.333056 -0.57698 0.745767
v -1.29658 0.0381141 1.79841 0.580415 0.561128 0.489007
vn 0.276415 -0.959646 -0.0517211
v -0.41997 -0.52866 1.79841 0.619041 0.687379 0.739456
vn -0.981492 0.00990268 0.191249
v -0.364095 -0.277441 1.79841 0.619041 0.687379 0.739456
vn -0.90021 0.412153 0.140543
v -1.04536 0.101732 1.79841 0.173087 0.431952 0.292239
vn 0.573628 -0.654228 -0.492886
v -0.984317 0.224999 1.79841 0.780658 0.298271 0.210026
vn 0.788928 0.284877 -0.544462
v -0.291701 -0.170375 1.79841 0.434653 0.52797 0.420534
vn -0.815958 0.577855 0.0171833
v 0.210739 -0.744403 1.79841 0.672873 0.540798 0.420992
vn 0.502852 -0.302014 0.809893
v 0.308361 -0.52866 1.79841 0.81761 0.790131 0.71757
vn 0.465175 -0.00843587 0.885178
v 0.2262 -0.277441 1.79841 0.812963 0.782126 0.708048
vn 0.482781 0.0374037 0.874942
v -0.190938 -0.0262203 1.79841 0.762625 0.394123 0.338828
vn -0.906692 0.234903 -0.350329
v -0.285747 0.224999 1.79841 0.762625 0.394123 0.338828
vn -0.927084 0.229581 -0.296323
v 0.240892 -0.0262203 1.79841 0.763982 0.365988 0.188196
vn 0.596523 -0.0991235 0.796452
v 0.30969 0.224999 1.79841 0.763982 0.365988 0.188196
vn 0.880829 0.188869 0.434129
v -1.04536 0.400798 1.79841 0.0547498 0.502747 0.141552
vn 0.940164 0.319672 -0.117904
v -1.10745 0.47622 1.79841 0.0547498 0.502747 0.141552
vn 0.999652 -0.025019 -0.00833308
v -1.04536 0.505469 1.79841 0.283858 0.550548 0.402703
vn 0.608659 -0.742082 -0.280801
v -0.794141 0.720924 1.79841 0.283858 0.550548 0.402703
vn 0.704446 -0.605541 -0.370238
v -0.0404806 0.345909 1.79841 0.321138 0.412731 0.304072
vn -0.200164 0.96223 -0.18452
v 0.210739 0.283533 1.79841 0.321138 0.412731 0.304072
vn 0.150682 0.976214 -0.155886
v 0.71318 0.224999 1.58461 0.310016 0.514875 0.224511
vn 0.153536 0.332898 0.930379
v -1.29658 -1.28232 1.78029 0.351644 0.506764 0.350389
vn 0.804079 -0.00547417 -0.594497
v 0.964399 0.224999 1.55177 0.310016 0.514875 0.224511
vn 0.109221 0.0864812 0.990248
v 0.964399 0.47622 1.59697 0.310016 0.514875 0.224511
vn -0.197432 -0.427431 0.882226
v -1.29658 -1.0311 1.79547 0.351644 0.506764 0.350389
vn 0.825664 0.00762383 -0.564111
v 1.21562 0.47622 1.65722 0.310016 0.514875 0.224511
vn 0.00489696 -0.59972 0.800195
v 0.964399 0.727439 1.75597 0.310016 0.514875 0.224511
vn -0.274914 -0.579911 0.766893
v -0.0404806 -1.0311 1.5997 0.351644 0.506764 0.350389
vn 0.0662865 -0.704156 0.706945
v 0.210739 -1.0311 1.56502 0.351644 0.506764 0.350389
vn 0.295021 -0.645102 0.704845
v 0.210739 -0.779881 1.78218 0.351644 0.506764 0.350389
vn 0.447555 -0.56457 0.693509
v -0.794141 -0.52866 1.56317 0.434653 0.52797 0.420534
vn -0.0482606 -0.416239 0.907973
v -0.542921 -0.52866 1.56756 0.619041 0.687379 0.739456
vn -0.860103 -0.0585342 0.506751
v -1.04536 0.224999 1.71998 0.173087 0.431952 0.292239
vn 0.900589 -0.151904 -0.407265
v 0.461959 -0.779881 1.58653 0.81761 0.790131 0.71757
vn 0.565073 -0.472787 0.67614
v 0.461959 -0.52866 1.70669 0.81761 0.790131 0.71757
vn 0.594389 -0.218211 0.774006
v 0.461959 -0.277441 1.70412 0.812963 0.782126 0.708048
vn 0.377141 -0.064424 0.923912
v 0.71318 -0.277441 1.62945 0.812963 0.782126 0.708048
vn 0.327715 -0.224282 0.917769
v -0.0404806 0.224999 1.66501 0.762625 0.394123 0.338828
vn -0.444534 0.551434 -0.705911
v 0.461959 -0.0262203 1.70364 0.763982 0.365988 0.188196
vn 0.376921 0.0529139 0.924733
v 0.71318 -0.0262203 1.65461 0.722071 0.271718 0.188235
vn 0.271046 0.0646552 0.960393
v 0.461959 0.224999 1.63714 0.763982 0.365988 0.188196
vn 0.273593 0.466889 0.840929
v -0.794141 0.727439 1.79343 0.283858 0.550548 0.402703
vn 0.575534 -0.748463 -0.32949
v -0.291701 0.97866 1.74122 0.466061 0.605119 0.600173
vn -0.0618064 -0.73106 0.679508
v 0.964399 -0.0262203 1.55085 0.315212 0.541266 0.342124
vn 0.375282 -0.0153793 0.926783
v 1.71806 0.689701 1.79841 0.318881 0.562963 0.265589
vn 0.0599973 -0.613817 0.787165
v -5.3161 -2.89375 1.79841 0.351644 0.506764 0.350389
vn 0.0461596 -0.947551 0.316253
v 1.96013 0.727439 1.79841 0.315212 0.541266 0.342124
vn 0.12821 -0.695698 0.7068
v 2.72294 0.820554 1.79841 0.257644 0.531446 0.259643
vn 0.00657217 -0.784308 0.620336
v 2.2205 0.767731 1.79841 0.315212 0.541266 0.342124
vn 0.0758344 -0.747966 0.659391
v -4.81366 -2.86903 1.79841 0.351644 0.506764 0.350389
vn 0.0852059 -0.951376 0.296013
v 3.22538 0.805068 1.79841 0.257644 0.531446 0.259643
vn -0.086124 -0.837702 0.539294
v -4.31122 -2.79219 1.79841 0.351644 0.506764 0.350389
vn 0.155298 -0.950344 0.269683
v 3.72782 0.771044 1.79841 0.257644 0.531446 0.259643
vn -0.0940821 -0.910563 0.402523
v -4.30153 -2.78964 1.79841 0.351644 0.506764 0.350389
vn 0.215812 -0.950014 0.225606
v -3.80878 -2.69326 1.79841 0.351644 0.506764 0.350389
vn 0.212469 -0.955221 0.205938
v 4.23026 0.783154 1.79841 0.257644 0.531446 0.259643
vn 0.0496138 -0.971067 0.233599
v -3.30634 -2.55825 1.79841 0.351644 0.506764 0.350389
vn 0.285362 -0.945834 0.15481
v -2.8039 -2.38502 1.79841 0.351644 0.506764 0.350389
vn 0.355107 -0.929976 0.0950967
v 4.7327 0.86951 1.79841 0.257644 0.531446 0.259643
vn 0.244037 -0.958804 0.145401
v -2.5826 -2.2872 1.79841 0.351644 0.506764 0.350389
vn 0.394279 -0.918053 0.0414953
v -2.30146 -2.18573 1.79841 0.351644 0.506764 0.350389
vn 0.409258 -0.906844 -0.100712
v -1.79902 -1.91682 1.79841 0.351644 0.506764 0.350389
vn 0.494937 -0.824519 -0.274237
v 5.23514 1.02728 1.79841 0.257644 0.531446 0.259643
vn 0.345269 -0.932322 0.107543
v -1.63348 -1.78476 1.79841 0.351644 0.506764 0.350389
vn 0.626958 -0.635542 -0.450566
v 5.72273 1.22988 1.79841 0.257644 0.531446 0.259643
vn 0.383535 -0.918834 0.0929746
v -1.29658 -1.32215 1.79841 0.351644 0.506764 0.350389
vn 0.638977 -0.468685 -0.609953
v 5.73758 1.237 1.79841 0.257644 0.531446 0.259643
vn 0.441417 -0.892181 0.0957267
v 6.24002 1.48685 1.79841 0.257644 0.531446 0.259643
vn 0.461871 -0.882718 0.0865082
v 6.696 1.73232 1.79841 0.257644 0.531446 0.259643
vn 0.479139 -0.873708 0.0840217
v 6.74246 1.76239 1.79841 0.257644 0.531446 0.259643
vn 0.529341 -0.843065 0.0950809
v 7.2449 2.07909 1.79841 0.257644 0.531446 0.259643
vn 0.530177 -0.843654 0.0846226
v 7.49265 2.23476 1.79841 0.257644 0.531446 0.259643
vn 0.556829 -0.826493 0.0827735
v 7.74734 2.41853 1.79841 0.257644 0.531446 0.259643
vn 0.571568 -0.816044 0.0859186
v 8.2066 2.7372 1.79841 0.257644 0.531446 0.259643
vn 0.575483 -0.813532 0.0835793
v 8.24978 2.77395 1.79841 0.257644 0.531446 0.259643
vn 0.643696 -0.759148 0.0966922
v 2.72294 0.727439 1.65911 0.257644 0.531446 0.259643
vn 0.0927392 -0.732748 0.674151
v 3.22538 0.727439 1.65498 0.257644 0.531446 0.259643
vn 0.0274516 -0.810127 0.585611
v 1.71806 0.224999 1.40698 0.315212 0.541266 0.342124
vn 0.155427 -0.559636 0.814033
v 3.72782 0.727439 1.67938 0.257644 0.531446 0.259643
vn 0.0488979 -0.907094 0.418078
v -1.79902 -1.78476 1.45106 0.351644 0.506764 0.350389
vn 0.672788 -0.693628 -0.257364
v 4.23026 0.727439 1.55945 0.257644 0.531446 0.259643
vn 0.147367 -0.952716 0.265734
v 2.2205 0.727439 1.73646 0.315212 0.541266 0.342124
vn 0.143537 -0.687895 0.711476
v 5.73758 1.22988 1.71732 0.257644 0.531446 0.259643
vn 0.409516 -0.907955 0.0889651
v 6.74246 1.73232 1.46829 0.257644 0.531446 0.259643
vn 0.514714 -0.854026 0.0755553
v 8.24978 2.7372 1.4719 0.257644 0.531446 0.259643
vn 0.571317 -0.816977 0.0783944
v -0.753047 0.727439 1.92402 0.513691 0.607835 0.654857
vn 0.64139 -0.736308 0.215568
v -0.668531 0.809955 1.92402 0.513691 0.607835 0.654857
vn 0.679556 -0.733043 0.0291748
v -0.634714 0.85305 1.92402 0.513691 0.607835 0.654857
vn 0.72195 -0.567917 0.395295
v -0.548376 0.97866 1.92402 0.513691 0.607835 0.654857
vn 0.599369 -0.398828 0.694041
v -0.542921 0.990999 1.92402 0.509379 0.606873 0.649303
vn 0.556048 -0.208433 0.804591
v -0.466384 1.10427 1.92402 0.509379 0.606873 0.649303
vn 0.385891 -0.426372 0.818104
v -0.417311 1.13691 1.92402 0.509379 0.606873 0.649303
vn 0.181755 -0.569918 0.801348
v -0.291701 1.17585 1.92402 0.509379 0.606873 0.649303
vn 0.100378 -0.668064 0.737303
v -0.16609 1.18211 1.92402 0.173489 0.543723 0.141519
vn -0.0955104 -0.60237 0.792483
v -0.0404806 1.12501 1.92402 0.173489 0.543723 0.141519
vn -0.231367 -0.29926 0.925696
v 0.0851293 1.00012 1.92402 0.149237 0.552859 0.125632
vn -0.144128 -0.643575 0.75169
v -0.0321422 1.10427 1.92402 0.149237 0.552859 0.125632
vn -0.413797 -0.416173 0.809674
v 0.192514 1.10427 1.92402 0.149237 0.552859 0.125632
vn 0.388078 -0.351371 0.852017
v 0.210739 1.12832 1.92402 0.149237 0.552859 0.125632
vn 0.0803913 -0.245878 0.965961
v 0.461959 0.775887 1.92402 0.228503 0.663749 0.361591
vn 0 -1 0
v 0.340245 0.85305 1.92402 0.228503 0.663749 0.361591
vn -1 0 0
v 0.461959 0.978393 1.92402 0.261651 0.448312 0.263481
vn 0 1 0
v 0.554873 0.85305 1.92402 0.254531 0.52709 0.248111
vn 1 0 0
v 0.587569 0.928029 1.92402 0.254531 0.52709 0.248111
vn -0.279673 -0.741882 0.609421
v 0.463074 0.97866 1.92402 0.254531 0.52709 0.248111
vn -0.32526 -0.800707 0.503066
v 0.71318 0.926419 1.92402 0.254531 0.52709 0.248111
vn -0.135485 -0.736695 0.662513
v 0.336349 1.02802 1.92402 0.315671 0.52353 0.331352
vn -0.223077 -0.451034 0.864179
v 0.253864 1.10427 1.92402 0.315671 0.52353 0.331352
vn -0.308399 -0.386414 0.869238
v 0.461959 0.979236 1.92402 0.313801 0.523639 0.328805
vn -0.282081 -0.500233 0.818656
v -0.542921 0.97866 1.91687 0.513691 0.607835 0.654857
vn 0.635124 -0.635317 0.439306
v -0.417311 1.10427 1.89725 0.509379 0.606873 0.649303
vn 0.2703 -0.618943 0.73746
v -0.291701 1.10427 1.85647 0.509379 0.606873 0.649303
vn 0.146101 -0.635572 0.758092
v 0.336349 0.727439 1.80452 0.465569 0.365197 0.19255
vn 0 -0.657279 0.753648
v 0.210739 0.85305 1.82876 0.173489 0.543723 0.141519
vn -0.469378 -0.320204 0.822893
v 0.0851293 0.97866 1.85639 0.173489 0.543723 0.141519
vn -0.12908 -0.917985 0.375023
v 0.210739 0.97866 1.87104 0.173489 0.543723 0.141519
vn -0.124083 -0.485157 0.865578
v -0.16609 1.10427 1.85174 0.173489 0.543723 0.141519
vn -0.15302 -0.655509 0.739522
v -0.0404806 1.10427 1.91152 0.173489 0.543723 0.141519
vn -0.440794 -0.660556 0.607755
v 0.210739 1.10427 1.90814 0.149237 0.552859 0.125632
vn 0 -0.333713 0.942675
v 0.336349 0.85305 1.91399 0.274114 0.344473 0.129736
vn 0.139892 -0.280544 0.949592
v 0.461959 0.85305 1.83694 0.228503 0.663749 0.361591
vn 0 0 -1
v 0.336349 0.97866 1.88224 0.236105 0.41669 0.232361
vn 0.0380519 -0.404835 0.913598
v 0.461959 0.97866 1.92335 0.261651 0.448312 0.263481
vn -0.176787 -0.82491 0.536909
v 0.587569 0.85305 1.84755 0.254531 0.52709 0.248111
vn -0.253457 -0.700441 0.667189
v 0.71318 0.85305 1.8499 0.254531 0.52709 0.248111
vn -0.066457 -0.724262 0.686315
v -0.814449 0.727439 2.04963 0.386305 0.579401 0.490756
vn 0.564966 -0.121376 0.816138
v -0.794141 0.747185 2.04963 0.386305 0.579401 0.490756
vn 0.58496 -0.439419 0.681713
v -0.720091 0.85305 2.04963 0.513691 0.607835 0.654857
vn 0.67379 -0.3391 0.65652
v -0.542921 0.819262 2.04963 0.513725 0.607843 0.654902
vn 0 -1 0
v -0.617274 0.85305 2.04963 0.513725 0.607843 0.654902
vn -1 0 0
v -0.701389 0.97866 2.04963 0.513691 0.607835 0.654857
vn 0.558472 0.0143379 0.8294
v -0.542921 0.88487 2.04963 0.513691 0.607835 0.654857
vn 0 1 0
v -0.52464 0.85305 2.04963 0.509379 0.606873 0.649303
vn 1 0 0
v -0.743116 1.10427 2.04963 0.509379 0.606873 0.649303
vn 0.457043 0.00945369 0.889394
v -0.703271 1.22988 2.04963 0.509379 0.606873 0.649303
vn 0.428985 -0.431231 0.793732
v 0.71318 1.06343 2.04963 0.254531 0.52709 0.248111
vn -0.0681096 -0.672311 0.737129
v 0.62031 1.10427 2.04963 0.254531 0.52709 0.248111
vn -0.321959 -0.663544 0.675316
v 0.587569 1.12439 2.04963 0.254531 0.52709 0.248111
vn -0.487377 -0.53488 0.690194
v 0.483336 1.22988 2.04963 0.254531 0.52709 0.248111
vn -0.321692 -0.840865 0.435271
v -0.668531 1.24987 2.04963 0.23924 0.52783 0.152239
vn 0.224758 -0.834043 0.503841
v -0.542921 1.27894 2.04963 0.23924 0.52783 0.152239
vn 0.0910631 -0.846229 0.52498
v -0.417311 1.2842 2.04963 0.23924 0.52783 0.152239
vn -0.00130237 -0.894577 0.446912
v -0.291701 1.28056 2.04963 0.23924 0.52783 0.152239
vn 0.00588909 -0.897827 0.440309
v -0.16609 1.2844 2.04963 0.215156 0.528682 0.326049
vn 0.0314931 -0.917692 0.396043
v -0.0404806 1.29514 2.04963 0.215156 0.528682 0.326049
vn 0.217743 -0.849948 0.479768
v 0.0359354 1.35549 2.04963 0.162041 0.418298 0.153112
vn 0.641328 -0.628536 0.440046
v 0.210739 1.3362 2.04963 0.162041 0.418298 0.153112
vn -0.470487 -0.752307 0.461168
v 0.181326 1.35549 2.04963 0.162041 0.418298 0.153112
vn -0.5263 -0.808743 0.262568
v 0.0685201 1.4811 2.04963 0.160794 0.415707 0.149052
vn 0.8384 -0.251455 -0.483586
v 0.123966 1.4811 2.04963 0.162041 0.418298 0.153112
vn -0.618914 -0.315255 0.719416
v 0.336349 1.23625 2.04963 0.283115 0.480726 0.261932
vn -0.39317 -0.860643 0.323589
v 0.461959 1.23857 2.04963 0.283115 0.480726 0.261932
vn -0.0403848 -0.998344 0.0409646
v 0.0851293 1.49363 2.04963 0.215156 0.528682 0.326049
vn 0 -1 0
v -0.794141 0.727439 2.01937 0.386305 0.579401 0.490756
vn 0.951593 -0.264212 0.157044
v -0.668531 0.85305 1.98374 0.513691 0.607835 0.654857
vn 0.723965 -0.412566 0.552869
v -0.542921 0.85305 2.00304 0.513725 0.607843 0.654902
vn 0 0 -1
v -0.668531 0.97866 2.02535 0.513691 0.607835 0.654857
vn 0.658516 -0.153853 0.736673
v -0.668531 1.10427 2.00827 0.509379 0.606873 0.649303
vn 0.459258 -0.0976577 0.882919
v -0.542921 1.10427 1.9523 0.509379 0.606873 0.649303
vn 0.370958 -0.264671 0.890135
v -0.668531 1.22988 2.03124 0.509379 0.606873 0.649303
vn 0.28192 -0.398878 0.872592
v -0.542921 1.22988 1.99505 0.509379 0.606873 0.649303
vn 0.222149 -0.468754 0.854938
v -0.417311 1.22988 1.98069 0.509379 0.606873 0.649303
vn 0.0815528 -0.651675 0.754101
v -0.291701 1.22988 1.97064 0.509379 0.606873 0.649303
vn 0.0657663 -0.711882 0.699213
v -0.16609 1.22988 1.96765 0.173489 0.543723 0.141519
vn 0.0226812 -0.772767 0.634284
v -0.0404806 1.22988 1.96287 0.173489 0.543723 0.141519
vn 0.0051929 -0.648311 0.761358
v 0.0851293 1.10427 1.97571 0.149021 0.552941 0.125491
vn 0.00174731 -0.132589 0.99117
v 0.0851293 1.22988 1.95596 0.149237 0.552859 0.125632
vn 0.051667 -0.328895 0.942952
v 0.210739 1.22988 1.98315 0.149237 0.552859 0.125632
vn -0.298521 -0.485203 0.821865
v 0.461959 0.85305 2.00111 0.308322 0.363478 0.331184
vn 0 0 1
v 0.587569 0.97866 1.97415 0.254531 0.52709 0.248111
vn -0.173159 -0.572337 0.801527
v 0.71318 0.97866 1.97079 0.254531 0.52709 0.248111
vn -0.182266 -0.664464 0.724753
v 0.336349 1.10427 1.95749 0.313801 0.523639 0.328805
vn -0.26362 -0.466109 0.844539
v 0.461959 1.10427 2.00678 0.313801 0.523639 0.328805
vn -0.300754 -0.408553 0.86176
v 0.336349 1.22988 2.04281 0.313801 0.523639 0.328805
vn -0.237225 -0.55037 0.80051
v 0.461959 1.22988 2.03985 0.313801 0.523639 0.328805
vn -0.17761 -0.425186 0.887508
v 0.587569 1.10427 2.03925 0.254531 0.52709 0.248111
vn -0.233669 -0.447177 0.863384
v 0.0851293 1.35549 2.0106 0.162041 0.418298 0.153112
vn -0.104656 -0.338232 0.935225
v 0.0851293 1.4811 2.02588 0.160794 0.415707 0.149052
vn 0.325188 -0.227901 0.917776
v -0.976898 -1.28232 2.04963 0.351644 0.506764 0.350389
vn 0.49411 -0.419427 -0.761535
v -0.927963 -1.0311 2.04963 0.351644 0.506764 0.350389
vn 0.458895 0.0286196 -0.88803
v -1.04536 -0.785061 2.04963 0.351644 0.506764 0.350389
vn 0.38404 0.182421 -0.905116
v -1.04652 -0.779881 2.04963 0.351644 0.506764 0.350389
vn 0.7133 0.235268 -0.660191
v -0.291701 -0.790215 2.04963 0.351644 0.506764 0.350389
vn -0.196954 -0.945466 0.259428
v -0.318834 -0.779881 2.04963 0.351644 0.506764 0.350389
vn -0.779567 -0.484949 -0.396359
v -1.29658 -0.232184 2.04963 0.348727 0.651467 0.439971
vn 0.874928 0.468609 -0.122089
v -1.42494 -0.0262203 2.04963 0.348727 0.651467 0.439971
vn 0.998901 -0.0325823 -0.0336924
v -1.29658 0.0908704 2.04963 0.152164 0.650988 0.1729
vn 0.485745 -0.766248 0.420613
v -1.17528 -0.52866 2.04963 0.434653 0.52797 0.420534
vn 0.812254 0.401747 -0.422899
v -1.24749 -0.277441 2.04963 0.434653 0.52797 0.420534
vn 0.942201 0.250426 -0.222584
v -0.429046 -0.52866 2.04963 0.434653 0.52797 0.420534
vn -0.956548 0.130613 -0.260684
v -0.336778 -0.277441 2.04963 0.434653 0.52797 0.420534
vn -0.933474 0.35713 0.0329181
v -1.04536 -0.129846 2.04963 0.619041 0.716784 0.599777
vn 0 -1 0
v -1.14294 -0.0262203 2.04963 0.619041 0.716784 0.599777
vn -0.627392 -0.621255 0.469491
v -0.989093 -0.0262203 2.04963 0.619041 0.716784 0.599777
vn 0.781734 -0.321291 0.534476
v -0.794141 0.181471 2.04963 0.619041 0.716784 0.599777
vn 0.705855 -0.696538 0.128856
v -0.291701 -0.181171 2.04963 0.434653 0.52797 0.420534
vn -0.859733 0.508962 0.0426284
v -0.757081 0.224999 2.04963 0.434653 0.52797 0.420534
vn 0.999913 -0.00277379 -0.012888
v -0.19072 -0.0262203 2.04963 0.589865 0.72494 0.699051
vn -0.902894 0.265813 0.337825
v -0.00506687 -0.277441 2.04963 0.589865 0.72494 0.699051
vn 0.778418 -0.315545 0.542676
v 0.096199 -0.0262203 2.04963 0.589865 0.72494 0.699051
vn 0.785476 -0.234978 0.572549
v -0.217772 0.224999 2.04963 0.589865 0.72494 0.699051
vn -0.745947 0.529996 0.403321
v 0.210739 0.0221243 2.04963 0.589865 0.72494 0.699051
vn 0.56064 -0.676768 0.477146
v 0.356556 0.224999 2.04963 0.273751 0.555856 0.37191
vn 0.972855 0.160352 0.166855
v -0.794141 0.512146 2.04963 0.157433 0.65306 0.216471
vn 0.737089 -0.661515 0.138191
v -0.792696 0.47622 2.04963 0.386305 0.579401 0.490756
vn 0.831766 0.116801 0.5427
v -0.0404806 0.330388 2.04963 0.490113 0.388287 0.19807
vn -0.096314 0.979258 0.178263
v 0.210739 0.323503 2.04963 0.480194 0.394449 0.201691
vn 0.183284 0.957496 0.22273
v 0.964399 0.945478 2.04963 0.382786 0.503385 0.358562
vn -0.0659331 -0.762445 0.643685
v 0.887702 0.97866 2.04963 0.382786 0.503385 0.358562
vn -0.260639 -0.623935 0.736731
v 1.1644 0.97866 2.04963 0.382786 0.503385 0.358562
vn -0.000754706 -0.609329 0.792917
v 1.21562 0.992881 2.04963 0.382786 0.503385 0.358562
vn -0.14184 -0.629265 0.764138
v -1.29658 -0.779881 1.8277 0.351644 0.506764 0.350389
vn 0.66105 0.107907 -0.742542
v -1.04536 -1.28232 1.99841 0.351644 0.506764 0.350389
vn 0.640396 -0.392109 -0.660412
v -1.04536 -1.0311 1.99672 0.351644 0.506764 0.350389
vn 0.60386 0.0673684 -0.794238
v -1.29658 -0.52866 1.85287 0.500351 0.589855 0.471526
vn 0.841173 0.150714 -0.51934
v -1.04536 -0.0262203 1.93604 0.619041 0.716784 0.599777
vn 0.354293 -0.783544 -0.510426
v -0.794141 0.224999 2.00781 0.619041 0.716784 0.599777
vn 0.593565 0.183572 -0.78357
v 0.210739 -0.52866 1.85464 0.672873 0.540798 0.420992
vn 0.5428 -0.182635 0.819764
v 0.210739 -0.277441 1.8168 0.672873 0.540798 0.420992
vn 0.7348 -0.0500228 0.676437
v 0.210739 -0.0262203 1.89179 0.589865 0.72494 0.699051
vn 0.830791 -0.308524 0.463249
v -1.04536 0.47622 1.99435 0.297451 0.595648 0.363183
vn 0.683611 0.121137 -0.719724
v -0.794141 0.47622 2.0473 0.297451 0.595648 0.363183
vn 0.303731 0.138808 -0.942592
v 1.21562 0.727439 1.82815 0.318881 0.562963 0.265589
vn -0.00706973 -0.601646 0.798732
v 1.21562 0.97866 2.03777 0.382786 0.503385 0.358562
vn -0.0413025 -0.709063 0.703935
v -0.794141 1.27889 2.17524 0.36393 0.410632 0.186171
vn 0.472421 -0.834222 0.284416
v -0.765395 1.29268 2.17524 0.36393 0.410632 0.186171
vn 0.328305 -0.926553 0.183618
v -0.731336 1.30381 2.17524 0.36393 0.410632 0.186171
vn 0.287313 -0.861234 0.419198
v -0.668531 1.31983 2.17524 0.314507 0.419468 0.157319
vn 0.197638 -0.948317 0.248264
v -0.605726 1.33095 2.17524 0.171641 0.616378 0.161171
vn 0.255902 -0.914513 0.313338
v -0.546803 1.35549 2.17524 0.168651 0.619582 0.160787
vn 0.380568 -0.924753 0
v -0.542921 1.35679 2.17524 0.298567 0.480362 0.177447
vn 0 -1 0
v -0.480116 1.32949 2.17524 0.150762 0.598606 0.114469
vn -0.132847 -0.963589 0.232053
v -0.539235 1.35549 2.17524 0.150762 0.598606 0.114469
vn -0.398699 -0.917082 0
v -0.417311 1.32483 2.17524 0.150762 0.598606 0.114469
vn -0.0695302 -0.976016 0.206296
v -0.354506 1.32054 2.17524 0.149033 0.599989 0.113731
vn -0.0148913 -0.963592 0.266962
v -0.291701 1.31865 2.17524 0.149033 0.599989 0.113731
vn -0.043803 -0.980018 0.194024
v -1.04536 0.73906 2.17524 0.386305 0.579401 0.490756
vn 0.506373 -0.293577 0.810801
v -0.955002 0.85305 2.17524 0.386305 0.579401 0.490756
vn 0.464577 -0.252752 0.848696
v -0.933887 0.97866 2.17524 0.386305 0.579401 0.490756
vn 0.638707 -0.0368243 0.768569
v -0.940518 1.10427 2.17524 0.386305 0.579401 0.490756
vn 0.756942 -0.19285 0.624378
v -0.919751 1.13519 2.17524 0.386305 0.579401 0.490756
vn 0.688147 -0.316242 0.653027
v -0.876298 1.22988 2.17524 0.386305 0.579401 0.490756
vn 0.614401 -0.485797 0.621702
v 0.461959 1.22851 2.17524 0.254531 0.52709 0.248111
vn -0.625799 -0.775438 -0.0840905
v 0.460896 1.22988 2.17524 0.254531 0.52709 0.248111
vn -0.523831 -0.848909 -0.0703889
v -0.16609 1.31362 2.17524 0.215156 0.528682 0.326049
vn 0.0382719 -0.99832 0.0434995
v -0.0404806 1.3295 2.17524 0.215156 0.528682 0.326049
vn 0.111795 -0.993211 -0.0321599
v 0.0851293 1.30348 2.17524 0.241841 0.584632 0.413669
vn 0.0612982 -0.990193 -0.125544
v 0.210739 1.35173 2.17524 0.274169 0.576556 0.437656
vn -0.0942314 -0.986892 -0.131016
v 0.336349 1.30602 2.17524 0.283115 0.480726 0.261932
vn -0.47464 -0.869451 0.137012
v -1.04536 0.727439 2.17054 0.386305 0.579401 0.490756
vn 0.530913 -0.337024 0.777525
v -0.919751 0.727439 2.11278 0.386305 0.579401 0.490756
vn 0.32335 -0.263475 0.90886
v -0.919751 0.85305 2.15995 0.386305 0.579401 0.490756
vn 0.414492 -0.189668 0.890069
v -0.794141 0.85305 2.10033 0.386305 0.579401 0.490756
vn 0.474735 -0.191669 0.859005
v -0.919751 0.97866 2.16631 0.386305 0.579401 0.490756
vn 0.470544 0.00575617 0.882358
v -0.794141 0.97866 2.09877 0.386305 0.579401 0.490756
vn 0.493751 0.0714645 0.866662
v -0.919751 1.10427 2.1572 0.386305 0.579401 0.490756
vn 0.534063 0.0418002 0.844411
v -0.794141 1.10427 2.07312 0.386305 0.579401 0.490756
vn 0.568768 -0.0729321 0.819258
v -0.794141 1.22988 2.09425 0.386305 0.579401 0.490756
vn 0.490598 -0.46401 0.737569
v -0.542921 0.85305 2.06812 0.509379 0.606873 0.649303
vn 0 0 1
v 0.461959 1.22988 2.16664 0.254531 0.52709 0.248111
vn -0.115468 -0.990523 0.0743784
v -0.542921 1.35549 2.16914 0.298567 0.480362 0.177447
vn -0.00985309 -0.849045 0.528228
v 0.0851293 1.35549 2.0912 0.241841 0.584632 0.413669
vn 0.0805235 -0.805005 -0.587777
v 0.0851293 1.4811 2.06564 0.241841 0.584632 0.413669
vn -0.249183 -0.223783 -0.942247
v -0.794141 1.2789 2.23805 0.36393 0.410632 0.186171
vn 0.290587 -0.950914 0.106404
v -0.743143 1.29268 2.23805 0.36393 0.410632 0.186171
vn 0.247857 -0.963086 -0.105032
v -0.731336 1.29507 2.23805 0.36393 0.410632 0.186171
vn 0.34221 -0.938177 -0.0521125
v -0.668531 1.3263 2.23805 0.314507 0.419468 0.157319
vn 0.147455 -0.975932 -0.160666
v -0.605726 1.31836 2.23805 0.171641 0.616378 0.161171
vn 0.066544 -0.968696 -0.239163
v -0.542921 1.33755 2.23805 0.168651 0.619582 0.160787
vn 0.013353 -0.927972 -0.372411
v -0.480116 1.32303 2.23805 0.150762 0.598606 0.114469
vn 0.0159461 -0.983384 -0.180839
v -0.417311 1.32402 2.23805 0.150762 0.598606 0.114469
vn 0.0506053 -0.998419 -0.0244684
v -0.354506 1.33912 2.23805 0.149033 0.599989 0.113731
vn -0.103284 -0.99463 0.00666812
v -0.291701 1.31291 2.23805 0.149033 0.599989 0.113731
vn -0.135007 -0.988261 -0.0715131
v -0.542921 1.35549 2.18001 0.168651 0.619582 0.160787
vn -0.0110803 -0.954791 -0.29707
v -0.794141 1.27072 2.30085 0.36393 0.410632 0.186171
vn 0.139526 -0.955704 -0.259157
v -0.731336 1.28689 2.30085 0.36393 0.410632 0.186171
vn 0.252156 -0.925352 -0.283091
v -0.713545 1.29268 2.30085 0.36393 0.410632 0.186171
vn 0.297013 -0.922159 -0.247802
v -0.668531 1.30222 2.30085 0.414881 0.400165 0.215227
vn 0.155201 -0.952576 -0.261747
v -0.542921 1.29059 2.30085 0.171641 0.616378 0.161171
vn 0 -0.97266 -0.232232
v -0.556674 1.29268 2.30085 0.171641 0.616378 0.161171
vn -0.00300859 -0.9181 -0.396337
v -0.605726 1.30136 2.30085 0.171641 0.616378 0.161171
vn -0.0962104 -0.947938 -0.303573
v -0.538028 1.29268 2.30085 0.150762 0.598606 0.114469
vn 0.337168 -0.881475 -0.330636
v -0.480116 1.32354 2.30085 0.150762 0.598606 0.114469
vn 0.146346 -0.959277 -0.241601
v -0.417311 1.31903 2.30085 0.150762 0.598606 0.114469
vn 0.0190079 -0.96747 -0.25227
v -0.354506 1.32576 2.30085 0.141298 0.565253 0.129169
vn 0.00284304 -0.958354 -0.285568
v -0.291701 1.31074 2.30085 0.156741 0.634747 0.0982825
vn -0.191409 -0.968739 -0.157821
v -0.228896 1.30588 2.30085 0.361774 0.588021 0.15869
vn -0.065151 -0.990044 -0.124769
v -0.16609 1.3004 2.30085 0.360792 0.588234 0.156877
vn -0.00688362 -0.988936 -0.148185
v -0.731336 1.29268 2.25562 0.36393 0.410632 0.186171
vn 0.294795 -0.938712 -0.178651
v -0.542921 1.29268 2.29546 0.171641 0.616378 0.161171
vn 0.107806 -0.919723 -0.377476
v -1.04536 1.02156 2.30085 0.386305 0.579401 0.490756
vn 0.718274 -0.529502 0.451343
v -1.01 1.10427 2.30085 0.386305 0.579401 0.490756
vn 0.883118 -0.132003 0.450197
v -1.04536 1.19051 2.30085 0.386305 0.579401 0.490756
vn 0.940243 0.331774 -0.0766125
v 0.461959 1.2154 2.30085 0.254531 0.52709 0.248111
vn 0.00439597 -0.968379 -0.249445
v 0.443924 1.22988 2.30085 0.254531 0.52709 0.248111
vn -0.490637 -0.837751 -0.239684
v -1.04536 1.23859 2.30085 0.2422 0.526282 0.162129
vn 0.237015 -0.971506 0
v -0.919751 1.26404 2.30085 0.2422 0.526282 0.162129
vn 0.139066 -0.988783 -0.0544819
v -0.0404806 1.3066 2.30085 0.215156 0.528682 0.326049
vn 0.147513 -0.926511 -0.346148
v 0.0851293 1.33233 2.30085 0.241841 0.584632 0.413669
vn 0.0296179 -0.9946 -0.0994633
v 0.210739 1.32896 2.30085 0.148063 0.610933 0.3472
vn -0.0638165 -0.968065 -0.242442
v 0.336349 1.29146 2.30085 0.283115 0.480726 0.261932
vn -0.351803 -0.89161 -0.285072
v -1.04536 0.85305 2.21562 0.386305 0.579401 0.490756
vn 0.51648 -0.259307 0.816093
v -1.04536 0.97866 2.2707 0.386305 0.579401 0.490756
vn 0.572168 -0.226323 0.78829
v -1.04536 1.22988 2.28909 0.386305 0.579401 0.490756
vn 0.367075 -0.627037 0.687081
v -0.919751 1.22988 2.22076 0.386305 0.579401 0.490756
vn 0.578699 -0.467527 0.668226
v -1.05977 1.22988 2.30085 0.2422 0.526282 0.162129
vn 0.134122 0 0.990965
v -0.690661 -1.28232 2.30085 0.351644 0.506764 0.350389
vn 0.819058 -0.418011 -0.392952
v 0.600845 1.22988 2.30085 0.286249 0.47845 0.258849
vn 0.0986653 -0.978504 -0.181094
v -0.592411 -1.0311 2.30085 0.351644 0.506764 0.350389
vn 0.873758 -0.299878 -0.382911
v 0.71318 1.2391 2.30085 0.286249 0.47845 0.258849
vn 0.268209 -0.870883 0.411857
v -0.542921 -0.94887 2.30085 0.351644 0.506764 0.350389
vn 0.634425 -0.483785 -0.602874
v 0.964399 1.33021 2.30085 0.192157 0.411765 0.219608
vn 0.0731954 -0.995046 0.0672791
v -0.387107 -0.779881 2.30085 0.351644 0.506764 0.350389
vn 0.545317 -0.83792 -0.0227971
v 1.21562 1.2664 2.30085 0.192204 0.411803 0.219658
vn -0.192791 -0.969336 0.15238
v -1.29658 -0.111052 2.30085 0.538146 0.654848 0.705555
vn 0.799328 0.40617 0.442832
v -1.3182 -0.0262203 2.30085 0.538146 0.654848 0.705555
vn 0.969754 0.0526365 0.238341
v -1.35154 0.224999 2.30085 0.348727 0.651467 0.439971
vn 0.614116 -0.030671 0.78862
v -1.29658 0.454687 2.30085 0.392879 0.511624 0.422971
vn 0.648722 -0.155801 0.744906
v -0.794141 -0.597828 2.30085 0.434653 0.52797 0.420534
vn 0.0116753 0.614435 -0.788881
v -0.887347 -0.52866 2.30085 0.434653 0.52797 0.420534
vn 0.385719 0.615686 -0.687133
v -1.04536 -0.475465 2.30085 0.434653 0.52797 0.420534
vn 0.420974 0.583496 -0.694488
v -1.23555 -0.277441 2.30085 0.434653 0.52797 0.420534
vn 0.71715 0.645497 -0.262735
v -0.561749 -0.52866 2.30085 0.434653 0.52797 0.420534
vn -0.14413 0.808053 -0.571206
v -0.291701 -0.708786 2.30085 0.434653 0.52797 0.420534
vn 0.815685 -0.430249 0.386708
v -0.542921 -0.524943 2.30085 0.434653 0.52797 0.420534
vn -0.239349 0.831674 0.50103
v -0.33293 -0.277441 2.30085 0.434653 0.52797 0.420534
vn -0.854751 0.485713 0.182984
v -0.291701 -0.216799 2.30085 0.434653 0.52797 0.420534
vn -0.442097 0.703869 0.555984
v -0.0734525 -0.277441 2.30085 0.58436 0.737153 0.717493
vn 0.636808 -0.16662 0.752804
v 0.461959 -0.0315723 2.30085 0.273751 0.555856 0.37191
vn 0 -1 0
v 0.442513 -0.0262203 2.30085 0.273751 0.555856 0.37191
vn -1 0 0
v 0.465582 -0.0262203 2.30085 0.273751 0.555856 0.37191
vn 1 0 0
v 0.461959 -0.0211239 2.30085 0.247279 0.556854 0.368655
vn 0 1 0
v -1.29245 0.47622 2.30085 0.297451 0.595648 0.363183
vn 0.648506 -0.243319 0.721273
v -1.19518 0.727439 2.30085 0.526002 0.599865 0.630636
vn 0.592014 -0.201043 0.780449
v -1.12865 0.97866 2.30085 0.386305 0.579401 0.490756
vn 0.417131 -0.424516 0.803609
v 0.71318 1.22988 2.2809 0.286249 0.47845 0.258849
vn -0.118333 -0.847905 0.516772
v -0.794141 -1.28232 2.17113 0.351644 0.506764 0.350389
vn 0.608627 -0.259245 -0.74991
v -0.794141 -1.0311 2.1262 0.351644 0.506764 0.350389
vn 0.604715 -0.0916734 -0.791149
v 0.964399 1.22988 2.18125 0.192157 0.411765 0.219608
vn -0.0168053 -0.620397 0.784108
v -1.04536 -0.779881 2.05059 0.351644 0.506764 0.350389
vn 0.323934 0.526199 -0.786245
v 1.21562 1.22988 2.24722 0.192204 0.411803 0.219658
vn -0.156783 -0.666326 0.728991
v -0.794141 -0.779881 2.15361 0.351644 0.506764 0.350389
vn 0.354516 0.272915 -0.894336
v -0.542921 -0.779881 2.16215 0.351644 0.506764 0.350389
vn -0.268948 -0.146182 -0.951997
v -0.291701 -0.779881 2.08436 0.351644 0.506764 0.350389
vn 0.581543 -0.526662 0.620028
v -1.29658 0.224999 2.24495 0.348727 0.651467 0.439971
vn 0.71863 -0.222469 0.658846
v -1.04536 -0.52866 2.22123 0.434653 0.52797 0.420534
vn 0.519855 0.568339 -0.637763
v -0.542921 -0.52866 2.28967 0.434653 0.52797 0.420534
vn -0.799275 0.450603 -0.397639
v -1.04536 -0.0262203 2.1882 0.619041 0.716784 0.599777
vn 0 -0.104875 0.994485
v -1.04536 0.224999 2.08705 0.619041 0.716784 0.599777
vn 0.160121 -0.0875833 0.983204
v -0.794141 0.224999 2.10137 0.619041 0.716784 0.599777
vn 0.134205 -0.00615735 0.990934
v -0.0404806 -0.277441 2.27648 0.58436 0.737153 0.717493
vn 0.889034 -0.178954 0.421419
v -0.0404806 -0.0262203 2.23102 0.58436 0.737153 0.717493
vn 0.0965392 0.414775 0.904788
v -0.0404806 0.224999 2.1866 0.589865 0.72494 0.699051
vn -0.212459 0.183071 0.959868
v 0.210739 0.224999 2.25004 0.589865 0.72494 0.699051
vn 0.326119 0 0.945329
v 0.461959 -0.0262203 2.28967 0.273751 0.555856 0.37191
vn 0 0 -1
v -1.04536 0.47622 2.06131 0.297451 0.595648 0.363183
vn 0.480466 -0.154266 0.863339
v -0.794141 0.47622 2.05173 0.247854 0.565194 0.295208
vn -0.00176991 0.142552 0.989786
v 0.964399 0.97866 2.08318 0.382786 0.503385 0.358562
vn 0 -0.419985 0.907531
v 2.17698 1.22988 2.30085 0.272897 0.476618 0.305575
vn 0.144139 -0.779341 0.609796
v 1.71806 1.15895 2.30085 0.264056 0.671905 0.209191
vn -0.00234808 -0.754163 0.656683
v 2.2205 1.23949 2.30085 0.272897 0.476618 0.305575
vn 0.035336 -0.840579 0.540535
v 3.22538 1.11266 2.30085 0.257644 0.531446 0.259643
vn -0.208037 -0.864565 0.457437
v 1.46885 1.22988 2.30085 0.264056 0.671905 0.209191
vn -0.158003 -0.868512 0.469811
v 8.75222 3.23109 2.30085 0.257644 0.531446 0.259643
vn 0.611407 -0.783618 0.11011
v 2.72294 1.25343 2.30085 0.272897 0.476618 0.305575
vn -0.0260149 -0.855475 0.51719
v 2.85633 1.22988 2.30085 0.257644 0.531446 0.259643
vn -0.177587 -0.819935 0.544215
v 3.72782 0.959425 2.30085 0.257644 0.531446 0.259643
vn -0.193542 -0.923272 0.331829
v -5.3161 -2.72951 2.30085 0.351644 0.506764 0.350389
vn 0.0293284 -0.952975 0.301625
v 4.23026 0.891284 2.30085 0.257644 0.531446 0.259643
vn -0.0556079 -0.974868 0.21573
v 4.7327 0.936902 2.30085 0.257644 0.531446 0.259643
vn 0.182782 -0.971799 0.148986
v 5.23514 1.08436 2.30085 0.257644 0.531446 0.259643
vn 0.312916 -0.941119 0.127978
v 5.59612 1.22988 2.30085 0.257644 0.531446 0.259643
vn 0.384988 -0.915663 0.115525
v -4.81366 -2.71303 2.30085 0.351644 0.506764 0.350389
vn 0.0666773 -0.95502 0.288949
v 5.73758 1.29637 2.30085 0.257644 0.531446 0.259643
vn 0.432994 -0.890883 0.137271
v -4.31122 -2.66137 2.30085 0.351644 0.506764 0.350389
vn 0.141003 -0.953589 0.266057
v 6.24002 1.54585 2.30085 0.257644 0.531446 0.259643
vn 0.446624 -0.886544 0.120696
v 6.59646 1.73232 2.30085 0.257644 0.531446 0.259643
vn 0.480493 -0.869807 0.112083
v 6.74246 1.82442 2.30085 0.257644 0.531446 0.259643
vn 0.517019 -0.847648 0.119096
v -3.80878 -2.57474 2.30085 0.351644 0.506764 0.350389
vn 0.194689 -0.946429 0.257619
v 7.2449 2.13594 2.30085 0.257644 0.531446 0.259643
vn 0.524272 -0.845425 0.101953
v -3.30634 -2.45792 2.30085 0.351644 0.506764 0.350389
vn 0.238996 -0.943645 0.228942
v 7.40641 2.23476 2.30085 0.257644 0.531446 0.259643
vn 0.556978 -0.824467 0.100154
v 7.74734 2.47536 2.30085 0.257644 0.531446 0.259643
vn 0.563759 -0.820459 0.0949831
v -2.8039 -2.32192 2.30085 0.351644 0.506764 0.350389
vn 0.286009 -0.944554 0.161298
v 8.12939 2.7372 2.30085 0.257644 0.531446 0.259643
vn 0.581051 -0.808834 0.0903686
v -2.688 -2.2872 2.30085 0.351644 0.506764 0.350389
vn 0.26904 -0.960303 0.073723
v 8.24978 2.83907 2.30085 0.257644 0.531446 0.259643
vn 0.622648 -0.776332 0.0980744
v -2.30146 -2.19779 2.30085 0.351644 0.506764 0.350389
vn 0.200105 -0.979754 0.00638632
v -1.79902 -2.0674 2.30085 0.351644 0.506764 0.350389
vn 0.329595 -0.918865 -0.216922
v -1.29658 -1.87268 2.30085 0.351644 0.506764 0.350389
vn 0.391764 -0.853384 -0.343884
v -1.18334 -1.78476 2.30085 0.351644 0.506764 0.350389
vn 0.547533 -0.695406 -0.465422
v -0.794141 -1.45672 2.30085 0.351644 0.506764 0.350389
vn 0.599282 -0.605257 -0.523951
v 2.2205 1.22988 2.28357 0.272897 0.476618 0.305575
vn 0.0485535 -0.728158 0.683688
v 2.72294 1.22988 2.26208 0.257644 0.531446 0.259643
vn 0.0239387 -0.744669 0.667005
v -5.3161 -2.78964 2.07979 0.351644 0.506764 0.350389
vn 0.0369346 -0.955678 0.292087
v 1.71806 0.727439 1.81562 0.318881 0.562963 0.265589
vn -0.0212345 -0.709758 0.704125
v -4.81366 -2.78964 2.01528 0.351644 0.506764 0.350389
vn 0.0802148 -0.953266 0.291289
v -4.31122 -2.78964 1.80557 0.351644 0.506764 0.350389
vn 0.11722 -0.95334 0.278211
v -1.29658 -1.78476 2.13948 0.351644 0.506764 0.350389
vn 0.542804 -0.648931 -0.533153
v -0.794141 1.24609 2.36366 0.321702 0.364837 0.310284
vn 0.0425706 -0.932882 -0.357657
v -0.731336 1.25963 2.36366 0.321702 0.364837 0.310284
vn 0.263337 -0.848618 -0.458804
v -0.668531 1.28825 2.36366 0.356306 0.395608 0.429494
vn -0.000943107 -0.831112 -0.556105
v -0.605726 1.26526 2.36366 0.171282 0.37068 0.242614
vn -0.0672824 -0.892508 -0.445985
v -0.542921 1.2764 2.36366 0.523675 0.608163 0.671615
vn 0.137673 -0.896808 -0.420453
v -0.480116 1.28983 2.36366 0.182149 0.371782 0.284676
vn 0.104749 -0.846014 -0.522769
v -0.417311 1.29207 2.36366 0.255198 0.502927 0.381258
vn 0.0551555 -0.858326 -0.510132
v -0.408135 1.29268 2.36366 0.19034 0.48655 0.233882
vn 0.111771 -0.900851 -0.419493
v -0.354506 1.29667 2.36366 0.19034 0.48655 0.233882
vn 0.0216137 -0.910883 -0.412098
v -0.291701 1.29545 2.36366 0.19034 0.48655 0.233882
vn -0.102231 -0.943075 -0.316478
v -0.228896 1.29017 2.36366 0.361774 0.588021 0.15869
vn -0.120053 -0.955394 -0.269831
v -0.257794 1.29268 2.36366 0.361774 0.588021 0.15869
vn -0.0667556 -0.96162 -0.266142
v -0.16609 1.28118 2.36366 0.361774 0.588021 0.15869
vn -0.156071 -0.888271 -0.431991
v -0.668531 1.29268 2.35131 0.356306 0.395608 0.429494
vn 0.16062 -0.941615 -0.295908
v -0.605726 1.29268 2.31355 0.171282 0.37068 0.242614
vn -0.107785 -0.900553 -0.421173
v -0.480116 1.29268 2.35834 0.182149 0.371782 0.284676
vn 0.225928 -0.89294 -0.389376
v -0.417311 1.29268 2.36234 0.255198 0.502927 0.381258
vn -0.0110761 -0.901696 -0.432228
v -0.228896 1.29268 2.3523 0.361774 0.588021 0.15869
vn -0.0932273 -0.963695 -0.250202
v -0.16609 1.29268 2.32717 0.361774 0.588021 0.15869
vn -0.0165718 -0.957374 -0.288377
v -0.794141 1.20711 2.42646 0.141931 0.505114 0.264487
vn -0.0180861 -0.85537 -0.517702
v -0.731336 1.21832 2.42646 0.141931 0.505114 0.264487
vn 0.153219 -0.837979 -0.52375
v -0.676412 1.22988 2.42646 0.141931 0.505114 0.264487
vn 0.220126 -0.787432 -0.575756
v -0.668531 1.23103 2.42646 0.33292 0.375834 0.350609
vn 0.103506 -0.771853 -0.627319
v -0.605726 1.23933 2.42646 0.282742 0.456891 0.385348
vn -0.0486072 -0.870611 -0.489565
v -0.542921 1.23888 2.42646 0.15213 0.393662 0.242614
vn 0.113705 -0.945339 -0.305624
v -0.480116 1.25049 2.42646 0.499993 0.628355 0.682939
vn 0.101504 -0.910114 -0.401733
v -0.417311 1.25634 2.42646 0.255198 0.502927 0.381258
vn 0.102101 -0.898413 -0.427118
v -0.354506 1.27147 2.42646 0.184364 0.486277 0.219727
vn 0.119763 -0.886574 -0.446815
v -0.291701 1.27452 2.42646 0.19034 0.48655 0.233882
vn 0.00134248 -0.937393 -0.348271
v -0.228896 1.27256 2.42646 0.361774 0.588021 0.15869
vn -0.11591 -0.944152 -0.308452
v -0.16609 1.25879 2.42646 0.361774 0.588021 0.15869
vn -0.264356 -0.920008 -0.289313
v -0.794141 1.22988 2.39355 0.141931 0.505114 0.264487
vn -0.0318764 -0.844933 -0.533921
v -0.731336 1.22988 2.41108 0.141931 0.505114 0.264487
vn 0.158645 -0.833711 -0.528921
v -0.354506 1.29268 2.37397 0.184364 0.486277 0.219727
vn 0.0215015 -0.92854 -0.37061
v -0.291701 1.29268 2.37118 0.19034 0.48655 0.233882
vn -0.00558815 -0.941438 -0.33714
v -1.04536 1.06533 2.42646 0.20391 0.580342 0.227476
vn 0.235718 -0.970235 0.0555136
v -1.00841 1.10427 2.42646 0.20391 0.580342 0.227476
vn 0.88132 -0.286517 -0.375743
v -0.945523 1.22988 2.42646 0.20391 0.580342 0.227476
vn 0.560361 -0.611995 -0.558084
v -0.896269 1.22988 2.42646 0.20391 0.580342 0.227476
vn -0.0601781 -0.837259 -0.543486
v -0.0404806 1.2181 2.42646 0.538624 0.632322 0.682395
vn 0 -1 0
v -0.0803537 1.22988 2.42646 0.538624 0.632322 0.682395
vn -0.232553 -0.956627 -0.175454
v -0.00636053 1.22988 2.42646 0.538624 0.632322 0.682395
vn 0.318266 -0.883077 -0.344794
v 0.336349 1.22579 2.42646 0.622309 0.387168 0.359953
vn -0.31951 -0.675322 -0.66472
v 0.328889 1.22988 2.42646 0.622309 0.387168 0.359953
vn -0.296728 -0.764612 -0.572119
v 0.461959 1.16305 2.42646 0.622309 0.387168 0.359953
vn -0.00138431 -0.887044 -0.461682
v -0.919751 1.23579 2.42646 0.216599 0.470193 0.302174
vn 0 -0.969069 -0.246789
v -0.0404806 1.4185 2.42646 0.436936 0.571767 0.297506
vn 0 1 0
v -0.0768971 1.4811 2.42646 0.436936 0.571767 0.297506
vn 1 0 0
v 0.0851293 1.28352 2.42646 0.209839 0.572549 0.127477
vn 0.12483 -0.889453 -0.439649
v 0.210739 1.26733 2.42646 0.214174 0.572534 0.130721
vn -0.202282 -0.865276 -0.458672
v -0.00584221 1.4811 2.42646 0.214174 0.572534 0.130721
vn -1 0 0
v -0.0404806 1.50854 2.42646 0.372503 0.571972 0.249215
vn 0 -1 0
v -1.04536 1.22988 2.3287 0.20391 0.580342 0.227476
vn 0.634407 -0.600481 -0.486776
v -0.0404806 1.22988 2.40547 0.538624 0.632322 0.682395
vn -0.0596551 -0.828428 -0.556909
v 0.336349 1.22988 2.42143 0.622309 0.387168 0.359953
vn -0.432096 -0.809771 -0.396943
v -0.0404806 1.4811 2.39234 0.436936 0.571767 0.297506
vn 0 0 1
v -0.794141 1.17123 2.48927 0.16435 0.523242 0.247331
vn 0.048499 -0.781987 -0.621406
v -0.731336 1.1822 2.48927 0.16435 0.523242 0.247331
vn 0.141118 -0.890645 -0.432247
v -0.668531 1.1918 2.48927 0.16435 0.523242 0.247331
vn 0.137639 -0.884297 -0.446177
v -0.605726 1.20056 2.48927 0.118026 0.486569 0.282074
vn 0.220144 -0.840042 -0.49585
v -0.558898 1.22988 2.48927 0.118026 0.486569 0.282074
vn 0.355723 -0.83178 -0.42615
v -0.354506 1.22788 2.48927 0.189685 0.51852 0.250632
vn 0 -0.944799 -0.327651
v -0.368858 1.22988 2.48927 0.189685 0.51852 0.250632
vn -0.028233 -0.91635 -0.399381
v -0.345895 1.22988 2.48927 0.189685 0.51852 0.250632
vn 0.225834 -0.85931 -0.458896
v -0.542921 1.23648 2.48927 0.307084 0.417778 0.368267
vn 0.102355 -0.978394 -0.179633
v -0.480116 1.23892 2.48927 0.117783 0.450871 0.360755
vn 0.052314 -0.977428 -0.204687
v -0.417311 1.23737 2.48927 0.140893 0.420129 0.349238
vn -0.028025 -0.963017 -0.267981
v -0.291701 1.24766 2.48927 0.255447 0.353204 0.338827
vn 0.103528 -0.874837 -0.473226
v -0.228896 1.24851 2.48927 0.310862 0.395208 0.260293
vn -0.0398533 -0.914206 -0.403284
v -0.16609 1.24168 2.48927 0.305922 0.388291 0.258835
vn -0.123141 -0.97357 -0.19235
v -0.668531 1.22988 2.42841 0.16435 0.523242 0.247331
vn 0.133536 -0.83282 -0.537195
v -0.605726 1.22988 2.44604 0.118026 0.486569 0.282074
vn 0.191986 -0.895979 -0.400453
v -0.354506 1.22988 2.48601 0.189685 0.51852 0.250632
vn 0 -0.821479 -0.570239
v -0.794141 1.13933 2.55207 0.16435 0.523242 0.247331
vn 0.263527 -0.876167 -0.403591
v -0.731336 1.15818 2.55207 0.16435 0.523242 0.247331
vn 0.208332 -0.9265 -0.313362
v -0.668531 1.16649 2.55207 0.16435 0.523242 0.247331
vn 0.123869 -0.923492 -0.363069
v -0.665059 1.16707 2.55207 0.118026 0.486569 0.282074
vn 0.143704 -0.925858 -0.349479
v -0.605726 1.17576 2.55207 0.11765 0.486277 0.282351
vn 0.115972 -0.928059 -0.353917
v -0.542921 1.18169 2.55207 0.118026 0.486569 0.282074
vn 0.191541 -0.867009 -0.460008
v -0.480116 1.19393 2.55207 0.189685 0.51852 0.250632
vn 0.148324 -0.92295 -0.355195
v -0.417311 1.20751 2.55207 0.189685 0.51852 0.250632
vn 0.0970046 -0.934206 -0.343293
v -0.354506 1.20697 2.55207 0.189685 0.51852 0.250632
vn 0.0385111 -0.955691 -0.291842
v -0.291701 1.20645 2.55207 0.189685 0.51852 0.250632
vn 0.039126 -0.950988 -0.306744
v -0.228896 1.21212 2.55207 0.538624 0.632322 0.682395
vn 0.174337 -0.971742 -0.159135
v -0.16609 1.22101 2.55207 0.538624 0.632322 0.682395
vn 0.148728 -0.985612 -0.0803052
v -0.794141 1.16707 2.49836 0.16435 0.523242 0.247331
vn 0.277517 -0.869029 -0.409601
v -0.731336 1.16707 2.53222 0.16435 0.523242 0.247331
vn 0.181441 -0.905058 -0.384642
v -0.668531 1.16707 2.55101 0.16435 0.523242 0.247331
vn 0.123562 -0.926675 -0.354974
v -0.542921 1.22988 2.50064 0.118026 0.486569 0.282074
vn 0.145762 -0.745539 -0.650326
v -0.480116 1.22988 2.50693 0.189685 0.51852 0.250632
vn 0.0707135 -0.790976 -0.607747
v -0.417311 1.22988 2.50955 0.189685 0.51852 0.250632
vn 0.00147862 -0.891033 -0.453936
v -0.291701 1.22988 2.51774 0.189685 0.51852 0.250632
vn 0.102215 -0.869845 -0.482619
v -0.228896 1.22988 2.52226 0.538624 0.632322 0.682395
vn 0.0115543 -0.870308 -0.492372
v -0.16609 1.22988 2.52319 0.538624 0.632322 0.682395
vn 0.0884686 -0.930183 -0.356275
v -1.04536 0.984411 2.55207 0.203921 0.580392 0.227451
vn 0.0895549 -0.985883 -0.141475
v -0.919751 1.09602 2.55207 0.203921 0.580392 0.227451
vn 0.63383 -0.723894 -0.272463
v -0.908471 1.10427 2.55207 0.20391 0.580342 0.227476
vn 0.31019 -0.893222 -0.325477
v 0.191366 0.727439 2.55207 0.538624 0.632322 0.682395
vn -1 0 0
v 0.210739 0.794785 2.55207 0.538624 0.632322 0.682395
vn -0.00806197 0.999968 0
v -0.111187 1.22988 2.55207 0.538624 0.632322 0.682395
vn 0.0842514 -0.992721 -0.0860608
v 0.0851293 1.2172 2.55207 0.538624 0.632322 0.682395
vn -0.363075 -0.862877 -0.351597
v 0.0387855 1.22988 2.55207 0.538624 0.632322 0.682395
vn -0.137232 -0.971318 -0.194185
v 0.210739 1.13007 2.55207 0.538624 0.632322 0.682395
vn -0.407093 -0.854582 -0.322436
v 0.336349 1.10042 2.55207 0.622309 0.387168 0.359953
vn -0.405472 -0.907525 -0.109505
v 0.322205 1.10427 2.55207 0.622309 0.387168 0.359953
vn -0.26855 -0.816553 -0.511001
v 0.461959 1.05802 2.55207 0.622309 0.387168 0.359953
vn 0.234903 -0.929861 -0.28316
v -0.417311 1.47359 2.55207 0.266397 0.490033 0.414036
vn -0.568703 0.80834 0.152194
v -0.425116 1.4811 2.55207 0.266397 0.490033 0.414036
vn 0.885112 0.446205 0.132205
v -0.40897 1.4811 2.55207 0.266397 0.490033 0.414036
vn -0.797193 -0.590242 0.126878
v -0.417311 1.48825 2.55207 0.275005 0.478533 0.380656
vn 0.436965 -0.892887 0.108696
v -0.0404806 1.24608 2.55207 0.436936 0.571767 0.297506
vn 0 -1 0
v -0.919751 1.10427 2.53671 0.203921 0.580392 0.227451
vn 0.468174 -0.641434 -0.607762
v -0.919751 1.22988 2.43499 0.20391 0.580342 0.227476
vn 0 -0.642414 -0.766358
v 0.210739 0.727439 2.51241 0.538624 0.632322 0.682395
vn -0.0155512 0 -0.999879
v -0.0404806 1.22988 2.49522 0.538624 0.632322 0.682395
vn -0.0399289 -0.996063 0.0791465
v 0.0851293 1.22988 2.53289 0.538624 0.632322 0.682395
vn 0.027379 -0.907488 -0.419184
v 0.210739 1.22988 2.48237 0.538624 0.632322 0.682395
vn -0.275619 -0.664045 -0.695038
v 0.336349 1.10427 2.54939 0.622309 0.387168 0.359953
vn -0.264161 -0.709278 -0.653563
v 0.461959 1.10427 2.50891 0.622309 0.387168 0.359953
vn 0.146911 -0.758833 -0.6345
v -0.417311 1.4811 2.54596 0.266397 0.490033 0.414036
vn 0 0 1
v -0.0404806 1.4811 2.46033 0.786206 0.700787 0.743183
vn 0 0 -1
v -1.29658 -0.342313 2.55207 0.277347 0.395117 0.266797
vn 0 0.931443 0.363887
v 0.865205 1.22988 2.55207 0.15296 0.396093 0.211766
vn 0.315912 -0.914662 -0.252179
v -1.36192 -0.277441 2.55207 0.277347 0.395117 0.266797
vn 0.538751 0.763643 0.355805
v 0.964399 1.25896 2.55207 0.15296 0.396093 0.211766
vn 0.130845 -0.956764 -0.259772
v -1.5478 -0.140583 2.55207 0.262872 0.380521 0.247231
vn 0.664437 0.569325 0.484141
v -1.61361 -0.0262203 2.55207 0.262872 0.380521 0.247231
vn 0.832378 0.186034 0.522052
v 1.21562 1.2778 2.55207 0.155296 0.397876 0.211908
vn 0.0370172 -0.992123 0.119676
v -1.64028 0.224999 2.55207 0.262746 0.380393 0.24706
vn 0.864553 0.0228703 0.50202
v -1.62224 0.47622 2.55207 0.194287 0.386605 0.342138
vn 0.824689 0.0375428 0.564339
v -1.67329 0.727439 2.55207 0.194287 0.386605 0.342138
vn 0.833234 0.0921103 0.545194
v -1.67778 0.97866 2.55207 0.27521 0.424765 0.316801
vn 0.84545 -0.177905 0.503551
v -1.5478 1.12675 2.55207 0.27521 0.424765 0.316801
vn 0.215262 -0.934996 0.28186
v -1.29658 1.06688 2.55207 0.27521 0.424765 0.316801
vn -0.0986952 -0.961705 0.2557
v -1.22899 -0.277441 2.55207 0.615261 0.353102 0.248745
vn -0.283951 0.940551 0.186375
v -0.794141 -0.487091 2.55207 0.615261 0.353102 0.248745
vn 0.412391 0.896651 0.161092
v -0.945701 -0.277441 2.55207 0.615261 0.353102 0.248745
vn 0.741504 0.649528 0.168182
v -0.451264 -0.779881 2.55207 0.615261 0.353102 0.248745
vn 0.971783 -0.178718 0.153941
v -0.497716 -0.52866 2.55207 0.615261 0.353102 0.248745
vn 0.423724 0.700186 0.574628
v -0.542921 -0.508461 2.55207 0.615261 0.353102 0.248745
vn 0.0567868 0.995206 -0.0796221
v -1.04536 -0.221145 2.55207 0.731911 0.267708 0.188964
vn 0 1 0
v -0.0404806 -0.17425 2.55207 0.782143 0.244241 0.154567
vn 0 -1 0
v -0.170597 -0.0262203 2.55207 0.782143 0.244241 0.154567
vn -1 0 0
v 0.132517 -0.0262203 2.55207 0.782143 0.244241 0.154567
vn 1 0 0
v -0.0404806 0.0563531 2.55207 0.782143 0.244241 0.154567
vn 0 1 0
v 0.210739 0.196608 2.55207 0.782143 0.244241 0.154567
vn 0 -1 0
v 0.203847 0.224999 2.55207 0.782143 0.244241 0.154567
vn -1 0 0
v 0.213282 0.224999 2.55207 0.713719 0.745059 0.756812
vn 1 0 0
v 0.210739 0.232295 2.55207 0.451949 0.435007 0.367932
vn 0 1 0
v 0.210739 0.651975 2.55207 0.451949 0.435007 0.367932
vn -0.00242538 -0.999997 0
v 0.461959 0.721014 2.55207 0.243258 0.392182 0.301999
vn 0.284851 -0.958572 0
v 0.464689 0.727439 2.55207 0.257649 0.395135 0.306546
vn 1 0 0
v 0.461959 0.748796 2.55207 0.622309 0.387168 0.359953
vn 0.256332 0.966589 0
v 0.71318 1.17498 2.55207 0.622309 0.387168 0.359953
vn 0.303952 -0.896014 -0.323685
v 0.71318 1.22988 2.34485 0.15296 0.396093 0.211766
vn 0.280017 -0.930073 -0.237813
v -1.29658 -0.277441 2.42368 0.277347 0.395117 0.266797
vn 0.542189 0.679135 0.494779
v -1.5478 -0.0262203 2.47305 0.262872 0.380521 0.247231
vn 0.633017 0.172031 0.754781
v -1.5478 0.224999 2.44886 0.262746 0.380393 0.24706
vn 0.666998 -0.0170624 0.744864
v -1.5478 0.47622 2.49083 0.194287 0.386605 0.342138
vn 0.55497 -0.0976455 0.82612
v -1.29658 0.47622 2.30376 0.194287 0.386605 0.342138
vn 0.58355 -0.210423 0.784341
v -1.5478 0.727439 2.46805 0.194287 0.386605 0.342138
vn 0.447941 0.0645735 0.891728
v -1.29658 0.727439 2.37403 0.184396 0.380444 0.337295
vn 0.478426 -0.0549123 0.876409
v -1.5478 0.97866 2.44994 0.27521 0.424765 0.316801
vn 0.318794 -0.394254 0.861936
v -1.29658 0.97866 2.36207 0.18843 0.438561 0.358793
vn 0.347752 -0.393744 0.850902
v -0.794141 -0.52866 2.39274 0.615261 0.353102 0.248745
vn 0.352406 0.859797 -0.369539
v -1.04536 -0.277441 2.4323 0.615261 0.353102 0.248745
vn 0.350901 0.762989 -0.542878
v -0.291701 -0.52866 2.42742 0.615261 0.353102 0.248745
vn 0.350565 0.388222 0.852284
v -0.291701 -0.277441 2.40683 0.615261 0.353102 0.248745
vn 0.413132 0.0394879 0.909815
v -0.0404806 -0.0262203 2.3462 0.782143 0.244241 0.154567
vn 0 0 -1
v 0.210739 0.224999 2.52658 0.782143 0.244241 0.154567
vn 0 0 -1
v 0.461959 -0.0262203 2.30567 0.712939 0.740203 0.75049
vn 0 0 1
v 0.461959 0.727439 2.54786 0.243258 0.392182 0.301999
vn 0.130813 0 -0.991407
v -0.794141 1.11331 2.61488 0.168035 0.643167 0.0986561
vn 0.258016 -0.921035 -0.291756
v -0.731336 1.14263 2.61488 0.168035 0.643167 0.0986561
vn 0.213646 -0.904201 -0.369832
v -0.668531 1.14299 2.61488 0.168035 0.643167 0.0986561
vn 0.0786069 -0.913116 -0.40005
v -0.605726 1.15128 2.61488 0.0908475 0.654745 0.168125
vn 0.220516 -0.898199 -0.380278
v -0.551407 1.16707 2.61488 0.0908475 0.654745 0.168125
vn 0.197066 -0.943719 -0.265632
v -0.542921 1.1695 2.61488 0.0908475 0.654745 0.168125
vn 0.138574 -0.961212 -0.238473
v -0.605726 1.16707 2.57878 0.0908475 0.654745 0.168125
vn 0.151301 -0.935399 -0.319587
v -0.786263 1.10427 2.67768 0.168035 0.643167 0.0986561
vn 0.0856382 -0.921288 -0.379334
v -0.731336 1.10681 2.67768 0.168035 0.643167 0.0986561
vn 0.11635 -0.9152 -0.385838
v -0.668531 1.10957 2.67768 0.168623 0.643138 0.0980441
vn 0.139105 -0.912135 -0.385563
v -0.605726 1.12687 2.67768 0.0902012 0.654901 0.168623
vn 0.241557 -0.90398 -0.352803
v -0.542921 1.14656 2.67768 0.0908475 0.654745 0.168125
vn 0.148589 -0.885553 -0.440133
v -0.794141 1.10427 2.67536 0.168035 0.643167 0.0986561
vn 0.302825 -0.910425 -0.28182
v -0.542921 1.16707 2.62403 0.0908475 0.654745 0.168125
vn 0.194406 -0.921327 -0.336693
v -1.04536 1.04023 2.67768 0.202591 0.574479 0.230415
vn -0.127195 -0.985489 0.112397
v -0.919751 1.05121 2.67768 0.202591 0.574479 0.230415
vn 0.312834 -0.933563 -0.174915
v -0.794141 1.10361 2.67768 0.202591 0.574479 0.230415
vn 0.335876 -0.845 -0.416128
v -0.417311 1.1681 2.67768 0.342238 0.418837 0.336502
vn 0.132436 -0.913776 -0.384024
v -0.291701 1.18236 2.67768 0.34702 0.415711 0.339194
vn 0.296635 -0.951679 -0.0794603
v -0.16609 1.21729 2.67768 0.538624 0.632322 0.682395
vn -0.00514207 -0.999134 -0.0412866
v -0.0404806 1.18326 2.67768 0.538624 0.632322 0.682395
vn -0.161304 -0.982323 -0.0949917
v 0.0851293 1.16658 2.67768 0.545098 0.647058 0.705881
vn -0.118094 -0.985747 -0.119822
v 0.210739 1.15619 2.67768 0.545044 0.646936 0.705687
vn -0.40653 -0.912982 0.0345904
v -0.417311 1.45103 2.67768 0.275005 0.478533 0.380656
vn 0.111547 0.993311 -0.0298516
v -0.440216 1.4811 2.67768 0.275005 0.478533 0.380656
vn 0.992745 -0.115283 -0.0341569
v -0.3915 1.4811 2.67768 0.275005 0.478533 0.380656
vn -0.992123 0.122467 -0.0263253
v -0.417311 1.50059 2.67768 0.219638 0.607772 0.251052
vn -0.10544 -0.99408 -0.0262285
v 0.210739 0.727439 2.60749 0.538624 0.632322 0.682395
vn -0.0240927 0 0.99971
v -0.0404806 1.22988 2.58809 0.538624 0.632322 0.682395
vn -0.116659 -0.92282 -0.367143
v -1.04536 1.03379 2.80329 0.202591 0.574479 0.230415
vn -0.131391 -0.991243 -0.0132041
v -0.919751 1.03151 2.80329 0.202591 0.574479 0.230415
vn 0.00460235 -0.994821 -0.101542
v -0.794141 1.04127 2.80329 0.202591 0.574479 0.230415
vn 0.160776 -0.95254 -0.258491
v -0.417311 0.97495 2.80329 0.189685 0.51852 0.250632
vn 0 -1 0
v -0.426025 0.97866 2.80329 0.189685 0.51852 0.250632
vn -0.656195 -0.754591 0
v -0.411056 0.97866 2.80329 0.189685 0.51852 0.250632
vn 0.77841 -0.287348 0.55813
v -0.668531 1.06843 2.80329 0.131258 0.645022 0.136927
vn 0.193556 -0.97474 -0.111434
v -0.542921 1.07373 2.80329 0.131258 0.645022 0.136927
vn -0.0726202 -0.994549 -0.0748271
v -0.365669 1.10427 2.80329 0.342238 0.418837 0.336502
vn 0.755664 -0.638395 0.146369
v -0.298427 1.22988 2.80329 0.342238 0.418837 0.336502
vn 0.690715 -0.39858 0.603363
v -0.16609 1.2073 2.80329 0.538624 0.632322 0.682395
vn -0.161391 -0.986282 -0.0346461
v -0.269979 1.22988 2.80329 0.538624 0.632322 0.682395
vn -0.123641 -0.855067 0.503561
v -0.0404806 1.19233 2.80329 0.538624 0.632322 0.682395
vn -0.129389 -0.969643 0.207485
v 0.0851293 1.18792 2.80329 0.545044 0.646936 0.705687
vn -0.105539 -0.976177 0.189581
v 0.210739 1.18053 2.80329 0.545044 0.646936 0.705687
vn -0.463158 -0.885879 0.0264988
v -0.291701 1.2377 2.80329 0.275005 0.478533 0.380656
vn 0.557983 -0.584472 0.589108
v -0.417311 0.97866 2.79996 0.189685 0.51852 0.250632
vn 0.436947 -0.209955 -0.874641
v -0.668531 1.10427 2.70396 0.131258 0.645022 0.136927
vn 0.14515 -0.909865 -0.388686
v -0.542921 1.10427 2.77003 0.131258 0.645022 0.136927
vn 0.138446 -0.865386 -0.481601
v -0.417311 1.10427 2.76979 0.342238 0.418837 0.336502
vn 0.0813358 -0.653683 -0.752385
v -0.291701 1.22988 2.79862 0.342238 0.418837 0.336502
vn 0.765405 -0.583082 0.272343
v -0.417311 1.4811 2.70429 0.275005 0.478533 0.380656
vn 0 0 -1
v -1.5478 -0.296844 2.80329 0.277347 0.395117 0.266797
vn 0.346718 0.897421 0.272803
v 1.06844 1.22988 2.80329 0.155296 0.397876 0.211908
vn 0.300431 -0.942785 -0.144558
v 1.21562 1.28918 2.80329 0.155296 0.397876 0.211908
vn 0.264913 -0.959465 -0.0961623
v -1.5727 -0.277441 2.80329 0.277347 0.395117 0.266797
vn 0.663212 0.469228 0.583074
v -1.29658 -0.425744 2.80329 0.277347 0.395117 0.266797
vn 0.212894 0.911575 0.351719
v -1.73585 -0.0262203 2.80329 0.262872 0.380521 0.247231
vn 0.816088 0.267975 0.512044
v -1.77162 0.224999 2.80329 0.262872 0.380521 0.247231
vn 0.887928 0.0351133 0.458641
v -1.75572 0.47622 2.80329 0.194287 0.386605 0.342138
vn 0.938617 -0.0470833 0.341732
v -1.76715 0.727439 2.80329 0.194287 0.386605 0.342138
vn 0.990383 -0.0366283 0.133417
v -1.74588 0.97866 2.80329 0.27521 0.424765 0.316801
vn 0.844019 -0.490117 -0.217754
v -1.5478 1.13662 2.80329 0.339648 0.408235 0.233352
vn 0.236481 -0.93914 -0.249186
v -1.29658 1.08146 2.80329 0.260365 0.429983 0.356239
vn -0.140599 -0.989916 -0.0172906
v -1.04536 -0.456326 2.80329 0.615261 0.353102 0.248745
vn 0.260956 0.899577 0.350232
v -0.794141 -0.494244 2.80329 0.615261 0.353102 0.248745
vn 0.208046 0.952246 0.223481
v -0.542921 -0.685715 2.80329 0.615261 0.353102 0.248745
vn 0.73129 0.615786 0.293296
v -0.714282 -0.52866 2.80329 0.615261 0.353102 0.248745
vn 0.497007 0.820188 0.283332
v -0.496833 -0.779881 2.80329 0.615261 0.353102 0.248745
vn 0.977007 0.146935 0.15449
v 0.461959 1.01334 2.80329 0.438224 0.500162 0.528687
vn -0.182169 -0.974276 -0.132671
v 0.71318 1.10193 2.80329 0.622309 0.387168 0.359953
vn 0.347503 -0.913426 -0.211885
v 0.964399 1.19037 2.80329 0.125523 0.407867 0.352953
vn 0.33185 -0.92141 -0.202188
v -1.5478 -0.277441 2.78449 0.277347 0.395117 0.266797
vn 0.478458 0.775162 0.412555
v 0.964399 1.22988 2.67038 0.155296 0.397876 0.211908
vn 0.235706 -0.945763 -0.223553
v -1.04536 -0.277441 2.67619 0.615261 0.353102 0.248745
vn 0.0448735 0.784268 0.618797
v -0.542921 -0.52866 2.59029 0.615261 0.353102 0.248745
vn 0.614812 0.70282 0.357841
v -0.0404806 -0.0262203 2.62609 0.782143 0.244241 0.154567
vn 0 0 1
v 0.210739 0.224999 2.55573 0.782143 0.244241 0.154567
vn 0 0 1
v 0.461959 0.727439 2.55859 0.257649 0.395135 0.306546
vn 0.181275 0 0.983432
v 1.71806 1.40924 2.80329 0.149271 0.440793 0.213046
vn 0.266002 -0.96063 0.0802011
v 3.72782 1.13493 2.80329 0.257644 0.531446 0.259643
vn -0.253692 -0.920342 0.297676
v 2.2205 1.56536 2.80329 0.149271 0.440793 0.213046
vn 0.139311 -0.94315 0.301762
v 3.55637 1.22988 2.80329 0.257644 0.531446 0.259643
vn -0.34109 -0.884179 0.319193
v -5.3161 -2.56432 2.80329 0.351644 0.506764 0.350389
vn 0.0239159 -0.940164 0.339882
v 2.72294 1.5396 2.80329 0.322918 0.506436 0.429545
vn -0.160262 -0.952229 0.259953
v 8.68012 3.23964 2.80329 0.349137 0.509056 0.34918
vn 0.622925 -0.776958 0.0911042
v -4.81366 -2.55033 2.80329 0.351644 0.506764 0.350389
vn 0.055181 -0.943035 0.328086
v -4.31122 -2.50438 2.80329 0.351644 0.506764 0.350389
vn 0.117414 -0.941066 0.317188
v 8.75222 3.30893 2.80329 0.349137 0.509056 0.34918
vn 0.695625 -0.71244 0.0923871
v 4.23026 0.993401 2.80329 0.257644 0.531446 0.259643
vn -0.151365 -0.943932 0.293396
v -3.80878 -2.42351 2.80329 0.351644 0.506764 0.350389
vn 0.171323 -0.935597 0.308718
v 4.7327 1.00802 2.80329 0.257644 0.531446 0.259643
vn 0.152242 -0.962906 0.222789
v -3.30634 -2.31361 2.80329 0.351644 0.506764 0.350389
vn 0.209999 -0.93231 0.294445
v 5.23514 1.16156 2.80329 0.257644 0.531446 0.259643
vn 0.307126 -0.93411 0.181969
v -3.194 -2.2872 2.80329 0.351644 0.506764 0.350389
vn 0.210904 -0.93403 0.288284
v 5.40749 1.22988 2.80329 0.257644 0.531446 0.259643
vn 0.389351 -0.901384 0.189505
v -2.8039 -2.21294 2.80329 0.351644 0.506764 0.350389
vn 0.13596 -0.944495 0.299072
v 3.22538 1.3473 2.80329 0.257644 0.531446 0.259643
vn -0.332158 -0.893802 0.301313
v -2.30146 -2.14708 2.80329 0.351644 0.506764 0.350389
vn 0.115 -0.969873 0.21476
v 5.73758 1.3827 2.80329 0.257644 0.531446 0.259643
vn 0.423938 -0.885468 0.190322
v -1.79902 -2.12093 2.80329 0.351644 0.506764 0.350389
vn 0.0733964 -0.993316 0.0890886
v 6.24002 1.62847 2.80329 0.257644 0.531446 0.259643
vn 0.427687 -0.886258 0.177849
v -1.29658 -2.05225 2.80329 0.351644 0.506764 0.350389
vn 0.367907 -0.921314 -0.125801
v 6.45259 1.73232 2.80329 0.257644 0.531446 0.259643
vn 0.467472 -0.869397 0.16006
v 6.74246 1.90285 2.80329 0.257644 0.531446 0.259643
vn 0.498018 -0.856346 0.136562
v -0.826493 -1.78476 2.80329 0.351644 0.506764 0.350389
vn 0.48605 -0.858904 -0.16137
v 7.2449 2.19937 2.80329 0.257644 0.531446 0.259643
vn 0.511256 -0.851541 0.116167
v -0.794141 -1.76792 2.80329 0.351644 0.506764 0.350389
vn 0.785908 -0.586357 -0.196303
v 7.30575 2.23476 2.80329 0.257644 0.531446 0.259643
vn 0.551974 -0.827072 0.106192
v -0.500299 -1.28232 2.80329 0.351644 0.506764 0.350389
vn 0.938619 -0.313638 -0.143616
v 7.74734 2.53208 2.80329 0.257644 0.531446 0.259643
vn 0.549887 -0.830921 0.0848219
v 8.05345 2.7372 2.80329 0.257644 0.531446 0.259643
vn 0.587911 -0.804608 0.08347
v 8.24978 2.90091 2.80329 0.257644 0.531446 0.259643
vn 0.624065 -0.777349 0.0791943
v 1.71806 1.22988 2.45624 0.149271 0.440793 0.213046
vn 0.110885 -0.890101 0.442068
v 8.75222 3.23964 2.3617 0.257644 0.531446 0.259643
vn 0.622055 -0.776217 0.102643
v -2.8039 -2.2872 2.44032 0.351644 0.506764 0.350389
vn 0.196805 -0.956588 0.214957
v 3.22538 1.22988 2.51692 0.257644 0.531446 0.259643
vn -0.294185 -0.864497 0.407555
v -1.04536 1.03688 2.9289 0.11627 0.383852 0.331123
vn -0.243196 -0.969944 0.00797196
v -0.919751 1.01442 2.9289 0.11627 0.383852 0.331123
vn -0.0196441 -0.974509 -0.223486
v -0.794141 1.02427 2.9289 0.11627 0.383852 0.331123
vn 0.130111 -0.944504 -0.301636
v -0.668531 1.05825 2.9289 0.119866 0.498948 0.273575
vn 0.485773 -0.869084 -0.09337
v -0.554224 1.10427 2.9289 0.119866 0.498948 0.273575
vn 0.491177 -0.727098 0.47966
v -0.542921 1.10992 2.9289 0.119866 0.498948 0.273575
vn 0.440262 -0.598685 0.669138
v -0.417311 1.20982 2.9289 0.113777 0.498047 0.274502
vn 0.57663 -0.492935 0.651547
v -0.402596 1.22988 2.9289 0.113777 0.498047 0.274502
vn 0.633576 -0.523532 0.569645
v -0.297425 1.35549 2.9289 0.294853 0.345683 0.309092
vn 0.616368 -0.514597 0.596054
v -0.291701 1.36271 2.9289 0.294853 0.345683 0.309092
vn -0.0694655 -0.701234 0.709539
v -0.417311 0.97866 2.81034 0.119866 0.498948 0.273575
vn 0 -0.428527 0.903529
v -0.542921 1.10427 2.91442 0.119866 0.498948 0.273575
vn 0.179942 -0.970957 0.157681
v -0.417311 1.10427 2.86463 0.113726 0.498039 0.27451
vn 0.26414 -0.604743 0.751343
v -0.291701 1.35549 2.92054 0.294853 0.345683 0.309092
vn 0.0908661 -0.70447 0.703893
v -0.919751 0.960753 3.05451 0.11627 0.383852 0.331123
vn -0.27068 -0.821584 -0.501728
v -0.9528 0.97866 3.05451 0.11627 0.383852 0.331123
vn -0.418091 -0.765399 0.489249
v -0.794141 0.908867 3.05451 0.11627 0.383852 0.331123
vn 0.0420382 -0.996073 0.0779212
v -1.04536 1.04421 3.05451 0.11627 0.383852 0.331123
vn -0.424024 -0.851032 0.309755
v -0.707459 0.97866 3.05451 0.119866 0.498948 0.273575
vn 0.767625 -0.631625 0.10864
v -0.671265 1.10427 3.05451 0.119866 0.498948 0.273575
vn 0.68743 -0.276662 0.671489
v -0.668531 1.10765 3.05451 0.119866 0.498948 0.273575
vn 0.483183 -0.523815 0.701536
v -0.542972 1.22988 3.05451 0.119866 0.498948 0.273575
vn 0.546834 -0.566054 0.616892
v -0.542921 1.22991 3.05451 0.338164 0.380092 0.267183
vn 0.528556 -0.659582 0.534397
v -0.420522 1.35549 3.05451 0.294853 0.345683 0.309092
vn 0.597143 -0.58019 0.553895
v -0.417311 1.3583 3.05451 0.294853 0.345683 0.309092
vn 0.585391 -0.75923 0.284405
v -0.298446 1.4811 3.05451 0.294123 0.345103 0.309798
vn 0.706227 -0.700061 0.105629
v -0.291701 1.48488 3.05451 0.338164 0.380092 0.267183
vn 0.143827 -0.988249 0.0517507
v -1.5478 0.947875 3.05451 0.334158 0.473735 0.410631
vn 0.736265 -0.440491 -0.513694
v -1.52029 0.97866 3.05451 0.334158 0.473735 0.410631
vn 0.615099 -0.734429 -0.286821
v -1.42219 1.02888 3.05451 0.334158 0.473735 0.410631
vn 0.138371 -0.946184 -0.292556
v -1.29658 1.06813 3.05451 0.334158 0.473735 0.410631
vn 0.279903 -0.960017 -0.00455972
v -1.17097 1.08736 3.05451 0.11627 0.383852 0.331123
vn -0.126113 -0.979497 0.157104
v -0.264944 1.4811 3.05451 0.360788 0.580387 0.152985
vn -0.197416 -0.795544 0.572832
v -0.919751 0.97866 3.00799 0.11627 0.383852 0.331123
vn -0.153647 -0.891447 -0.42628
v -0.794141 0.97866 2.96892 0.11627 0.383852 0.331123
vn 0.119746 -0.800502 -0.587245
v -0.668531 1.10427 3.04904 0.119866 0.498948 0.273575
vn 0.669217 -0.627693 0.397682
v -0.542921 1.22988 3.05447 0.119866 0.498948 0.273575
vn 0.525 -0.582721 0.620331
v -0.417311 1.22988 2.94374 0.113777 0.498047 0.274502
vn 0.56795 -0.530168 0.629567
v -0.417311 1.35549 3.05043 0.294853 0.345683 0.309092
vn 0.608749 -0.538198 0.582895
v -0.291701 1.4811 3.04244 0.294123 0.345103 0.309798
vn 0.492924 -0.617697 0.612761
v -1.90211 0.224999 3.05451 0.564579 0.639124 0.705719
vn 0.888232 -0.161885 0.429928
v -1.79902 0.433536 3.05451 0.564579 0.639124 0.705719
vn 0.921308 -0.330374 0.205049
v -1.77979 0.47622 3.05451 0.585968 0.67945 0.733819
vn 0.965691 -0.255623 -0.0458102
v -1.67891 0.727439 3.05451 0.585968 0.67945 0.733819
vn 0.872306 -0.404629 -0.274514
v -0.296297 0.224999 3.05451 0.187861 0.509008 0.26323
vn -1 0 0
v -0.291701 0.229908 3.05451 0.187861 0.509008 0.26323
vn 0 1 0
v -0.281938 0.224999 3.05451 0.316034 0.438923 0.299248
vn 1 0 0
v 0.210739 1.17326 3.05451 0.451949 0.435007 0.367932
vn -0.624326 -0.779816 0.0458772
v 0.126508 1.22988 3.05451 0.451949 0.435007 0.367932
vn -0.483822 -0.771593 0.412991
v 0.461959 0.94641 3.05451 0.256325 0.425833 0.291104
vn 0 -1 0
v 0.428187 0.97866 3.05451 0.256325 0.425833 0.291104
vn -0.717257 -0.653631 0.241472
v 0.553479 0.97866 3.05451 0.256325 0.425833 0.291104
vn 0.357797 -0.931409 -0.0667764
v 0.71318 1.06022 3.05451 0.256325 0.425833 0.291104
vn 0.348074 -0.930441 -0.114558
v 0.964399 1.14559 3.05451 0.548974 0.658801 0.71367
vn 0.260238 -0.943651 -0.204447
v 1.21562 1.21954 3.05451 0.543227 0.655927 0.706792
vn 0.255343 -0.877813 -0.40527
v -0.0404806 1.40933 3.05451 0.361201 0.579768 0.158277
vn -0.391462 -0.65287 0.648474
v -1.79902 0.224999 2.8594 0.564579 0.639124 0.705719
vn 0.90865 -0.0385806 0.415772
v -1.5478 0.97866 3.03777 0.334158 0.473735 0.410631
vn 0.511935 -0.693443 -0.507011
v -0.291701 0.224999 3.04677 0.187861 0.509008 0.26323
vn 0 -0.998346 -0.0574903
v -0.0404806 1.22988 2.87581 0.451949 0.435007 0.367932
vn -0.305007 -0.757883 0.576701
v 0.461959 0.97866 2.9267 0.256325 0.425833 0.291104
vn -0.30248 -0.935748 -0.181333
v 1.21562 1.22988 3.03022 0.543227 0.655927 0.706792
vn 0.279767 -0.925627 -0.254845
v -1.5478 0.875966 3.18012 0.334158 0.473735 0.410631
vn 0.801554 -0.566393 -0.191599
v -1.4679 0.97866 3.18012 0.334158 0.473735 0.410631
vn 0.718914 -0.67474 -0.166999
v -1.42219 1.00859 3.18012 0.334158 0.473735 0.410631
vn 0.52691 -0.849917 0.00242952
v -1.29658 1.07411 3.18012 0.334158 0.473735 0.410631
vn 0.432175 -0.881137 0.19189
v -1.22711 1.10427 3.18012 0.11627 0.383852 0.331123
vn 0.31963 -0.900446 0.295016
v -1.17097 1.13086 3.18012 0.11627 0.383852 0.331123
vn 0.347976 -0.808856 0.473988
v -1.04536 1.17829 3.18012 0.11627 0.383852 0.331123
vn 0.0820464 -0.64972 0.755733
v -0.73055 1.22988 3.18012 0.338164 0.380092 0.267183
vn 0.544299 -0.534784 0.646331
v -0.668531 1.25629 3.18012 0.338164 0.380092 0.267183
vn 0.454872 -0.733751 0.504679
v -0.542921 1.33537 3.18012 0.338164 0.380092 0.267183
vn 0.431776 -0.689646 0.581341
v -0.515213 1.35549 3.18012 0.338164 0.380092 0.267183
vn 0.540032 -0.668743 0.511026
v -0.417311 1.4243 3.18012 0.338164 0.380092 0.267183
vn 0.405006 -0.817372 0.409724
v -0.31014 1.4811 3.18012 0.338164 0.380092 0.267183
vn 0.613656 -0.721003 0.321841
v -0.291701 1.48913 3.18012 0.391255 0.399667 0.208834
vn 0.148989 -0.865053 0.479046
v -0.16609 1.52631 3.18012 0.360788 0.580387 0.152985
vn 0.124582 -0.78737 0.603761
v -0.0769753 1.60671 3.18012 0.360784 0.580392 0.152942
vn 0.592211 -0.633448 0.498026
v -0.0404806 1.6196 3.18012 0.360788 0.580387 0.152985
vn 0 -1 0
v 0.00820303 1.4811 3.18012 0.361201 0.579768 0.158277
vn -0.663294 -0.590206 0.460106
v -0.0193415 1.60671 3.18012 0.361201 0.579768 0.158277
vn -0.931818 -0.193079 0.307304
v -1.17097 1.10427 3.09762 0.11627 0.383852 0.331123
vn 0.130556 -0.95278 0.274164
v -1.04536 1.10427 3.11405 0.11627 0.383852 0.331123
vn -0.177542 -0.578263 0.796298
v -0.668531 1.22988 3.1441 0.338164 0.380092 0.267183
vn 0.449057 -0.617623 0.645669
v -0.16609 1.4811 3.09744 0.360788 0.580387 0.152985
vn 0.0313895 -0.94806 0.31654
v -0.0404806 1.4811 3.13117 0.360784 0.580392 0.152942
vn -0.191655 -0.578348 0.792958
v -0.0404806 1.60671 3.12061 0.360784 0.580392 0.152942
vn 0 -0.333264 0.942833
v -1.5478 0.856775 3.30573 0.334158 0.473735 0.410631
vn 0.797861 -0.596619 -0.0863896
v -1.44939 0.97866 3.30573 0.334158 0.473735 0.410631
vn 0.723376 -0.675321 -0.143762
v -1.42219 0.993031 3.30573 0.334158 0.473735 0.410631
vn 0.711522 -0.696044 -0.0962213
v -1.33678 1.10427 3.30573 0.334158 0.473735 0.410631
vn 0.698774 -0.712474 -0.0640026
v -1.29658 1.13938 3.30573 0.334158 0.473735 0.410631
vn 0.370923 -0.924534 -0.087488
v -1.17097 1.1835 3.30573 0.11627 0.383852 0.331123
vn 0.482186 -0.860461 -0.164634
v -1.10924 1.22988 3.30573 0.11627 0.383852 0.331123
vn 0.59756 -0.800529 0.0455522
v -0.794141 1.27142 3.30573 0.338164 0.380092 0.267183
vn 0.220208 -0.94845 0.22793
v -0.668531 1.33411 3.30573 0.338164 0.380092 0.267183
vn 0.452974 -0.830368 0.324505
v -0.644958 1.35549 3.30573 0.338164 0.380092 0.267183
vn 0.603154 -0.706134 0.370917
v -0.542921 1.45234 3.30573 0.338164 0.380092 0.267183
vn 0.475557 -0.822076 0.313107
v -0.417311 1.46452 3.30573 0.338164 0.380092 0.267183
vn 0.00470621 -0.999351 -0.0357035
v -0.388021 1.4811 3.30573 0.338164 0.380092 0.267183
vn 0.75988 -0.571217 0.310312
v -0.417311 1.52626 3.30573 0.391255 0.399667 0.208834
vn 0.843198 0.34644 0.411092
v -0.434193 1.60671 3.30573 0.391255 0.399667 0.208834
vn 1 0 0
v -0.417311 1.63715 3.30573 0.391255 0.399667 0.208834
vn 0.358531 -0.933518 0
v -0.291701 1.683 3.30573 0.39215 0.399997 0.207851
vn -0.163019 -0.986623 0
v -0.16609 1.56151 3.30573 0.360788 0.580387 0.152985
vn -0.0332822 -0.997505 0.0622591
v -0.233094 1.60671 3.30573 0.360788 0.580387 0.152985
vn -0.451627 -0.859898 0.237927
v -0.0404806 1.53208 3.30573 0.360788 0.580387 0.152985
vn -0.420844 -0.899509 0.117365
v 0.0851293 1.49354 3.30573 0.361201 0.579768 0.158277
vn -0.267082 -0.922914 0.277302
v 0.135674 1.4811 3.30573 0.361201 0.579768 0.158277
vn -0.257211 -0.876199 0.407576
v 0.210739 1.43554 3.30573 0.424056 0.48495 0.485818
vn -0.426345 -0.531327 0.732067
v -1.29658 1.10427 3.22048 0.334158 0.473735 0.410631
vn 0.450881 -0.811056 0.372686
v -1.04536 1.22988 3.22204 0.11627 0.383852 0.331123
vn 0.200589 -0.786587 0.583991
v -0.794141 1.22988 3.22434 0.338164 0.380092 0.267183
vn -0.0198218 -0.607326 0.794206
v -0.542921 1.35549 3.19964 0.338164 0.380092 0.267183
vn 0.513546 -0.668881 0.537466
v -0.417311 1.60671 3.28645 0.391255 0.399667 0.208834
vn 0.241233 0 0.970467
v -0.291701 1.60671 3.27031 0.391255 0.399667 0.208834
vn 0.242777 -0.471942 0.847543
v -0.0404806 1.60671 3.21009 0.360788 0.580387 0.152985
vn -0.51931 -0.70604 -0.481482
v 0.0851293 1.4811 3.27136 0.361201 0.579768 0.158277
vn -0.474189 -0.6819 0.556918
v -1.95106 0.224999 3.30573 0.549362 0.628202 0.686232
vn 0.908917 -0.36054 0.209476
v -1.8032 0.47622 3.30573 0.549362 0.628202 0.686232
vn 0.838779 -0.500847 0.213548
v -1.79902 0.480961 3.30573 0.549362 0.628202 0.686232
vn 0.795902 -0.595139 0.111128
v -1.63501 0.727439 3.30573 0.585968 0.67945 0.733819
vn 0.823243 -0.566376 -0.0386001
v 0.461959 1.09278 3.30573 0.256325 0.425833 0.291104
vn -0.555754 -0.433383 0.709448
v 0.441122 1.22988 3.30573 0.256325 0.425833 0.291104
vn -0.494979 -0.411369 0.765357
v 0.71318 1.04273 3.30573 0.256325 0.425833 0.291104
vn 0.108815 -0.844229 0.52482
v 0.964399 1.1103 3.30573 0.543227 0.655927 0.706792
vn 0.0201912 -0.989998 0.139626
v 1.21562 1.10268 3.30573 0.543227 0.655927 0.706792
vn 0.16514 -0.965154 -0.202991
v -1.04536 1.27854 3.30573 0.281179 0.466526 0.362964
vn 0.0933851 -0.986163 0.136973
v -1.79902 0.47622 3.26592 0.549362 0.628202 0.686232
vn 0.880211 -0.472356 0.0459179
v -0.291701 0.224999 3.13976 0.187861 0.509008 0.26323
vn 0 -0.844614 0.535376
v -0.794141 0.97866 3.12848 0.109859 0.372644 0.337203
vn 0.120386 -0.45981 0.879819
v 0.210739 1.22988 3.13766 0.451949 0.435007 0.367932
vn -0.574884 -0.56693 0.589999
v 0.461959 0.97866 3.25 0.256325 0.425833 0.291104
vn -0.120411 -0.90577 0.406304
v 4.23026 1.17706 3.30573 0.257644 0.531446 0.259643
vn -0.0536217 -0.93824 0.341803
v -5.3161 -2.37264 3.30573 0.351644 0.506764 0.350389
vn 0.0180038 -0.924374 0.381061
v 1.71806 1.39206 3.30573 0.412647 0.540764 0.543726
vn 0.344725 -0.897573 -0.274823
v 4.11464 1.22988 3.30573 0.257644 0.531446 0.259643
vn -0.28768 -0.872591 0.394747
v 2.2205 1.55086 3.30573 0.412647 0.540764 0.543726
vn 0.132386 -0.950022 -0.282723
v -1.79902 -0.600184 3.30573 0.277347 0.395117 0.266797
vn 0.236548 0.647756 0.724195
v 8.61951 3.23964 3.30573 0.349137 0.509056 0.34918
vn 0.640118 -0.76496 0.0713064
v 2.72294 1.57748 3.30573 0.322918 0.506436 0.429545
vn 0.141447 -0.988549 -0.0525679
v -2.10012 -0.277441 3.30573 0.277347 0.395117 0.266797
vn 0.801131 0.0573221 0.595738
v 4.7327 1.1565 3.30573 0.257644 0.531446 0.259643
vn 0.0520238 -0.937627 0.343729
v -1.29658 -0.532502 3.30573 0.277347 0.395117 0.266797
vn 0.12289 0.869081 0.479163
v -4.81366 -2.36229 3.30573 0.351644 0.506764 0.350389
vn 0.042157 -0.930411 0.364085
v 5.01038 1.22988 3.30573 0.257644 0.531446 0.259643
vn 0.25646 -0.903351 0.34378
v 8.75222 3.3713 3.30573 0.349137 0.509056 0.34918
vn 0.707976 -0.701802 0.0790176
v -4.31122 -2.32225 3.30573 0.351644 0.506764 0.350389
vn 0.0929478 -0.932969 0.34775
v 3.22538 1.4958 3.30573 0.257644 0.531446 0.259643
vn -0.236727 -0.916764 0.321721
v -4.09546 -2.2872 3.30573 0.351644 0.506764 0.350389
vn 0.136855 -0.934968 0.327269
v -3.80878 -2.24911 3.30573 0.351644 0.506764 0.350389
vn 0.173804 -0.935656 0.307149
v -3.30634 -2.14494 3.30573 0.351644 0.506764 0.350389
vn 0.214104 -0.919142 0.330663
v -2.8039 -2.02293 3.30573 0.351644 0.506764 0.350389
vn 0.20054 -0.89588 0.396463
v -2.30146 -1.97065 3.30573 0.351644 0.506764 0.350389
vn 0.0502994 -0.916654 0.396504
v -1.79902 -2.03397 3.30573 0.351644 0.506764 0.350389
vn -0.0621307 -0.905489 0.419798
v 3.72782 1.35079 3.30573 0.257644 0.531446 0.259643
vn -0.257818 -0.848963 0.461293
v -1.29658 -2.03081 3.30573 0.351644 0.506764 0.350389
vn 0.185051 -0.925473 0.33054
v 5.23514 1.29767 3.30573 0.257644 0.531446 0.259643
vn 0.330845 -0.88047 0.339579
v -0.849715 -1.78476 3.30573 0.351644 0.506764 0.350389
vn 0.503929 -0.782095 0.366583
v 5.73758 1.51236 3.30573 0.257644 0.531446 0.259643
vn 0.391429 -0.882872 0.259463
v -0.794141 -1.76348 3.30573 0.351644 0.506764 0.350389
vn 0.769812 -0.542985 0.335495
v -0.495321 -1.28232 3.30573 0.351644 0.506764 0.350389
vn 0.942061 -0.199855 0.269405
v 6.22979 1.73232 3.30573 0.257644 0.531446 0.259643
vn 0.39059 -0.870062 0.300718
v -0.641539 -0.779881 3.30573 0.351644 0.506764 0.350389
vn 0.793188 0.356948 0.493397
v 6.24002 1.73792 3.30573 0.257644 0.531446 0.259643
vn 0.402636 -0.886368 0.228554
v 6.74246 1.9912 3.30573 0.257644 0.531446 0.259643
vn 0.456526 -0.875185 0.160111
v 7.20197 2.23476 3.30573 0.257644 0.531446 0.259643
vn 0.470505 -0.874409 0.118467
v 7.2449 2.26156 3.30573 0.257644 0.531446 0.259643
vn 0.507812 -0.856013 0.096787
v 7.74734 2.5761 3.30573 0.257644 0.531446 0.259643
vn 0.535493 -0.841491 0.071696
v -0.794141 -0.663966 3.30573 0.615261 0.353102 0.248745
vn 0.353932 0.867723 0.348981
v 7.99531 2.7372 3.30573 0.257644 0.531446 0.259643
vn 0.590243 -0.804463 0.0667285
v 8.24978 2.94465 3.30573 0.257644 0.531446 0.259643
vn 0.625365 -0.777855 0.0621293
v 1.47438 1.22988 3.30573 0.229167 0.537197 0.193572
vn 0.377106 -0.892563 -0.247228
v -1.79902 -0.277441 2.95315 0.277347 0.395117 0.266797
vn 0.538385 0.532284 0.65331
v -3.80878 -2.2872 3.17535 0.351644 0.506764 0.350389
vn 0.179606 -0.928342 0.325457
v 3.72782 1.22988 2.99782 0.257644 0.531446 0.259643
vn -0.286593 -0.891698 0.350342
v -3.30634 -2.2872 2.87078 0.351644 0.506764 0.350389
vn 0.190201 -0.932824 0.306043
v 5.23514 1.22988 3.04785 0.257644 0.531446 0.259643
vn 0.327679 -0.910891 0.250807
v 6.24002 1.73232 3.28026 0.257644 0.531446 0.259643
vn 0.41057 -0.891197 0.192872
v 7.2449 2.23476 3.08989 0.257644 0.531446 0.259643
vn 0.513989 -0.850817 0.109208
v -1.5478 0.845912 3.43134 0.231632 0.432396 0.322714
vn 0.754434 -0.656313 -0.00906705
v -1.5436 0.85305 3.43134 0.231632 0.432396 0.322714
vn 0.626123 -0.755182 -0.194086
v -1.42219 0.963778 3.43134 0.231632 0.432396 0.322714
vn 0.638823 -0.731239 -0.239157
v -1.3913 0.97866 3.43134 0.231632 0.432396 0.322714
vn 0.43444 -0.863947 -0.254671
v -1.29658 1.00997 3.43134 0.164716 0.439215 0.337253
vn 0.411689 -0.80075 -0.435099
v -1.17097 1.09491 3.43134 0.117493 0.426649 0.302981
vn 0.500859 -0.768029 -0.399089
v -1.15198 1.10427 3.43134 0.11099 0.392775 0.346058
vn 0.532555 -0.714038 -0.454461
v -1.04536 1.19629 3.43134 0.11099 0.392775 0.346058
vn 0.58946 -0.655429 -0.472175
v -0.794141 1.32095 3.43134 0.267046 0.622052 0.127332
vn 0.362184 -0.919056 0.155432
v -0.668531 1.34859 3.43134 0.267046 0.622052 0.127332
vn 0.333919 -0.912267 0.237207
v -0.659644 1.35549 3.43134 0.282925 0.560178 0.204494
vn 0.672545 -0.735365 0.0831913
v -0.542921 1.46052 3.43134 0.29011 0.529775 0.240744
vn 0.23493 -0.968689 0.0803078
v -0.417311 1.40505 3.43134 0.347527 0.502183 0.239546
vn 0.146863 -0.987486 0.0574615
v -0.357136 1.4811 3.43134 0.254585 0.516002 0.260102
vn 0.922798 -0.372593 -0.0980742
v -0.291701 1.57499 3.43134 0.332313 0.380682 0.335625
vn 0.605672 -0.788788 -0.104762
v -0.237739 1.60671 3.43134 0.305333 0.496917 0.49402
vn 0.496316 -0.86793 -0.0191845
v -0.0404806 1.55935 3.43134 0.305333 0.496917 0.49402
vn -0.332479 -0.942659 0.029181
v -0.106171 1.60671 3.43134 0.305333 0.496917 0.49402
vn -0.621979 -0.782426 0.0308597
v -0.17295 1.73232 3.43134 0.305333 0.496917 0.49402
vn 0.891255 -0.453503 0
v -0.159073 1.73232 3.43134 0.537749 0.62345 0.687984
vn -0.90819 -0.418559 0
v 0.0851293 1.52917 3.43134 0.424056 0.48495 0.485818
vn -0.189052 -0.966349 0.174436
v 0.210739 1.51991 3.43134 0.424056 0.48495 0.485818
vn -0.0720959 -0.951768 0.298229
v -0.16609 1.73672 3.43134 0.370693 0.483734 0.365321
vn 0 -1 0
v -1.5478 0.85305 3.35507 0.231632 0.432396 0.322714
vn 0.756306 -0.644385 -0.113
v -1.42219 0.97866 3.38122 0.231632 0.432396 0.322714
vn 0.611074 -0.696785 -0.375605
v -1.29658 1.10427 3.35254 0.164716 0.439215 0.337253
vn 0.42875 -0.639089 -0.638544
v -1.17097 1.10427 3.41814 0.117493 0.426649 0.302981
vn 0.332231 -0.716407 -0.613501
v -1.04536 1.22988 3.39562 0.11099 0.392775 0.346058
vn 0.392378 -0.892282 -0.22332
v -0.417311 1.60671 3.33899 0.332313 0.380682 0.335625
vn 0.627162 -0.374488 -0.682954
v -0.291701 1.60671 3.37285 0.332313 0.380682 0.335625
vn 0.0391947 -0.875274 -0.482036
v 0.210739 1.4811 3.34702 0.424056 0.48495 0.485818
vn -0.207215 -0.845115 0.49279
v -0.16609 1.60671 3.36816 0.305333 0.496917 0.49402
vn -0.150155 -0.830553 0.536317
v -0.16609 1.73232 3.42484 0.305333 0.496917 0.49402
vn -0.612593 -0.325677 0.720184
v -1.5478 0.822224 3.55695 0.231632 0.432396 0.322714
vn 0.642303 -0.746416 -0.174095
v -1.51 0.85305 3.55695 0.231632 0.432396 0.322714
vn 0.487442 -0.831225 -0.267329
v -1.42219 0.904313 3.55695 0.231632 0.432396 0.322714
vn 0.556045 -0.766643 -0.321048
v -1.32091 0.97866 3.55695 0.231632 0.432396 0.322714
vn 0.539163 -0.779275 -0.319428
v -1.29658 0.99122 3.55695 0.166008 0.439083 0.336972
vn 0.323383 -0.929238 -0.178715
v -1.17097 1.03214 3.55695 0.0753539 0.384509 0.360444
vn 0.421589 -0.852495 -0.309055
v -1.05105 1.10427 3.55695 0.11099 0.392775 0.346058
vn 0.492946 -0.790394 -0.363705
v -1.04536 1.11048 3.55695 0.11099 0.392775 0.346058
vn 0.635934 -0.633956 -0.440099
v -0.794141 1.37912 3.55695 0.282925 0.560178 0.204494
vn 0.597409 -0.771988 0.217112
v -0.668531 1.41335 3.55695 0.282925 0.560178 0.204494
vn 0.309725 -0.896174 0.317716
v -0.542921 1.4377 3.55695 0.282925 0.560178 0.204494
vn 0.324092 -0.940813 0.0991772
v -0.471846 1.4811 3.55695 0.254585 0.516002 0.260102
vn 0.425027 -0.867371 0.25888
v -0.417311 1.52878 3.55695 0.332313 0.380682 0.335625
vn 0.552342 -0.777229 0.301387
v -0.291701 1.6001 3.55695 0.332313 0.380682 0.335625
vn 0.150749 -0.985451 0.0784965
v -0.16609 1.57154 3.55695 0.305333 0.496917 0.49402
vn -0.250717 -0.96789 0.0181716
v -0.0404806 1.54674 3.55695 0.224383 0.454047 0.428145
vn -0.124272 -0.99083 0.0530258
v 0.0851293 1.52257 3.55695 0.424056 0.48495 0.485818
vn -0.0174898 -0.965756 0.258861
v 0.210739 1.5622 3.55695 0.424056 0.48495 0.485818
vn 0.240087 -0.769702 0.591538
v -0.794141 1.35549 3.51092 0.282925 0.560178 0.204494
vn 0.520955 -0.77456 0.358697
v -0.668531 1.35549 3.44855 0.282925 0.560178 0.204494
vn 0.385557 -0.825023 0.413138
v -0.417311 1.4811 3.52346 0.254585 0.516002 0.260102
vn 0.228023 -0.802741 0.55101
v -0.16609 1.60671 3.48948 0.305333 0.496917 0.49402
vn -0.101237 -0.839176 -0.534355
v -0.16609 1.73232 3.43902 0.305333 0.496917 0.49402
vn -0.58569 -0.311375 -0.74834
v -2.01958 0.224999 3.55695 0.346872 0.546369 0.444373
vn 0.855767 -0.431071 0.286077
v -1.86865 0.47622 3.55695 0.346872 0.546369 0.444373
vn 0.805481 -0.566702 0.173346
v -1.79902 0.539084 3.55695 0.346872 0.546369 0.444373
vn 0.738255 -0.665951 0.10719
v -1.65802 0.727439 3.55695 0.346872 0.546369 0.444373
vn 0.742226 -0.669459 -0.0304109
v -0.929925 1.22988 3.55695 0.22286 0.451062 0.436575
vn 0.727056 -0.671486 -0.143164
v 0.71318 0.461112 3.55695 0.415097 0.445673 0.361425
vn 0 -1 0
v 0.696554 0.47622 3.55695 0.415097 0.445673 0.361425
vn -1 0 0
v 0.71318 0.51467 3.55695 0.415097 0.445673 0.361425
vn 0 1 0
v 0.750246 0.47622 3.55695 0.215792 0.56811 0.0881955
vn 1 0 0
v 0.964399 1.13122 3.55695 0.222373 0.535942 0.207614
vn -0.319175 -0.937557 0.138255
v 0.872122 1.22988 3.55695 0.222373 0.535942 0.207614
vn -0.700379 -0.57765 0.419273
v 1.21562 1.07155 3.55695 0.222373 0.535942 0.207614
vn 0.0159902 -0.955988 -0.292968
v 0.366972 1.73232 3.55695 0.333026 0.433575 0.302747
vn 0.693375 -0.593401 0.408787
v 0.71318 1.49854 3.55695 0.333026 0.433575 0.302747
vn -0.644143 -0.406249 0.648106
v 0.587457 1.73232 3.55695 0.333026 0.433575 0.302747
vn -0.658773 -0.585393 0.472582
v 0.461959 1.82849 3.55695 0.361201 0.576327 0.161873
vn 0 -1 0
v 0.738066 1.4811 3.55695 0.210857 0.390803 0.177659
vn -0.724096 -0.468488 0.506165
v 0.71318 0.47622 3.54333 0.415097 0.445673 0.361425
vn 0 0 -1
v 0.461959 1.22988 3.32583 0.415097 0.445673 0.361425
vn -0.337073 -0.394166 0.854994
v 0.71318 1.22988 3.45333 0.415097 0.445673 0.361425
vn -0.308816 -0.55765 0.770493
v 0.461959 1.4811 3.45691 0.333026 0.433575 0.302747
vn -0.206011 -0.434455 0.876817
v 0.71318 1.4811 3.53797 0.333026 0.433575 0.302747
vn -0.364585 -0.380894 0.849704
v 0.461959 1.73232 3.46195 0.333026 0.433575 0.302747
vn 0 -0.27673 0.960948
v -1.5478 0.788106 3.68256 0.26983 0.439083 0.290829
vn 0.565199 -0.769064 -0.298481
v -1.42219 0.844644 3.68256 0.26983 0.439083 0.290829
vn 0.419756 -0.887517 -0.19005
v -1.41049 0.85305 3.68256 0.26983 0.439083 0.290829
vn 0.519801 -0.812052 -0.265288
v -1.29658 0.942577 3.68256 0.282157 0.520275 0.348107
vn 0.44914 -0.79954 -0.398758
v -1.20997 0.97866 3.68256 0.22286 0.451062 0.436575
vn 0.340804 -0.848355 -0.40515
v -1.17097 0.997466 3.68256 0.546566 0.622013 0.705182
vn 0.350278 -0.826242 -0.441169
v -1.04536 1.05094 3.68256 0.55678 0.627407 0.713657
vn 0.682556 -0.630029 -0.370379
v -0.0404806 1.55632 3.68256 0.424056 0.48495 0.485818
vn -0.045673 -0.981327 0.186847
v -0.165325 1.60671 3.68256 0.424056 0.48495 0.485818
vn -0.280018 -0.950823 0.132385
v -0.291701 1.61659 3.68256 0.424056 0.48495 0.485818
vn 0.0928412 -0.867531 0.488642
v -0.16609 1.60704 3.68256 0.424056 0.48495 0.485818
vn -0.125743 -0.986751 0.102523
v 0.0404277 1.60671 3.68256 0.566222 0.613256 0.679085
vn 0.37588 -0.920707 0.104943
v 0.210739 1.56941 3.68256 0.661031 0.461346 0.474772
vn 0.411327 -0.869667 -0.272927
v 0.146031 1.60671 3.68256 0.661031 0.461346 0.474772
vn -0.322416 -0.945743 0.0402315
v 0.0851293 1.62864 3.68256 0.661031 0.461346 0.474772
vn 0 -1 0
v -1.42219 0.85305 3.65852 0.26983 0.439083 0.290829
vn 0.485221 -0.799596 -0.353845
v -1.29658 0.97866 3.59123 0.282157 0.520275 0.348107
vn 0.413423 -0.852115 -0.320907
v -1.04536 1.10427 3.57585 0.55678 0.627407 0.713657
vn 0.597147 -0.727916 -0.336977
v -0.291701 1.60671 3.60735 0.424056 0.48495 0.485818
vn 0.235053 -0.963609 0.127311
v -0.16609 1.60671 3.68172 0.424056 0.48495 0.485818
vn -0.257843 -0.935726 0.240697
v 0.0851293 1.60671 3.65037 0.566222 0.613256 0.679085
vn 0.0364097 -0.840351 0.540818
v -1.52983 0.727439 3.80817 0.258996 0.358152 0.232305
vn 0.363438 -0.877046 -0.314169
v -1.42219 0.821004 3.80817 0.258996 0.358152 0.232305
vn 0.518501 -0.741505 -0.425824
v -1.36337 0.85305 3.80817 0.26983 0.439083 0.290829
vn 0.390565 -0.824239 -0.409986
v -1.29658 0.880525 3.80817 0.26983 0.439083 0.290829
vn 0.298812 -0.838134 -0.456336
v -1.17097 0.904625 3.80817 0.22286 0.451062 0.436575
vn 0.09913 -0.784409 -0.612272
v -1.04536 0.941587 3.80817 0.22286 0.451062 0.436575
vn 0.277102 -0.673527 -0.685256
v -0.0404806 1.58757 3.80817 0.424056 0.48495 0.485818
vn -0.0541195 -0.993104 -0.103993
v -0.145249 1.60671 3.80817 0.424056 0.48495 0.485818
vn -0.180386 -0.977853 -0.10613
v -0.291701 1.63674 3.80817 0.424056 0.48495 0.485818
vn -0.260289 -0.939154 -0.224143
v -0.16609 1.61074 3.80817 0.424056 0.48495 0.485818
vn -0.156607 -0.971748 -0.176577
v 0.0851293 1.58275 3.80817 0.661031 0.461346 0.474772
vn -0.0392871 -0.974356 -0.221554
v 0.210739 1.57744 3.80817 0.661031 0.461346 0.474772
vn 0.0410467 -0.984338 -0.171449
v -1.5478 0.727439 3.77874 0.258996 0.358152 0.232305
vn 0.559171 -0.765719 -0.317809
v -1.17097 0.97866 3.70638 0.22286 0.451062 0.436575
vn 0.247736 -0.779112 -0.575857
v -1.04536 0.97866 3.75338 0.22286 0.451062 0.436575
vn 0.310196 -0.736368 -0.601283
v 0.0851293 1.60671 3.75734 0.661031 0.461346 0.474772
vn -0.0275631 -0.970946 -0.237704
v -2.06595 0.224999 3.80817 0.346872 0.546369 0.444373
vn 0.851908 -0.521208 0.0509405
v -2.05024 0.243083 3.80817 0.346872 0.546369 0.444373
vn 0.842806 -0.537411 0.0294518
v -1.91137 0.47622 3.80817 0.346872 0.546369 0.444373
vn 0.79251 -0.607461 0.0540247
v -1.79902 0.565327 3.80817 0.346872 0.546369 0.444373
vn 0.57536 -0.814539 -0.0740753
v -1.5478 0.710227 3.80817 0.346872 0.546369 0.444373
vn 0.511336 -0.849073 -0.132702
v -0.991023 0.97866 3.80817 0.22286 0.451062 0.436575
vn 0.637456 -0.455381 -0.621512
v -0.88004 1.22988 3.80817 0.22286 0.451062 0.436575
vn 0.835767 -0.366042 -0.409277
v 1.21562 1.00932 3.80817 0.222373 0.535942 0.207614
vn -0.381691 -0.913747 -0.139204
v 0.977453 1.22988 3.80817 0.222373 0.535942 0.207614
vn -0.694273 -0.715729 0.0756152
v -0.794141 1.39995 3.80817 0.110885 0.652342 0.157713
vn 0.916 -0.394704 -0.071789
v -0.794141 1.62977 3.80817 0.110885 0.652342 0.157713
vn 0.550228 0.308232 0.776042
v -0.821002 1.73232 3.80817 0.110885 0.652342 0.157713
vn 0.717651 -0.171487 0.674959
v -0.753685 1.4811 3.80817 0.313908 0.527391 0.306216
vn 0.579348 -0.534805 0.615093
v -0.516431 1.73232 3.80817 0.506946 0.599902 0.666313
vn -0.0947659 -0.788533 0.607647
v -0.794141 1.75 3.80817 0.245239 0.54354 0.248636
vn 0.0320505 -0.99323 0.111659
v -0.542921 1.74329 3.80817 0.156928 0.56469 0.113825
vn -0.0406364 -0.989094 -0.141572
v 0.461959 1.61723 3.80817 0.333026 0.433575 0.302747
vn 0.145827 -0.901586 -0.40728
v 0.71318 1.65157 3.80817 0.331386 0.43139 0.300022
vn -0.504317 -0.852307 -0.138695
v 0.964399 1.24278 3.80817 0.210857 0.390803 0.177659
vn -0.894053 -0.443018 0.0663622
v 0.852969 1.4811 3.80817 0.210857 0.390803 0.177659
vn -0.840121 -0.517081 0.16378
v -2.05024 0.224999 3.73486 0.346872 0.546369 0.444373
vn 0.845552 -0.512371 0.15006
v 0.71318 0.47622 3.59208 0.415097 0.445673 0.361425
vn 0 0 1
v 0.964399 1.22988 3.77847 0.222373 0.535942 0.207614
vn -0.65371 -0.732595 0.189652
v -0.794141 1.73232 3.79052 0.110885 0.652342 0.157713
vn 0.0599303 0 0.998203
v -0.542921 1.4811 3.62657 0.313908 0.527391 0.306216
vn 0.35598 -0.686395 0.634145
v -0.542921 1.73232 3.79148 0.313908 0.527391 0.306216
vn 0.294629 -0.291825 0.909963
v 0.461959 1.73232 3.70645 0.333026 0.433575 0.302747
vn 0.173389 -0.838282 -0.516933
v -2.42997 -0.779881 3.80817 0.360523 0.552668 0.474413
vn 0.857344 -0.0305711 0.513835
v 2.72294 1.49747 3.80817 0.200225 0.577629 0.220425
vn 0.606132 -0.7317 0.311801
v 2.43795 1.22988 3.80817 0.247086 0.503113 0.358804
vn 0.42377 -0.897594 -0.121424
v -5.3161 -2.16769 3.80817 0.351644 0.506764 0.350389
vn 0.00125398 -0.914716 0.404095
v 3.17002 1.73232 3.80817 0.200225 0.577629 0.220425
vn 0.207303 -0.915206 0.345576
v -2.40236 -0.277441 3.80817 0.360523 0.552668 0.474413
vn 0.931672 -0.240717 0.272108
v 8.56932 3.23964 3.80817 0.349137 0.509056 0.34918
vn 0.655463 -0.746518 0.114366
v -2.30146 -0.167533 3.80817 0.360523 0.552668 0.474413
vn 0.820804 -0.55959 0.114628
v -4.81366 -2.16701 3.80817 0.351644 0.506764 0.350389
vn 0.0095053 -0.920256 0.391202
v 3.72782 1.66809 3.80817 0.200225 0.577629 0.220425
vn -0.248653 -0.798258 0.548595
v -4.31122 -2.14528 3.80817 0.351644 0.506764 0.350389
vn 0.0861265 -0.931849 0.352475
v 8.75222 3.42858 3.80817 0.349137 0.509056 0.34918
vn 0.708147 -0.679248 0.192741
v 3.3765 1.73232 3.80817 0.200225 0.577629 0.220425
vn -0.128852 -0.868772 0.478156
v -3.80878 -2.07913 3.80817 0.351644 0.506764 0.350389
vn 0.189111 -0.918419 0.347482
v 1.71806 0.991634 3.80817 0.222373 0.535942 0.207614
vn 0.228245 -0.96102 -0.156027
v -3.30634 -1.9445 3.80817 0.351644 0.506764 0.350389
vn 0.274869 -0.877823 0.392267
v 3.22538 1.74778 3.80817 0.200225 0.577629 0.220425
vn 0 -0.906932 0.421276
v 2.2205 1.16109 3.80817 0.193804 0.522609 0.278084
vn 0.313182 -0.895251 -0.316927
v -2.93889 -1.78476 3.80817 0.351644 0.506764 0.350389
vn 0.40535 -0.776693 0.48212
v 4.23026 1.46638 3.80817 0.200225 0.577629 0.220425
vn -0.221089 -0.819966 0.527991
v -2.8039 -1.71668 3.80817 0.351644 0.506764 0.350389
vn 0.503215 -0.586779 0.634402
v -2.36479 -1.28232 3.80817 0.351644 0.506764 0.350389
vn 0.637155 -0.323733 0.69945
v 4.7327 1.3832 3.80817 0.200225 0.577629 0.220425
vn 0.0562228 -0.842527 0.535711
v 5.23514 1.52647 3.80817 0.220576 0.540516 0.223369
vn 0.266329 -0.848426 0.457429
v 5.73758 1.7013 3.80817 0.220576 0.540516 0.223369
vn 0.330413 -0.869551 0.367027
v 5.83358 1.73232 3.80817 0.220576 0.540516 0.223369
vn 0.34659 -0.865659 0.361262
v 6.24002 1.891 3.80817 0.220576 0.540516 0.223369
vn 0.321909 -0.873346 0.365569
v 6.74246 2.09366 3.80817 0.220576 0.540516 0.223369
vn 0.365742 -0.887857 0.279184
v 7.06405 2.23476 3.80817 0.257644 0.531446 0.259643
vn 0.416666 -0.883763 0.212962
v -1.29658 -1.50588 3.80817 0.351644 0.506764 0.350389
vn 0.128111 -0.405361 0.905135
v 7.2449 2.32804 3.80817 0.257644 0.531446 0.259643
vn 0.470753 -0.862049 0.187783
v -1.79476 -1.28232 3.80817 0.351644 0.506764 0.350389
vn -0.137866 0.0820059 0.98705
v 7.74734 2.61465 3.80817 0.257644 0.531446 0.259643
vn 0.508199 -0.851612 0.128418
v -1.29658 -1.18246 3.80817 0.351644 0.506764 0.350389
vn 0.0503557 0.444511 0.894357
v 7.94286 2.7372 3.80817 0.257644 0.531446 0.259643
vn 0.585525 -0.802641 0.113702
v 8.24978 2.98017 3.80817 0.257644 0.531446 0.259643
vn 0.612156 -0.774571 0.159075
v -1.20621 -1.28232 3.80817 0.739199 0.259085 0.198271
vn 0.482196 0 0.876063
v 1.71806 1.22988 3.49575 0.24317 0.50197 0.360768
vn 0.267215 -0.781086 -0.564359
v -2.30146 -0.779881 3.65112 0.360523 0.552668 0.474413
vn 0.41154 0.35309 0.840216
v 2.2205 1.22988 3.7406 0.24317 0.50197 0.360768
vn 0.252131 -0.75859 -0.600809
v -5.3161 -2.2872 3.49004 0.351644 0.506764 0.350389
vn 0.00808191 -0.932146 0.361993
v 4.23026 1.22988 3.3753 0.18993 0.444523 0.152915
vn -0.105007 -0.868287 0.484821
v -2.30146 -0.277441 3.6257 0.360523 0.552668 0.474413
vn 0.844972 -0.197423 0.497038
v 4.7327 1.22988 3.45648 0.18993 0.444523 0.152915
vn -0.0298606 -0.899305 0.436301
v -1.79902 -0.779881 3.50436 0.291465 0.578454 0.370551
vn -0.0248968 0.598542 0.800705
v -4.81366 -2.2872 3.47337 0.351644 0.506764 0.350389
vn 0.0358657 -0.932996 0.358094
v -1.29658 -0.779881 3.63869 0.291465 0.578454 0.370551
vn 0.16357 0.537309 0.827371
v -4.31122 -2.2872 3.3874 0.351644 0.506764 0.350389
vn 0.0764239 -0.935015 0.346275
v 3.22538 1.73232 3.76387 0.200225 0.577629 0.220425
vn 0 -0.893883 0.4483
v -0.794141 -0.779881 3.42361 0.415097 0.445673 0.361425
vn 0.365278 0.516464 0.774491
v -2.8039 -1.78476 3.70557 0.351644 0.506764 0.350389
vn 0.180679 -0.819545 0.543784
v -2.30146 -1.78476 3.53402 0.351644 0.506764 0.350389
vn 0.063802 -0.569203 0.819718
v -1.79902 -1.78476 3.61472 0.351644 0.506764 0.350389
vn -0.0837065 -0.593777 0.800264
v -1.29658 -1.78476 3.62093 0.351644 0.506764 0.350389
vn 0.326464 -0.614408 0.718279
v -2.30146 -1.28232 3.76753 0.351644 0.506764 0.350389
vn 0.124754 -0.0874463 0.988327
v -1.79902 -1.28232 3.80717 0.351644 0.506764 0.350389
vn -0.00754229 -0.0028771 0.999967
v -0.794141 -1.28232 3.58922 0.739199 0.259085 0.198271
vn 0.549006 -0.0639892 0.833365
v -2.06965 0.224999 4.05939 0.346872 0.546369 0.444373
vn 0.83702 -0.546833 0.0192813
v -2.05024 0.244057 4.05939 0.346872 0.546369 0.444373
vn 0.840996 -0.539875 -0.0355073
v -1.89971 0.47622 4.05939 0.346872 0.546369 0.444373
vn 0.756524 -0.619049 -0.210831
v -1.79902 0.555342 4.05939 0.346872 0.546369 0.444373
vn 0.480013 -0.839527 -0.254523
v -1.5478 0.683576 4.05939 0.248979 0.618701 0.292304
vn 0.286968 -0.899574 -0.329267
v -1.29658 0.714888 4.05939 0.248979 0.618701 0.292304
vn 0.00252952 -0.812107 -0.583504
v -1.29658 1.4942 4.05939 0.142682 0.356676 0.250309
vn 0.133383 0.991065 0
v -1.36395 1.73232 4.05939 0.142682 0.356676 0.250309
vn 1 0 0
v -1.04536 0.685141 4.05939 0.295177 0.455613 0.398531
vn 0.0841263 -0.871434 -0.483244
v -0.960583 0.727439 4.05939 0.295177 0.455613 0.398531
vn 0.633394 -0.649007 -0.421427
v -0.794141 0.933121 4.05939 0.458629 0.566509 0.501302
vn 0.703752 -0.616595 -0.352908
v -0.740475 0.97866 4.05939 0.295177 0.455613 0.398531
vn 0.796004 -0.335672 -0.503688
v -0.753707 1.22988 4.05939 0.295177 0.455613 0.398531
vn 0.764773 -0.0659537 -0.640915
v -0.794141 1.33895 4.05939 0.145924 0.528185 0.170407
vn 0.820441 0.296696 -0.488722
v -0.856445 1.4811 4.05939 0.145924 0.528185 0.170407
vn 0.804316 0.385357 -0.4523
v -1.04536 1.68944 4.05939 0.145924 0.528185 0.170407
vn 0.207991 0.91596 0.343157
v -0.794141 1.53915 4.05939 0.0795186 0.5101 0.168656
vn -0.02303 -0.738281 -0.6741
v -1.00569 1.73232 4.05939 0.0795186 0.5101 0.168656
vn -0.421132 -0.492495 -0.761641
v -0.542921 1.60172 4.05939 0.245239 0.54354 0.248636
vn -0.034465 -0.874897 -0.483081
v -0.291701 1.57352 4.05939 0.245239 0.54354 0.248636
vn -0.0948414 -0.948136 -0.303386
v -1.29658 1.7846 4.05939 0.176522 0.552934 0.211792
vn 0.0546922 -0.996945 0.055761
v -1.04536 1.75261 4.05939 0.176522 0.552934 0.211792
vn -0.128312 -0.983068 -0.13082
v -0.0404806 1.54278 4.05939 0.370693 0.483734 0.365321
vn -0.0736994 -0.973427 -0.216813
v 0.210739 1.53296 4.05939 0.370693 0.483734 0.365321
vn 0.00401942 -0.98459 -0.174831
v 0.461959 1.54293 4.05939 0.166912 0.385128 0.202529
vn 0.0450572 -0.9839 -0.172948
v 0.71318 1.53321 4.05939 0.14917 0.376544 0.188356
vn -0.0245915 -0.988016 -0.152383
v 0.964399 1.27196 4.05939 0.210857 0.390803 0.177659
vn -0.836439 -0.547741 -0.0186901
v 0.818249 1.4811 4.05939 0.210857 0.390803 0.177659
vn -0.730531 -0.677713 -0.0838439
v 0.995979 1.22988 4.05939 0.210857 0.390803 0.177659
vn -0.754953 -0.65462 -0.0389625
v -1.29658 0.727439 4.0436 0.248979 0.618701 0.292304
vn 0.161504 -0.849228 -0.50272
v -1.29658 1.73232 4.01589 0.142682 0.356676 0.250309
vn 0.0169928 0.0448607 0.998849
v -1.04536 0.727439 4.0003 0.295177 0.455613 0.398531
vn 0.125661 -0.726864 -0.675188
v -0.794141 0.97866 4.01525 0.458629 0.566509 0.501302
vn 0.732933 -0.321133 -0.599736
v -0.794141 1.22988 4.00627 0.349808 0.459552 0.369049
vn 0.909272 -0.0971429 -0.404707
v -0.794141 1.4811 3.95318 0.145924 0.528185 0.170407
vn 0.842728 0.364818 0.395876
v -1.04536 1.73232 4.04093 0.145924 0.528185 0.170407
vn 0.120424 -0.687745 0.715894
v -0.794141 1.73232 3.86359 0.0795186 0.5101 0.168656
vn -0.217377 -0.81566 -0.53614
v -0.542921 1.73232 3.85311 0.245239 0.54354 0.248636
vn -0.0919237 -0.822457 -0.561351
v -1.99239 0.224999 4.31061 0.346872 0.546369 0.444373
vn 0.654556 -0.653232 -0.380584
v -1.79902 0.390344 4.31061 0.346872 0.546369 0.444373
vn 0.544342 -0.69166 -0.474656
v -1.69905 0.47622 4.31061 0.248979 0.618701 0.292304
vn 0.430818 -0.726475 -0.535378
v -1.5478 0.537305 4.31061 0.316549 0.650464 0.286371
vn 0.196815 -0.85818 -0.474121
v -1.29658 0.535589 4.31061 0.173771 0.592581 0.286371
vn 0.0684483 -0.866381 -0.494671
v -1.79902 1.65094 4.31061 0.142682 0.356676 0.250309
vn 0.0142726 0.994131 -0.107233
v -1.90604 1.73232 4.31061 0.142682 0.356676 0.250309
vn 1 0 0
v -1.5478 1.69196 4.31061 0.142682 0.356676 0.250309
vn -0.0989193 0.661716 0.7432
v -1.33907 1.73232 4.31061 0.142682 0.356676 0.250309
vn -0.725403 -0.0724985 -0.684496
v -1.04536 0.588092 4.31061 0.295177 0.455613 0.398531
vn 0.419558 -0.806284 -0.416986
v -0.87047 0.727439 4.31061 0.295177 0.455613 0.398531
vn 0.632654 -0.71748 -0.291499
v -0.794141 0.809611 4.31061 0.349808 0.459552 0.369049
vn 0.668152 -0.659648 -0.344147
v -0.602305 0.97866 4.31061 0.295177 0.455613 0.398531
vn 0.800169 -0.336294 -0.496625
v -0.542921 1.21653 4.31061 0.295177 0.455613 0.398531
vn 0.810118 -0.221537 -0.542799
v -0.535183 1.22988 4.31061 0.295177 0.455613 0.398531
vn 0.488831 -0.649475 -0.582431
v -0.291701 1.41706 4.31061 0.245239 0.54354 0.248636
vn 0.329019 -0.751902 -0.571305
v -0.0404806 1.45954 4.31061 0.370693 0.483734 0.365321
vn 0.619442 -0.688052 0.377989
v 0.101976 1.4811 4.31061 0.370693 0.483734 0.365321
vn 0.0648672 -0.984869 0.160704
v 0.210739 1.49649 4.31061 0.370693 0.483734 0.365321
vn 0.0952321 -0.954992 0.28093
v 0.461959 1.52523 4.31061 0.166912 0.385128 0.202529
vn 0.108193 -0.871104 0.479032
v 0.71318 1.58431 4.31061 0.166912 0.385128 0.202529
vn -0.168822 -0.911579 0.374865
v 0.964399 1.26843 4.31061 0.210857 0.390803 0.177659
vn -0.823063 -0.410683 0.39231
v 0.809575 1.4811 4.31061 0.210857 0.390803 0.177659
vn -0.721009 -0.580988 0.377623
v 0.987673 1.22988 4.31061 0.210857 0.390803 0.177659
vn -0.779124 -0.589312 0.213723
v -2.05024 0.224999 4.12107 0.346872 0.546369 0.444373
vn 0.714471 -0.630884 -0.302516
v -1.79902 0.47622 4.21122 0.346872 0.546369 0.444373
vn 0.642635 -0.611369 -0.461788
v -1.79902 1.73232 4.24939 0.142682 0.356676 0.250309
vn 0.0871387 0.0762718 0.993272
v -1.5478 1.73232 4.27159 0.142682 0.356676 0.250309
vn -0.131065 -0.11472 0.984714
v -1.29658 1.73232 4.28733 0.142682 0.356676 0.250309
vn 0.0720662 0 -0.9974
v -0.542921 1.22988 4.30632 0.295177 0.455613 0.398531
vn 0.738959 -0.201901 -0.642787
v -0.794141 1.4811 4.15163 0.145924 0.528185 0.170407
vn 0.47257 0 -0.881293
v -1.04536 1.73232 4.18338 0.202987 0.544826 0.164798
vn -0.616785 0 -0.787132
v -0.542921 1.4811 4.22751 0.245239 0.54354 0.248636
vn 0.382918 -0.391853 -0.836556
v -0.291701 1.4811 4.2512 0.245239 0.54354 0.248636
vn 0.0164175 -0.839658 -0.542867
v -0.0404806 1.4811 4.27886 0.370693 0.483734 0.365321
vn 0.0088705 -0.913624 -0.406464
v 2.72294 1.84973 4.31061 0.200225 0.577629 0.220425
vn 0.341707 -0.939806 0
v -2.62895 -0.779881 4.31061 0.360523 0.552668 0.474413
vn 0.950751 -0.260779 0.16753
v 2.033 1.22988 4.31061 0.247086 0.503113 0.358804
vn 0.540302 -0.791042 0.286925
v -2.45864 -0.277441 4.31061 0.360523 0.552668 0.474413
vn 0.873817 -0.482445 -0.0607442
v 8.407 3.23964 4.31061 0.349137 0.509056 0.34918
vn 0.658643 -0.689938 0.300292
v -2.30146 -0.113114 4.31061 0.360523 0.552668 0.474413
vn 0.696595 -0.684695 -0.214357
v 2.2205 1.42697 4.31061 0.247086 0.503113 0.358804
vn 0.628414 -0.66268 0.407371
v 3.22538 1.98629 4.31061 0.200225 0.577629 0.220425
vn 0.159416 -0.973356 0.164819
v 8.75222 3.60304 4.31061 0.349137 0.509056 0.34918
vn 0.690468 -0.655924 0.304986
v -1.79902 1.97897 4.31061 0.141189 0.352971 0.250975
vn 0 -1 0
v 3.72782 1.96644 4.31061 0.200225 0.577629 0.220425
vn -0.00735413 -0.93208 0.362177
v 2.52689 1.73232 4.31061 0.247086 0.503113 0.358804
vn 0.570605 -0.787203 0.233927
v 4.23026 1.85161 4.31061 0.200225 0.577629 0.220425
vn -0.138194 -0.814574 0.563357
v 0.210739 -0.458956 4.31061 0.778676 0.296178 0.21016
vn -0.0320216 -0.823378 -0.566589
v 4.7327 1.75298 4.31061 0.200225 0.577629 0.220425
vn 0.0393054 -0.761816 0.646599
v -0.16293 -0.277441 4.31061 0.778676 0.296178 0.21016
vn -0.369159 -0.402359 -0.837753
v 0.318307 -0.277441 4.31061 0.778676 0.296178 0.21016
vn 0.731154 -0.407335 -0.547259
v 0.0089159 0.224999 4.31061 0.778676 0.296178 0.21016
vn -0.491426 0.223209 -0.84183
v 0.426294 0.224999 4.31061 0.830905 0.274702 0.18843
vn 0.506205 0.113906 -0.854858
v 5.23514 1.86206 4.31061 0.220576 0.540516 0.223369
vn 0.167179 -0.770552 0.615061
v 0.210739 0.425302 4.31061 0.415097 0.445673 0.361425
vn -0.101299 0.590033 -0.800999
v 5.73758 1.98732 4.31061 0.220576 0.540516 0.223369
vn 0.232487 -0.827637 0.51085
v -5.3161 -1.9247 4.31061 0.351644 0.506764 0.350389
vn -0.0117604 -0.893027 0.449849
v 6.24002 2.11984 4.31061 0.220576 0.540516 0.223369
vn 0.272813 -0.870048 0.410597
v 1.21562 0.934015 4.31061 0.222373 0.535942 0.207614
vn -0.206155 -0.954458 0.215662
v 6.6353 2.23476 4.31061 0.220576 0.540516 0.223369
vn 0.25189 -0.856765 0.450006
v -4.81366 -1.93644 4.31061 0.351644 0.506764 0.350389
vn -0.0119169 -0.882616 0.469943
v 1.71806 0.995985 4.31061 0.223511 0.506358 0.323624
vn 0.329682 -0.910801 0.248497
v -4.31122 -1.93506 4.31061 0.351644 0.506764 0.350389
vn 0.0438701 -0.89706 0.439726
v 6.74246 2.27216 4.31061 0.220576 0.540516 0.223369
vn 0.31943 -0.816809 0.480403
v -3.80878 -1.87862 4.31061 0.351644 0.506764 0.350389
vn 0.154281 -0.90786 0.389856
v -3.51079 -1.78476 4.31061 0.351644 0.506764 0.350389
vn 0.245709 -0.897094 0.367219
v 7.2449 2.47316 4.31061 0.257644 0.531446 0.259643
vn 0.370745 -0.842605 0.390596
v -3.30634 -1.73241 4.31061 0.351644 0.506764 0.350389
vn 0.52388 -0.798794 0.295766
v 7.74734 2.73402 4.31061 0.257644 0.531446 0.259643
vn 0.466078 -0.855275 0.226442
v -2.8039 -1.34345 4.31061 0.351644 0.506764 0.350389
vn 0.527135 -0.724849 0.443534
v 7.75268 2.7372 4.31061 0.257644 0.531446 0.259643
vn 0.575774 -0.775919 0.257747
v 8.24978 3.11194 4.31061 0.257644 0.531446 0.259643
vn 0.584389 -0.761048 0.281595
v -2.77094 -1.28232 4.31061 0.351644 0.506764 0.350389
vn 0.813237 -0.293499 0.502497
v 2.2205 1.22988 3.99225 0.247086 0.503113 0.358804
vn 0.409017 -0.852541 0.325389
v 2.72294 1.73232 4.0099 0.200225 0.577629 0.220425
vn 0.343324 -0.804603 0.484502
v -3.30634 -1.78476 4.15527 0.351644 0.506764 0.350389
vn 0.441924 -0.78991 0.425142
v 0.210739 -0.277441 4.20403 0.778676 0.296178 0.21016
vn -0.115165 -0.0709159 -0.990812
v 0.210739 0.224999 4.21101 0.778676 0.296178 0.21016
vn 0.1517 0.0934138 -0.984002
v 3.72782 1.73232 3.86089 0.200225 0.577629 0.220425
vn -0.209611 -0.816874 0.537383
v -1.29658 -1.28232 3.86577 0.351644 0.506764 0.350389
vn 0 0 1
v 4.23026 1.73232 4.11229 0.200225 0.577629 0.220425
vn -0.209066 -0.778431 0.591892
v 4.7327 1.73232 4.27571 0.200225 0.577629 0.220425
vn -0.0205433 -0.813744 0.58086
v 5.23514 1.73232 4.10067 0.220576 0.540516 0.223369
vn 0.220511 -0.813336 0.538386
v 5.73758 1.73232 3.86011 0.220576 0.540516 0.223369
vn 0.248625 -0.825637 0.506468
v 6.74246 2.23476 4.20504 0.220576 0.540516 0.223369
vn 0.359797 -0.882859 0.301838
v -1.78842 0.224999 4.56183 0.565298 0.665407 0.702909
vn 0.358889 -0.802748 -0.47623
v -1.5478 0.332028 4.56183 0.565298 0.665407 0.702909
vn 0.287799 -0.780418 -0.555085
v -1.29658 0.381035 4.56183 0.565298 0.665407 0.702909
vn 0.227197 -0.888209 -0.399333
v -1.04536 0.449067 4.56183 0.308853 0.480382 0.332361
vn 0.268799 -0.887779 -0.373625
v -0.982209 0.47622 4.56183 0.308853 0.480382 0.332361
vn 0.412034 -0.811283 -0.414786
v -0.794141 0.594193 4.56183 0.439125 0.536373 0.507052
vn 0.341139 -0.715359 -0.609825
v -0.542921 0.704088 4.56183 0.31254 0.479178 0.33337
vn 0.281422 -0.595937 -0.752104
v -0.510055 0.727439 4.56183 0.31254 0.479178 0.33337
vn 0.255919 -0.228004 -0.939425
v -0.39871 0.97866 4.56183 0.31254 0.479178 0.33337
vn 0.683926 -0.105309 -0.721911
v -0.395398 1.22988 4.56183 0.31254 0.479178 0.33337
vn 0.792987 -0.157564 -0.588511
v -1.79902 0.224999 4.55314 0.565298 0.665407 0.702909
vn 0.62347 -0.650315 -0.434024
v -1.5478 0.47622 4.41551 0.565298 0.665407 0.702909
vn 0.189242 -0.760369 -0.621311
v -1.29658 0.47622 4.4332 0.565298 0.665407 0.702909
vn 0.0995541 -0.821856 -0.560929
v -1.04536 0.47622 4.51867 0.308853 0.480382 0.332361
vn 0.197303 -0.847712 -0.492399
v -0.794141 0.727439 4.42063 0.439125 0.536373 0.507052
vn 0.504816 -0.583155 -0.636467
v -0.542921 0.727439 4.54749 0.31254 0.479178 0.33337
vn 0.495567 -0.357035 -0.791795
v -0.542921 0.97866 4.43157 0.31254 0.479178 0.33337
vn 0.690521 -0.356691 -0.629247
v -1.46823 0.224999 4.81305 0.565298 0.665407 0.702909
vn 0.495234 -0.852568 -0.166946
v -1.29658 0.313148 4.81305 0.565298 0.665407 0.702909
vn 0.501613 -0.85435 0.135909
v -1.04536 0.352329 4.81305 0.308853 0.480382 0.332361
vn 0.0991575 -0.993572 0.0546097
v -0.794141 0.410969 4.81305 0.308853 0.480382 0.332361
vn -0.405961 -0.887286 -0.218905
v -0.542921 0.247539 4.81305 0.31254 0.479178 0.33337
vn -0.590172 -0.640268 -0.491685
v -0.52879 0.224999 4.81305 0.31254 0.479178 0.33337
vn -0.907373 -0.0517724 -0.417125
v -1.5478 0.224999 4.75814 0.565298 0.665407 0.702909
vn 0.356177 -0.816739 -0.453956
v -0.794141 0.47622 4.75127 0.308853 0.480382 0.332361
vn 0.205066 -0.831072 -0.516978
v -0.542921 0.47622 4.71504 0.31254 0.479178 0.33337
vn -0.241393 -0.434632 -0.867655
v -0.291701 0.224999 4.57536 0.31254 0.479178 0.33337
vn -0.720381 0.117761 -0.683508
v -0.291701 0.47622 4.63723 0.31254 0.479178 0.33337
vn -0.3246 0.350797 -0.878394
v -0.291701 0.727439 4.68844 0.31254 0.479178 0.33337
vn 0.179714 0.231652 -0.956055
v -0.291701 0.97866 4.69504 0.31254 0.479178 0.33337
vn 0.407298 0.128752 -0.904175
v -0.291701 1.22988 4.70619 0.31254 0.479178 0.33337
vn 0.846404 -0.460389 -0.267662
v 1.21562 -0.877836 4.81305 0.644439 0.418288 0.406508
vn 0 -1 0
v 1.09271 -0.779881 4.81305 0.644439 0.418288 0.406508
vn -1 0 0
v 1.71806 1.39091 4.81305 0.246162 0.429931 0.251422
vn 0.119107 -0.667188 0.735305
v 2.72294 1.70003 4.81305 0.211652 0.625022 0.228353
vn 0.222968 -0.974826 0
v -5.3161 -1.61943 4.81305 0.351644 0.506764 0.350389
vn -0.0354339 -0.831522 0.55436
v 2.77239 1.73232 4.81305 0.211652 0.625022 0.228353
vn 0.436 -0.899947 0
v 8.00725 3.23964 4.81305 0.349137 0.509056 0.34918
vn 0.523768 -0.611801 0.592762
v 2.2205 1.60609 4.81305 0.246162 0.429931 0.251422
vn 0.410619 -0.869073 0.27587
v 3.22538 1.94345 4.81305 0.177547 0.61217 0.113431
vn 0.328356 -0.929375 0.168654
v 1.27384 -0.779881 4.81305 0.644439 0.418288 0.406508
vn 1 0 0
v 8.24978 3.47046 4.81305 0.349137 0.509056 0.34918
vn 0.581867 -0.587172 0.562726
v 3.72782 2.12756 4.81305 0.371428 0.551345 0.352931
vn 0.23465 -0.920973 0.311043
v -4.81366 -1.64332 4.81305 0.351644 0.506764 0.350389
vn -0.0492579 -0.820535 0.56947
v 4.23026 2.19948 4.81305 0.200225 0.577629 0.220425
vn 0.015694 -0.877748 0.478866
v -2.6182 -0.779881 4.81305 0.360523 0.552668 0.474413
vn 0.872327 -0.463757 -0.154838
v 8.51427 3.74208 4.81305 0.349137 0.509056 0.34918
vn 0.642353 -0.534051 0.549703
v 4.7327 2.21582 4.81305 0.200225 0.577629 0.220425
vn -0.0368489 -0.771557 0.635092
v -4.31122 -1.67091 4.81305 0.351644 0.506764 0.350389
vn -0.0252157 -0.837922 0.545208
v 8.75222 4.1196 4.81305 0.349137 0.509056 0.34918
vn 0.669957 -0.42228 0.610604
v 4.90792 2.23476 4.81305 0.220576 0.540516 0.223369
vn 0.122965 -0.718646 0.684418
v -2.30146 -0.289047 4.81305 0.360523 0.552668 0.474413
vn 0.783768 -0.501453 -0.366405
v 5.23514 2.28716 4.81305 0.220576 0.540516 0.223369
vn 0.120998 -0.693792 0.709938
v -3.80878 -1.65542 4.81305 0.351644 0.506764 0.350389
vn 0.070178 -0.877505 0.474404
v -2.29674 -0.277441 4.81305 0.369279 0.527419 0.52553
vn 0.644017 -0.685192 -0.340228
v 5.73758 2.38423 4.81305 0.220576 0.540516 0.223369
vn 0.131022 -0.723705 0.677557
v -3.30634 -1.55024 4.81305 0.351644 0.506764 0.350389
vn 0.394853 -0.852588 0.342324
v -1.79902 0.0828404 4.81305 0.369279 0.527419 0.52553
vn 0.533031 -0.79003 -0.302871
v 6.24002 2.47615 4.81305 0.220576 0.540516 0.223369
vn 0.1598 -0.760398 0.62949
v 6.74246 2.59236 4.81305 0.220576 0.540516 0.223369
vn 0.250953 -0.801336 0.543032
v -0.291701 -0.632878 4.81305 0.415097 0.445673 0.361425
vn -0.44749 -0.868661 -0.212558
v -0.512967 -0.277441 4.81305 0.415097 0.445673 0.361425
vn -0.943009 -0.263852 -0.202774
v 7.17661 2.7372 4.81305 0.257644 0.531446 0.259643
vn 0.26734 -0.745235 0.610864
v -2.93784 -1.28232 4.81305 0.351644 0.506764 0.350389
vn 0.54605 -0.786004 0.289874
v 0.210739 -0.675104 4.81305 0.775093 0.249868 0.190834
vn 0.327756 -0.944518 0.0214966
v 7.2449 2.76663 4.81305 0.257644 0.531446 0.259643
vn 0.369057 -0.663136 0.651189
v 0.567976 -0.277441 4.81305 0.624589 0.595256 0.511138
vn 0.670478 -0.728313 -0.141489
v -2.8039 -1.20118 4.81305 0.351644 0.506764 0.350389
vn 0.721222 -0.689144 0.0701392
v 7.74734 3.05376 4.81305 0.257644 0.531446 0.259643
vn 0.474669 -0.721191 0.504552
v 0.71318 -0.0968399 4.81305 0.690038 0.423358 0.351346
vn 0.84175 -0.465538 -0.27337
v 0.210739 0.959486 4.81305 0.415097 0.445673 0.361425
vn 0.238195 0.889923 -0.388974
v -0.147861 1.22988 4.81305 0.415097 0.445673 0.361425
vn 0.753841 0.639287 -0.151774
v 0.71318 0.930529 4.81305 0.415097 0.445673 0.361425
vn 0.258732 0.917658 -0.3016
v 1.21562 -0.68184 4.81305 0.316099 0.491427 0.266295
vn 0 1 0
v 0.917737 0.224999 4.81305 0.316099 0.491427 0.266295
vn 0.955468 -0.215564 -0.201526
v 0.899146 0.727439 4.81305 0.768421 0.298128 0.235308
vn 0.957563 0.249515 -0.144275
v 1.21562 1.22302 4.81305 0.743415 0.308814 0.237021
vn -0.719895 -0.603131 0.343489
v 1.20772 1.22988 4.81305 0.743415 0.308814 0.237021
vn -0.859514 -0.317923 0.400201
v 1.22741 1.22988 4.81305 0.743415 0.308814 0.237021
vn 0.160041 -0.665915 0.728659
v -0.208332 1.73232 4.81305 0.36732 0.62397 0.514563
vn 0.79646 -0.263285 0.544363
v 0.00376844 2.23476 4.81305 0.283414 0.611917 0.442093
vn 0.677202 -0.35135 0.646491
v 0.71318 2.16824 4.81305 0.536886 0.669438 0.693511
vn -0.398035 -0.461411 0.792886
v 0.680174 2.23476 4.81305 0.536886 0.669438 0.693511
vn -0.307673 -0.486488 0.817721
v 0.210739 2.486 4.81305 0.590598 0.551702 0.556924
vn 0.0809429 -0.656496 0.749974
v 1.03614 1.73232 4.81305 0.294984 0.517091 0.334781
vn -0.711617 -0.404079 0.574736
v 2.72294 1.73232 4.69881 0.211652 0.625022 0.228353
vn 0.323163 -0.930899 -0.170271
v 1.71806 1.22988 4.6814 0.246162 0.429931 0.251422
vn 0.293975 -0.791927 0.535191
v 1.21562 -0.779881 4.74354 0.644439 0.418288 0.406508
vn 0 0 -1
v -5.3161 -1.78476 4.52363 0.351644 0.506764 0.350389
vn -0.0254886 -0.851465 0.523792
v 5.23514 2.23476 4.75084 0.220576 0.540516 0.223369
vn 0.146824 -0.759176 0.634109
v 8.24978 3.23964 4.50943 0.349137 0.509056 0.34918
vn 0.5852 -0.66584 0.462815
v 5.73758 2.23476 4.62336 0.220576 0.540516 0.223369
vn 0.169325 -0.773686 0.610523
v -2.30146 -0.277441 4.79618 0.360523 0.552668 0.474413
vn 0.699572 -0.665046 -0.261367
v 8.75222 3.74208 4.48242 0.349137 0.509056 0.34918
vn 0.658845 -0.571715 0.488942
v -4.81366 -1.78476 4.55098 0.351644 0.506764 0.350389
vn -0.0224352 -0.864688 0.501808
v -1.79902 1.73232 4.57546 0.149508 0.488627 0.172628
vn 0 0 -1
v 6.24002 2.23476 4.47399 0.220576 0.540516 0.223369
vn 0.196232 -0.799374 0.567885
v -4.31122 -1.78476 4.57039 0.351644 0.506764 0.350389
vn 0.0168654 -0.89388 0.44799
v -0.291701 -0.277441 4.38758 0.415097 0.445673 0.361425
vn -0.779748 -0.0521228 -0.62392
v -3.80878 -1.78476 4.48558 0.351644 0.506764 0.350389
vn 0.144421 -0.90357 0.403366
v 7.2449 2.7372 4.76781 0.257644 0.531446 0.259643
vn 0.417421 -0.776186 0.47254
v 7.74734 2.7372 4.31623 0.257644 0.531446 0.259643
vn 0.465485 -0.75269 0.465597
v 0.71318 0.224999 4.53489 0.690038 0.423358 0.351346
vn 0.739504 -0.1387 -0.658708
v -2.8039 -1.28232 4.44139 0.351644 0.506764 0.350389
vn 0.771493 -0.611472 0.175784
v 0.210739 0.727439 4.62263 0.415097 0.445673 0.361425
vn -0.108026 0.628675 -0.770129
v 0.71318 0.727439 4.62614 0.415097 0.445673 0.361425
vn 0.360784 0.462267 -0.810027
v 0.210739 1.73232 4.51976 0.36732 0.62397 0.514563
vn 0.154862 -0.538328 0.828384
v 0.71318 1.73232 4.46448 0.36732 0.62397 0.514563
vn -0.258236 -0.631857 0.730801
v 0.210739 2.23476 4.66005 0.283414 0.611917 0.442093
vn 0.155102 -0.327878 0.931901
v 1.71806 2.00134 5.31549 0.371747 0.532899 0.432606
vn -0.113999 -0.504827 0.85566
v 2.72294 1.83953 5.31549 0.148062 0.66988 0.223604
vn 0.0879027 -0.686066 0.72221
v -4.31122 -1.31717 5.31549 0.351644 0.506764 0.350389
vn -0.0397317 -0.828089 0.559187
v 7.15883 3.23964 5.31549 0.349137 0.509056 0.34918
vn 0.235472 -0.619479 0.748865
v 2.2205 1.95093 5.31549 0.371747 0.532899 0.432606
vn -0.0873238 -0.542309 0.835629
v -4.57556 -1.28232 5.31549 0.351644 0.506764 0.350389
vn -0.0898537 -0.735052 0.67203
v 3.22538 2.12321 5.31549 0.148062 0.66988 0.223604
vn 0.418029 -0.838802 0.348803
v 7.2449 3.28042 5.31549 0.349137 0.509056 0.34918
vn 0.326682 -0.498721 0.802843
v -5.3161 -1.21017 5.31549 0.351644 0.506764 0.350389
vn -0.0540167 -0.686831 0.724807
v 3.54207 2.23476 5.31549 0.211652 0.625022 0.228353
vn 0.478134 -0.693232 0.539274
v 1.21562 2.27317 5.31549 0.294984 0.517091 0.334781
vn -0.561677 -0.479885 0.673966
v 7.74734 3.62251 5.31549 0.349137 0.509056 0.34918
vn 0.403601 -0.561316 0.722517
v 7.88525 3.74208 5.31549 0.349137 0.509056 0.34918
vn 0.500738 -0.434457 0.748671
v 0.852132 2.7372 5.31549 0.294984 0.517091 0.334781
vn -0.562614 -0.496834 0.660774
v 3.72782 2.61573 5.31549 0.154738 0.395431 0.189458
vn 0.297607 -0.546514 0.782785
v -4.81366 -1.24996 5.31549 0.351644 0.506764 0.350389
vn -0.064478 -0.668286 0.741105
v 8.24794 4.24452 5.31549 0.349137 0.509056 0.34918
vn 0.458522 -0.329684 0.825268
v 1.31831 2.23476 5.31549 0.294984 0.517091 0.334781
vn -0.256227 -0.495606 0.829893
v -2.50869 -0.779881 5.31549 0.360523 0.552668 0.474413
vn 0.678772 -0.719838 0.145267
v 8.24978 4.24907 5.31549 0.349137 0.509056 0.34918
vn 0.484827 -0.204031 0.850479
v 0.71318 2.83711 5.31549 0.294984 0.517091 0.334781
vn -0.345175 -0.699143 0.626141
v -3.80878 -1.35618 5.31549 0.351644 0.506764 0.350389
vn 0.0105603 -0.834845 0.550383
v -2.30146 -0.656899 5.31549 0.360523 0.552668 0.474413
vn 0.734947 -0.664187 -0.136781
v 4.23026 2.60952 5.31549 0.200225 0.577629 0.220425
vn 0.122457 -0.695281 0.708229
v 8.44644 4.74696 5.31549 0.349137 0.509056 0.34918
vn 0.514756 -0.135483 0.846564
v -2.00174 -0.277441 5.31549 0.369279 0.527419 0.52553
vn 0.741165 -0.646537 -0.180732
v 4.7327 2.72741 5.31549 0.200225 0.577629 0.220425
vn 0.152839 -0.683535 0.713736
v -3.30634 -1.30318 5.31549 0.351644 0.506764 0.350389
vn 0.148001 -0.866535 0.476668
v -1.79902 -0.0809212 5.31549 0.369605 0.526478 0.527436
vn 0.664039 -0.745329 -0.0594776
v -1.49205 0.224999 5.31549 0.369279 0.527419 0.52553
vn 0.730062 -0.664624 0.159011
v -3.26792 -1.28232 5.31549 0.351644 0.506764 0.350389
vn 0.389607 -0.824681 0.410009
v 4.80738 2.7372 5.31549 0.220576 0.540516 0.223369
vn 0.113038 -0.621235 0.775428
v -2.8039 -1.12125 5.31549 0.351644 0.506764 0.350389
vn 0.435111 -0.790091 0.43178
v -1.29658 0.52119 5.31549 0.595804 0.682202 0.736949
vn 0.414743 -0.831233 0.370189
v 5.23514 2.83517 5.31549 0.220576 0.540516 0.223369
vn 0.0903461 -0.544874 0.833637
v 5.73758 2.92084 5.31549 0.220576 0.540516 0.223369
vn 0.0915352 -0.596919 0.797063
v -0.291701 -0.417218 5.31549 0.415097 0.445673 0.361425
vn -0.372619 -0.853273 0.364801
v 6.24002 2.99191 5.31549 0.220576 0.540516 0.223369
vn 0.111115 -0.626756 0.771253
v -0.440067 -0.277441 5.31549 0.415097 0.445673 0.361425
vn -0.849205 -0.449904 0.276475
v -0.631944 0.224999 5.31549 0.415097 0.445673 0.361425
vn -0.864438 -0.300759 0.402854
v 0.210739 -0.501298 5.31549 0.690038 0.423358 0.351346
vn 0.217361 -0.926527 0.307086
v 0.71318 -0.363144 5.31549 0.690038 0.423358 0.351346
vn 0.33619 -0.837408 0.430957
v 6.74246 3.09595 5.31549 0.220576 0.540516 0.223369
vn 0.17419 -0.658009 0.732586
v -0.794141 0.445618 5.31549 0.31254 0.479178 0.33337
vn -0.197315 -0.800349 0.566135
v -0.291701 1.11609 5.31549 0.31254 0.479178 0.33337
vn 0.163273 0.563022 0.810153
v -0.353523 1.22988 5.31549 0.31254 0.479178 0.33337
vn 0.7736 0.0125447 0.63355
v 0.210739 0.918821 5.31549 0.415097 0.445673 0.361425
vn 0.351494 0.872518 0.339357
v 0.71318 0.830323 5.31549 0.415097 0.445673 0.361425
vn 0.305111 0.928519 0.211563
v 0.737488 -0.277441 5.31549 0.316099 0.491427 0.266295
vn 0.877405 -0.241873 0.414316
v 0.877823 0.224999 5.31549 0.316099 0.491427 0.266295
vn 0.976715 -0.130999 0.169902
v 0.808068 0.727439 5.31549 0.743415 0.308814 0.237021
vn 0.901442 0.227595 0.368242
v -0.467684 1.73232 5.31549 0.350894 0.530932 0.360788
vn 0.861487 0.00430225 0.507761
v -0.411489 2.23476 5.31549 0.350894 0.530932 0.360788
vn 0.867474 -0.172606 0.466578
v -0.291701 2.52197 5.31549 0.350894 0.530932 0.360788
vn 0.716861 -0.397543 0.572773
v -0.134032 2.7372 5.31549 0.528787 0.626624 0.675812
vn 0.509841 -0.529202 0.678238
v 0.210739 3.00603 5.31549 0.590598 0.551702 0.556924
vn 0.111839 -0.737622 0.665887
v 1.21562 -0.779881 4.95318 0.644444 0.418301 0.406536
vn 0 0 1
v 1.71806 1.73232 5.14398 0.371747 0.532899 0.432606
vn -0.0536122 -0.634594 0.770984
v 2.72294 1.73232 5.00717 0.211652 0.625022 0.228353
vn 0.317867 -0.903842 0.286408
v 7.2449 3.23964 5.28222 0.349137 0.509056 0.34918
vn 0.368259 -0.630667 0.683114
v 2.2205 1.73232 5.12557 0.371747 0.532899 0.432606
vn 0.0651793 -0.788692 0.611324
v 3.72782 2.23476 5.10509 0.211652 0.625022 0.228353
vn 0.285007 -0.77027 0.570487
v 0.71318 2.23476 4.8491 0.294984 0.517091 0.334781
vn -0.480222 -0.520172 0.706263
v 0.71318 -0.277441 5.25285 0.690038 0.423358 0.351346
vn 0.724591 -0.648998 -0.231883
v 7.74734 3.23964 4.99921 0.349137 0.509056 0.34918
vn 0.432578 -0.600111 0.672862
v 4.23026 2.23476 4.8616 0.200225 0.577629 0.220425
vn 0.166135 -0.762869 0.624844
v 1.21562 2.23476 5.28558 0.294984 0.517091 0.334781
vn -0.6096 -0.396661 0.68633
v 4.7327 2.23476 4.83252 0.200225 0.577629 0.220425
vn 0.099299 -0.722771 0.683917
v 0.71318 2.7372 5.23127 0.294984 0.517091 0.334781
vn -0.27369 -0.623647 0.732228
v -0.291701 1.22988 5.15374 0.31254 0.479178 0.33337
vn 0.7663 0.509155 0.39185
v -5.3161 -1.28232 5.22737 0.351644 0.506764 0.350389
vn -0.0485393 -0.780145 0.623713
v 8.24978 3.74208 5.0337 0.349137 0.509056 0.34918
vn 0.534882 -0.490225 0.688172
v 5.23514 2.7372 5.24027 0.220576 0.540516 0.223369
vn 0.117907 -0.672147 0.73097
v 1.21562 1.22988 4.81933 0.743415 0.308814 0.237021
vn -0.741153 -0.282137 0.609172
v -4.81366 -1.28232 5.27405 0.351644 0.506764 0.350389
vn -0.0718699 -0.783909 0.616702
v 8.24978 4.24452 5.31399 0.349137 0.509056 0.34918
vn 0.559944 -0.403118 0.72385
v -0.291701 1.73232 4.98883 0.350894 0.530932 0.360788
vn 0.87747 -0.000285093 0.479632
v 5.73758 2.7372 5.16061 0.220576 0.540516 0.223369
vn 0.114905 -0.678603 0.725462
v -0.291701 2.23476 5.20092 0.350894 0.530932 0.360788
vn 0.765102 -0.272766 0.583282
v 0.210739 2.7372 5.11016 0.528787 0.626624 0.675812
vn 0.198592 -0.659923 0.724612
v 6.24002 2.7372 5.08447 0.220576 0.540516 0.223369
vn 0.133883 -0.69108 0.71027
v 1.21562 1.73232 5.05569 0.294984 0.517091 0.334781
vn -0.271447 -0.479867 0.834293
v 6.74246 2.7372 4.97177 0.220576 0.540516 0.223369
vn 0.20411 -0.692891 0.69155
v -3.80878 -0.853482 5.81793 0.351644 0.506764 0.350389
vn -0.0600788 -0.672547 0.737612
v -5.3161 -0.62485 5.81793 0.307077 0.51465 0.40128
vn -0.0558996 -0.559761 0.826767
v 3.22538 9.08817 5.81793 0.349137 0.509056 0.34918
vn 0.175442 0.335006 0.925738
v 2.2205 9.60371 5.81793 0.449336 0.482703 0.362466
vn 0.153844 0.30524 0.939766
v -0.113849 3.23964 5.81793 0.744246 0.25962 0.173423
vn 0.374972 -0.67819 0.632024
v 2.72294 3.09626 5.81793 0.352884 0.454939 0.309767
vn 0.103594 -0.399384 0.910912
v 1.21562 2.95934 5.81793 0.246953 0.592187 0.234541
vn -0.341199 -0.601865 0.72204
v -4.26182 -0.779881 5.81793 0.351644 0.506764 0.350389
vn -0.0763148 -0.598151 0.797741
v 3.1029 3.23964 5.81793 0.352884 0.454939 0.309767
vn 0.167533 -0.313615 0.934654
v 2.72294 9.34599 5.81793 0.449336 0.482703 0.362466
vn 0.153845 0.294378 0.943225
v -4.81366 -0.676714 5.81793 0.307077 0.51465 0.40128
vn -0.0795413 -0.540131 0.837813
v -3.30634 -0.868853 5.81793 0.351644 0.506764 0.350389
vn 0.123001 -0.733093 0.668913
v 0.210739 3.38245 5.81793 0.744246 0.25962 0.173423
vn 0.0599389 -0.777691 0.625783
v 2.86112 9.26892 5.81793 0.349137 0.509056 0.34918
vn 0.168182 0.339143 0.925579
v -2.96527 -0.779881 5.81793 0.351644 0.506764 0.350389
vn 0.122704 -0.602524 0.788612
v 0.71318 3.26997 5.81793 0.744246 0.25962 0.173423
vn -0.179372 -0.712497 0.678361
v 3.72782 8.81804 5.81793 0.349137 0.509056 0.34918
vn 0.19282 0.358373 0.913449
v -4.31122 -0.77088 5.81793 0.307077 0.51465 0.40128
vn -0.0961914 -0.514532 0.852059
v 0.769082 3.23964 5.81793 0.246953 0.592187 0.234541
vn -0.371701 -0.674439 0.637943
v 1.71806 2.74033 5.81793 0.246953 0.592187 0.234541
vn -0.0898364 -0.541505 0.835884
v 3.22538 3.30731 5.81793 0.349137 0.509056 0.34918
vn 0.134068 -0.352558 0.926136
v 2.2205 2.86204 5.81793 0.246953 0.592187 0.234541
vn 0.169762 -0.510195 0.843138
v 4.23026 8.55428 5.81793 0.349137 0.509056 0.34918
vn 0.181521 0.338491 0.923295
v -2.8039 -0.752255 5.81793 0.134099 0.376765 0.317316
vn 0.191187 -0.545911 0.815738
v 3.72782 3.4847 5.81793 0.349137 0.509056 0.34918
vn 0.111394 -0.353419 0.928809
v 4.23026 3.61211 5.81793 0.349137 0.509056 0.34918
vn 0.077041 -0.358072 0.93051
v -2.30146 -0.524098 5.81793 0.134099 0.376765 0.317316
vn 0.488529 -0.770468 0.409534
v 3.82155 8.76648 5.81793 0.349137 0.509056 0.34918
vn 0.176744 0.34074 0.923395
v 4.7327 3.67933 5.81793 0.349137 0.509056 0.34918
vn 0.0559024 -0.399952 0.91483
v -2.05171 -0.277441 5.81793 0.194609 0.400011 0.291153
vn 0.719672 -0.650971 0.241474
v -1.79902 0.016345 5.81793 0.194609 0.400011 0.291153
vn 0.622783 -0.538892 0.567219
v 5.23514 3.7077 5.81793 0.349137 0.509056 0.34918
vn 0.0400388 -0.443141 0.895557
v -1.64381 0.224999 5.81793 0.194609 0.400011 0.291153
vn 0.729055 -0.557474 0.397117
v 4.7327 8.27965 5.81793 0.349137 0.509056 0.34918
vn 0.201132 0.372811 0.905846
v 5.73758 3.73306 5.81793 0.349137 0.509056 0.34918
vn 0.0452293 -0.476429 0.878049
v -1.29658 0.6954 5.81793 0.290177 0.419604 0.21178
vn 0.75084 -0.618423 0.231932
v 5.83512 3.74208 5.81793 0.349137 0.509056 0.34918
vn 0.0608596 -0.424813 0.903233
v 5.73758 7.70909 5.81793 0.349137 0.509056 0.34918
vn 0.190391 0.297499 0.935546
v -1.22998 0.727439 5.81793 0.35328 0.507025 0.346797
vn 0.492385 -0.637665 0.592402
v 6.24002 3.80523 5.81793 0.349137 0.509056 0.34918
vn 0.0840652 -0.338462 0.937217
v -0.799574 1.22988 5.81793 0.35328 0.507025 0.346797
vn 0.627356 -0.525581 0.57462
v 5.65165 7.7616 5.81793 0.349137 0.509056 0.34918
vn 0.176346 0.292739 0.93979
v 6.74246 3.96744 5.81793 0.349137 0.509056 0.34918
vn 0.143962 -0.343628 0.928006
v 5.23514 8.0026 5.81793 0.349137 0.509056 0.34918
vn 0.180221 0.32293 0.929105
v -0.794141 1.24768 5.81793 0.349941 0.619832 0.425365
vn 0.800164 -0.124524 0.586712
v 4.76115 8.26404 5.81793 0.349137 0.509056 0.34918
vn 0.191798 0.347492 0.917858
v -0.709189 1.73232 5.81793 0.349941 0.619832 0.425365
vn 0.893515 -0.128165 0.430354
v 6.74246 6.9872 5.81793 0.349137 0.509056 0.34918
vn 0.225848 0.267939 0.93659
v -0.641668 2.23476 5.81793 0.349941 0.619832 0.425365
vn 0.874762 -0.177511 0.450867
v 6.24002 7.38545 5.81793 0.349137 0.509056 0.34918
vn 0.226133 0.341086 0.912428
v 6.41454 7.25916 5.81793 0.349137 0.509056 0.34918
vn 0.228009 0.282611 0.931742
v -0.527464 2.7372 5.81793 0.511167 0.631672 0.667112
vn 0.786577 -0.320944 0.527533
v 7.19571 4.24452 5.81793 0.349137 0.509056 0.34918
vn 0.221813 -0.351334 0.909595
v -0.291701 3.15833 5.81793 0.349029 0.650673 0.446845
vn 0.622934 -0.512808 0.590746
v 7.2449 4.30323 5.81793 0.349137 0.509056 0.34918
vn 0.275002 -0.200644 0.940274
v 7.50924 4.74696 5.81793 0.349137 0.509056 0.34918
vn 0.358458 -0.136142 0.923565
v 7.59745 5.2494 5.81793 0.349137 0.509056 0.34918
vn 0.359792 0.000559625 0.933032
v 7.53767 5.75184 5.81793 0.349137 0.509056 0.34918
vn 0.361745 0.0966495 0.927254
v 7.33817 6.25428 5.81793 0.349137 0.509056 0.34918
vn 0.364864 0.159024 0.91738
v 7.2449 6.40354 5.81793 0.349137 0.509056 0.34918
vn 0.291854 0.214909 0.932006
v 6.97451 6.75672 5.81793 0.349137 0.509056 0.34918
vn 0.270248 0.213724 0.938769
v 2.72294 2.23476 5.5295 0.346006 0.459388 0.305275
vn 0.0118927 -0.372457 0.927973
v 1.71806 2.23476 5.45435 0.246953 0.592187 0.234541
vn -0.159382 -0.564758 0.809719
v 0.210739 3.23964 5.68626 0.744246 0.25962 0.173423
vn 0.0114349 -0.794455 0.607215
v 2.2205 2.23476 5.45164 0.246953 0.592187 0.234541
vn -0.0282649 -0.493068 0.869531
v 3.22538 9.26892 5.74316 0.349137 0.509056 0.34918
vn 0.195043 0.37492 0.906307
v 1.21562 2.7372 5.65634 0.246953 0.592187 0.234541
vn -0.374941 -0.547516 0.748095
v 0.71318 3.23964 5.79463 0.744246 0.25962 0.173423
vn -0.199055 -0.776791 0.597472
v -5.3161 -0.779881 5.6927 0.307077 0.51465 0.40128
vn -0.0582939 -0.656547 0.752029
v 4.23026 8.76648 5.72862 0.349137 0.509056 0.34918
vn 0.200866 0.375433 0.904822
v -4.31122 -1.28232 5.34964 0.351644 0.506764 0.350389
vn -0.0739316 -0.680775 0.728752
v 4.7327 8.76648 5.61823 0.349137 0.509056 0.34918
vn 0.202277 0.371712 0.906043
v -4.81366 -0.779881 5.73445 0.307077 0.51465 0.40128
vn -0.0863262 -0.65678 0.749125
v 1.71806 2.7372 5.81591 0.246953 0.592187 0.234541
vn -0.0221572 -0.554974 0.831573
v -4.31122 -0.779881 5.81064 0.307077 0.51465 0.40128
vn -0.107292 -0.664271 0.739751
v 2.2205 2.7372 5.72483 0.246953 0.592187 0.234541
vn 0.0725398 -0.431485 0.899199
v 3.22538 2.23476 5.48263 0.346006 0.459388 0.305275
vn 0.204302 -0.456495 0.865952
v -3.80878 -1.28232 5.39256 0.351644 0.506764 0.350389
vn -0.0270031 -0.711913 0.701748
v 2.72294 2.7372 5.64003 0.246953 0.592187 0.234541
vn 0.0241523 -0.367563 0.929685
v -3.30634 -1.28232 5.3387 0.351644 0.506764 0.350389
vn 0.0906151 -0.749051 0.656286
v 3.22538 2.7372 5.74187 0.352884 0.454939 0.309767
vn 0.159025 -0.349283 0.923424
v -2.8039 -0.779881 5.7798 0.134099 0.376765 0.317316
vn 0.483826 -0.77702 0.402682
v 5.73758 7.7616 5.79727 0.349137 0.509056 0.34918
vn 0.229001 0.355986 0.905998
v 3.72782 2.7372 5.45588 0.352884 0.454939 0.309767
vn 0.335666 -0.485524 0.807214
v 5.23514 8.26404 5.71044 0.349137 0.509056 0.34918
vn 0.20532 0.371736 0.905349
v 3.22538 3.23964 5.79391 0.352884 0.454939 0.309767
vn 0.128089 -0.131166 0.983051
v 3.72782 3.23964 5.73651 0.352884 0.454939 0.309767
vn 0.166426 -0.37041 0.913837
v 4.23026 2.7372 5.42642 0.346006 0.459388 0.305275
vn 0.107931 -0.494855 0.862247
v -0.291701 -0.277441 5.49268 0.35328 0.507025 0.346797
vn -0.39027 -0.410919 0.823914
v 6.24002 7.7616 5.67018 0.349137 0.509056 0.34918
vn 0.236084 0.355285 0.904454
v -0.291701 0.224999 5.62769 0.35328 0.507025 0.346797
vn -0.360665 0.0545842 0.931097
v 4.7327 2.7372 5.32359 0.346006 0.459388 0.305275
vn 0.163066 -0.503618 0.848397
v 6.74246 7.25916 5.72279 0.349137 0.509056 0.34918
vn 0.26413 0.318483 0.910387
v 0.210739 -0.277441 5.6448 0.35328 0.507025 0.346797
vn 0.172452 -0.45977 0.871133
v 0.71318 -0.277441 5.35365 0.35328 0.507025 0.346797
vn 0.503019 -0.315573 0.804603
v 0.210739 0.224999 5.73869 0.35328 0.507025 0.346797
vn 0.0452474 0.0709821 0.996451
v 0.71318 0.224999 5.54617 0.35328 0.507025 0.346797
vn 0.543673 -0.0717685 0.836223
v -0.794141 0.727439 5.5534 0.35328 0.507025 0.346797
vn 0.347746 -0.438237 0.828867
v 4.23026 3.23964 5.67595 0.346006 0.459388 0.305275
vn 0.0954969 -0.407153 0.908354
v -0.291701 0.727439 5.53627 0.35328 0.507025 0.346797
vn -0.171354 0.126124 0.977103
v -0.794141 1.22988 5.81152 0.35328 0.507025 0.346797
vn 0.613805 -0.360925 0.702123
v 4.7327 3.23964 5.61956 0.346006 0.459388 0.305275
vn 0.096788 -0.4687 0.878039
v 0.210739 0.727439 5.53733 0.35328 0.507025 0.346797
vn 0.0578634 0.45246 0.889906
v 0.71318 0.727439 5.41136 0.35328 0.507025 0.346797
vn 0.301748 0.421864 0.854973
v 5.23514 3.23964 5.57711 0.220576 0.540516 0.223369
vn 0.059642 -0.496654 0.865897
v -0.291701 2.7372 5.48785 0.511167 0.631672 0.667112
vn 0.586817 -0.544915 0.598927
v 5.73758 3.23964 5.53889 0.220576 0.540516 0.223369
vn 0.0725544 -0.527339 0.846552
v 6.24002 3.23964 5.49516 0.220576 0.540516 0.223369
vn 0.0928878 -0.528605 0.84377
v 6.74246 3.23964 5.42184 0.220576 0.540516 0.223369
vn 0.170763 -0.528923 0.831313
v 6.24002 3.74208 5.7917 0.349137 0.509056 0.34918
vn 0.0953366 -0.474851 0.874887
v 6.74246 3.74208 5.72414 0.349137 0.509056 0.34918
vn 0.171452 -0.46051 0.870939
v 7.2449 3.74208 5.59558 0.349137 0.509056 0.34918
vn 0.270655 -0.447322 0.852437
v 7.74734 3.74208 5.3883 0.349137 0.509056 0.34918
vn 0.358458 -0.403532 0.841825
v 7.2449 4.24452 5.80378 0.349137 0.509056 0.34918
vn 0.355444 -0.348176 0.867429
v 7.74734 4.24452 5.59315 0.349137 0.509056 0.34918
vn 0.428384 -0.2638 0.864232
v 7.74734 4.74696 5.71266 0.349137 0.509056 0.34918
vn 0.4614 -0.120036 0.879035
v 7.74734 5.2494 5.74982 0.349137 0.509056 0.34918
vn 0.444132 -0.0504344 0.894541
v 8.24978 4.74696 5.43487 0.349137 0.509056 0.34918
vn 0.485694 -0.154949 0.860286
v 8.24978 5.2494 5.47481 0.349137 0.509056 0.34918
vn 0.487122 -0.0671985 0.870745
v 7.74734 5.75184 5.72277 0.349137 0.509056 0.34918
vn 0.41178 0.088337 0.906992
v 7.74734 6.25428 5.63639 0.349137 0.509056 0.34918
vn 0.401662 0.172303 0.899433
v 7.2449 6.75672 5.72211 0.349137 0.509056 0.34918
vn 0.32362 0.24776 0.913173
v 3.22538 7.63893 6.32037 0.349137 0.509056 0.34918
vn 0.182407 0.254337 0.949758
v -4.81366 0.206017 6.32037 0.307077 0.51465 0.40128
vn -0.039263 -0.455535 0.889351
v 2.72294 4.2023 6.32037 0.349137 0.509056 0.34918
vn 0.238537 -0.37488 0.89586
v -0.640336 3.23964 6.32037 0.748982 0.254939 0.168666
vn 0.704637 -0.533603 0.467712
v -5.05204 0.224999 6.32037 0.307077 0.51465 0.40128
vn -0.0368978 -0.434547 0.899893
v 2.79717 4.24452 6.32037 0.349137 0.509056 0.34918
vn 0.2634 -0.318994 0.910419
v -0.291701 3.60487 6.32037 0.748982 0.254939 0.168666
vn 0.39573 -0.760358 0.515028
v -4.31122 0.161174 6.32037 0.307077 0.51465 0.40128
vn -0.030664 -0.435366 0.899731
v 3.22538 4.65053 6.32037 0.349137 0.509056 0.34918
vn 0.23504 -0.293566 0.926593
v 3.04952 7.7616 6.32037 0.349137 0.509056 0.34918
vn 0.190752 0.278273 0.94137
v 0.210739 3.71864 6.32037 0.744246 0.25962 0.173423
vn 0.124709 -0.854934 0.503524
v 3.44956 4.74696 6.32037 0.349137 0.509056 0.34918
vn 0.165883 -0.276821 0.946495
v 3.72782 7.27612 6.32037 0.349137 0.509056 0.34918
vn 0.188346 0.27395 0.943121
v 0.71318 3.72449 6.32037 0.744246 0.25962 0.173423
vn -0.144332 -0.723977 0.674556
v 3.72782 4.97196 6.32037 0.349137 0.509056 0.34918
vn 0.154265 -0.23744 0.959075
v -3.80878 0.190973 6.32037 0.307077 0.51465 0.40128
vn 0.00692092 -0.392137 0.919881
v 2.72294 7.96686 6.32037 0.349137 0.509056 0.34918
vn 0.18605 0.3184 0.92952
v 1.21562 3.67288 6.32037 0.22714 0.44348 0.238541
vn -0.0300592 -0.550915 0.83402
v 4.23026 5.21262 6.32037 0.349137 0.509056 0.34918
vn 0.106937 -0.228879 0.967563
v -3.65441 0.224999 6.32037 0.307077 0.51465 0.40128
vn 0.0591889 -0.340596 0.938345
v 3.75249 7.25916 6.32037 0.349137 0.509056 0.34918
vn 0.16903 0.190283 0.967068
v 4.3441 5.2494 6.32037 0.349137 0.509056 0.34918
vn 0.0878878 -0.158025 0.983516
v -5.3161 0.247494 6.32037 0.307077 0.51465 0.40128
vn -0.0345238 -0.405263 0.913548
v 1.71806 3.66966 6.32037 0.22714 0.44348 0.238541
vn -0.0289527 -0.477949 0.87791
v 4.7327 5.66159 6.32037 0.349137 0.509056 0.34918
vn 0.0949615 -0.0930352 0.991124
v -4.81366 8.30037 6.32037 0.449336 0.482703 0.362466
vn -0.0608443 0.31222 0.948059
v 4.7327 6.19708 6.32037 0.349137 0.509056 0.34918
vn 0.126352 0.0148107 0.991875
v -4.31122 8.39828 6.32037 0.449336 0.482703 0.362466
vn -0.0827203 0.347471 0.934035
v 4.72467 6.25428 6.32037 0.349137 0.509056 0.34918
vn 0.13188 0.0964021 0.986567
v 1.90537 3.74208 6.32037 0.219668 0.44314 0.23532
vn 0.176822 -0.392782 0.902472
v -3.30634 0.29941 6.32037 0.307077 0.51465 0.40128
vn 0.059907 -0.320735 0.945273
v 2.2205 3.91236 6.32037 0.219668 0.44314 0.23532
vn 0.206472 -0.37805 0.902467
v -3.80878 8.52408 6.32037 0.449336 0.482703 0.362466
vn -0.0897234 0.361398 0.928085
v 4.32361 6.75672 6.32037 0.349137 0.509056 0.34918
vn 0.152491 0.152021 0.976543
v -2.8039 0.39252 6.32037 0.194609 0.400011 0.291153
vn 0.0720264 -0.327495 0.942104
v -3.30634 8.65467 6.32037 0.449336 0.482703 0.362466
vn -0.0994924 0.372746 0.922584
v 4.23026 6.83229 6.32037 0.349137 0.509056 0.34918
vn 0.169566 0.194637 0.966108
v -2.30146 0.536625 6.32037 0.194609 0.400011 0.291153
vn 0.22728 -0.353151 0.90754
v 4.82029 5.75184 6.32037 0.349137 0.509056 0.34918
vn 0.116381 -0.00297771 0.9932
v -2.83929 8.76648 6.32037 0.449336 0.482703 0.362466
vn -0.0960799 0.378668 0.920532
v -1.97031 0.727439 6.32037 0.287836 0.419124 0.213724
vn 0.197926 -0.485579 0.851492
v -1.79902 0.810872 6.32037 0.287836 0.419124 0.213724
vn 0.354857 -0.52557 0.773209
v -1.29658 1.18628 6.32037 0.287836 0.419124 0.213724
vn 0.489592 -0.590805 0.641287
v -2.8039 8.77631 6.32037 0.449336 0.482703 0.362466
vn -0.0911622 0.367389 0.925589
v -1.26022 1.22988 6.32037 0.35328 0.507025 0.346797
vn 0.685939 -0.414383 0.598142
v -2.30146 8.89993 6.32037 0.449336 0.482703 0.362466
vn -0.0786705 0.373061 0.924465
v -1.03462 1.73232 6.32037 0.349941 0.619832 0.425365
vn 0.768334 -0.239883 0.593396
v -1.79902 8.99199 6.32037 0.449336 0.482703 0.362466
vn -0.0586401 0.380639 0.922863
v -0.944773 2.23476 6.32037 0.349941 0.619832 0.425365
vn 0.806324 -0.158435 0.569859
v -0.860453 2.7372 6.32037 0.349029 0.650673 0.446845
vn 0.821093 -0.188199 0.538876
v -1.29658 9.04792 6.32037 0.449336 0.482703 0.362466
vn -0.0326081 0.386462 0.921729
v -0.794141 2.91262 6.32037 0.349029 0.650673 0.446845
vn 0.806592 -0.353533 0.473733
v -0.794141 9.06411 6.32037 0.449336 0.482703 0.362466
vn 0.00190626 0.386419 0.922321
v -0.291701 9.03744 6.32037 0.449336 0.482703 0.362466
vn 0.0383725 0.390178 0.919939
v 0.210739 8.96536 6.32037 0.449336 0.482703 0.362466
vn 0.0713543 0.390453 0.917854
v 0.71318 8.84515 6.32037 0.449336 0.482703 0.362466
vn 0.0975581 0.391244 0.915101
v 2.2205 8.24923 6.32037 0.449336 0.482703 0.362466
vn 0.178176 0.304327 0.935755
v 2.19083 8.26404 6.32037 0.449336 0.482703 0.362466
vn 0.169688 0.338476 0.925548
v 1.21562 8.68785 6.32037 0.449336 0.482703 0.362466
vn 0.137432 0.364155 0.921143
v 0.950533 8.76648 6.32037 0.449336 0.482703 0.362466
vn 0.120873 0.379665 0.917194
v 1.71806 8.49359 6.32037 0.449336 0.482703 0.362466
vn 0.159173 0.369107 0.915655
v -3.80878 -0.779881 5.8644 0.351644 0.506764 0.350389
vn -0.0308472 -0.472891 0.880581
v 1.21562 3.23964 6.04754 0.246953 0.592187 0.234541
vn -0.176318 -0.578471 0.796419
v 1.71806 9.26892 6.00691 0.449336 0.482703 0.362466
vn 0.143114 0.354319 0.924108
v -0.291701 3.23964 5.924 0.748982 0.254939 0.168666
vn 0.618013 -0.542925 0.568588
v 3.22538 7.7616 6.28214 0.349137 0.509056 0.34918
vn 0.190772 0.301348 0.934235
v 2.2205 9.26892 5.92717 0.449336 0.482703 0.362466
vn 0.154993 0.336491 0.928844
v 1.71806 3.23964 6.13256 0.246953 0.592187 0.234541
vn 0.00131066 -0.4941 0.869404
v -3.30634 -0.779881 5.87297 0.351644 0.506764 0.350389
vn 0.0440645 -0.468939 0.882131
v 3.72782 7.7616 6.18006 0.349137 0.509056 0.34918
vn 0.183302 0.292133 0.938647
v 2.2205 3.23964 6.04224 0.219668 0.44314 0.23532
vn 0.19988 -0.438953 0.875996
v -5.3161 -0.277441 6.03888 0.307077 0.51465 0.40128
vn -0.0477435 -0.491172 0.869753
v 2.72294 9.26892 5.84198 0.449336 0.482703 0.362466
vn 0.16207 0.328457 0.93051
v 2.72294 8.26404 6.21189 0.349137 0.509056 0.34918
vn 0.183274 0.341939 0.921677
v 2.72294 3.23964 5.89485 0.246953 0.592187 0.234541
vn 0.23509 -0.406167 0.883041
v 3.22538 8.26404 6.11071 0.349137 0.509056 0.34918
vn 0.184734 0.3277 0.926545
v 2.2205 3.74208 6.26636 0.219668 0.44314 0.23532
vn 0.23191 -0.381857 0.894653
v -4.81366 -0.277441 6.06862 0.307077 0.51465 0.40128
vn -0.0572409 -0.487278 0.871369
v -4.31122 8.76648 6.17436 0.449336 0.482703 0.362466
vn -0.087054 0.375392 0.922769
v 3.72782 8.26404 6.01254 0.349137 0.509056 0.34918
vn 0.179444 0.319171 0.930553
v 2.72294 3.74208 6.11896 0.349137 0.509056 0.34918
vn 0.236593 -0.382928 0.892967
v -4.31122 -0.277441 6.11405 0.307077 0.51465 0.40128
vn -0.0522321 -0.466098 0.88319
v 4.23026 7.25916 6.22919 0.349137 0.509056 0.34918
vn 0.177891 0.249866 0.951799
v -5.3161 0.224999 6.30954 0.307077 0.51465 0.40128
vn -0.0361416 -0.472274 0.88071
v 3.22538 3.74208 5.99472 0.349137 0.509056 0.34918
vn 0.177756 -0.365547 0.913662
v 4.23026 7.7616 6.08348 0.349137 0.509056 0.34918
vn 0.176115 0.289375 0.940875
v 3.72782 3.74208 5.91945 0.349137 0.509056 0.34918
vn 0.123081 -0.355851 0.926402
v 4.7327 7.25916 6.13877 0.349137 0.509056 0.34918
vn 0.167932 0.243532 0.955244
v 4.7327 7.7616 5.99015 0.349137 0.509056 0.34918
vn 0.172877 0.297007 0.939096
v -3.80878 -0.277441 6.13508 0.307077 0.51465 0.40128
vn -0.0211005 -0.434837 0.900262
v -3.30634 -0.277441 6.12795 0.307077 0.51465 0.40128
vn 0.0382654 -0.405539 0.913277
v 3.22538 4.24452 6.19168 0.349137 0.509056 0.34918
vn 0.193634 -0.342913 0.919193
v 4.23026 8.26404 5.91718 0.349137 0.509056 0.34918
vn 0.17615 0.311999 0.93361
v -3.30634 0.224999 6.29943 0.307077 0.51465 0.40128
vn 0.0474731 -0.31607 0.947547
v -3.80878 8.76648 6.21799 0.449336 0.482703 0.362466
vn -0.0907974 0.39195 0.915495
v 3.72782 4.24452 6.10781 0.349137 0.509056 0.34918
vn 0.121726 -0.329362 0.936325
v 4.7327 8.26404 5.82314 0.349137 0.509056 0.34918
vn 0.174489 0.31339 0.933456
v -3.30634 8.76648 6.26972 0.449336 0.482703 0.362466
vn -0.0988393 0.381608 0.919025
v 4.23026 3.74208 5.87253 0.349137 0.509056 0.34918
vn 0.0693292 -0.35367 0.932797
v 2.72294 8.76648 6.02182 0.349137 0.509056 0.34918
vn 0.172549 0.341975 0.923732
v -2.8039 -0.277441 6.10203 0.134099 0.376765 0.317316
vn 0.105748 -0.425422 0.898795
v 3.22538 8.76648 5.92811 0.349137 0.509056 0.34918
vn 0.17558 0.333986 0.92608
v 4.7327 3.74208 5.8485 0.349137 0.509056 0.34918
vn 0.0324836 -0.358065 0.933132
v -2.30146 -0.277441 6.00151 0.134099 0.376765 0.317316
vn 0.328463 -0.458967 0.825507
v 3.72782 8.76648 5.83491 0.349137 0.509056 0.34918
vn 0.174755 0.328153 0.928319
v -2.8039 0.224999 6.27776 0.134099 0.376765 0.317316
vn 0.0628843 -0.306458 0.949805
v 4.23026 4.24452 6.0588 0.349137 0.509056 0.34918
vn 0.0754474 -0.318873 0.94479
v -2.8039 9.26892 6.12434 0.449336 0.482703 0.362466
vn -0.0896726 0.373332 0.923354
v -2.30146 0.224999 6.23048 0.133339 0.376473 0.317644
vn 0.282301 -0.371523 0.884464
v 4.7327 4.24452 6.03504 0.349137 0.509056 0.34918
vn 0.0404595 -0.317517 0.947389
v 5.23514 7.25916 6.0498 0.349137 0.509056 0.34918
vn 0.171136 0.263603 0.949329
v -2.30146 9.26892 6.16477 0.449336 0.482703 0.362466
vn -0.0691478 0.391946 0.917386
v -1.79902 0.224999 5.98708 0.194609 0.400011 0.291153
vn 0.405295 -0.440635 0.800984
v 5.23514 7.7616 5.89718 0.349137 0.509056 0.34918
vn 0.176113 0.293083 0.939727
v 3.72782 4.74696 6.27029 0.349137 0.509056 0.34918
vn 0.11464 -0.269668 0.956105
v -1.79902 9.26892 6.19797 0.449336 0.482703 0.362466
vn -0.0487585 0.406867 0.912185
v 5.73758 7.25916 5.95778 0.349137 0.509056 0.34918
vn 0.180315 0.265455 0.947112
v -1.79902 0.727439 6.27682 0.287836 0.419124 0.213724
vn 0.512915 -0.509896 0.690598
v 4.23026 4.74696 6.21523 0.349137 0.509056 0.34918
vn 0.0758135 -0.261608 0.962192
v -1.29658 9.26892 6.21955 0.449336 0.482703 0.362466
vn -0.0214337 0.41637 0.908943
v -1.29658 0.727439 5.86544 0.287836 0.419124 0.213724
vn 0.53877 -0.543813 0.643424
v 6.24002 7.25916 5.85723 0.349137 0.509056 0.34918
vn 0.192658 0.272424 0.942692
v 4.7327 4.74696 6.18232 0.349137 0.509056 0.34918
vn 0.0538218 -0.241398 0.968933
v 4.7327 5.2494 6.28335 0.349137 0.509056 0.34918
vn 0.0754503 -0.152722 0.985385
v 5.23514 3.74208 5.83526 0.349137 0.509056 0.34918
vn 0.0241865 -0.361306 0.932133
v -0.794141 1.73232 5.98043 0.349941 0.619832 0.425365
vn 0.817695 -0.166461 0.551059
v 5.73758 3.74208 5.82251 0.349137 0.509056 0.34918
vn 0.0287742 -0.350517 0.936114
v -0.794141 2.23476 6.13524 0.349941 0.619832 0.425365
vn 0.844228 -0.135691 0.518524
v 5.23514 4.24452 6.02289 0.349137 0.509056 0.34918
vn 0.0288312 -0.314409 0.94885
v -0.794141 2.7372 6.25448 0.349029 0.650673 0.446845
vn 0.843976 -0.165218 0.510301
v 5.73758 4.24452 6.00613 0.349137 0.509056 0.34918
vn 0.0484799 -0.288433 0.956272
v 6.24002 4.24452 5.97315 0.349137 0.509056 0.34918
vn 0.0848829 -0.282082 0.955628
v 6.74246 4.24452 5.91261 0.349137 0.509056 0.34918
vn 0.153726 -0.235036 0.959753
v 5.23514 4.74696 6.15925 0.349137 0.509056 0.34918
vn 0.0514478 -0.215897 0.97506
v 5.73758 4.74696 6.131 0.349137 0.509056 0.34918
vn 0.0721448 -0.189796 0.979169
v 5.23514 5.2494 6.24369 0.349137 0.509056 0.34918
vn 0.082647 -0.112753 0.99018
v 5.73758 5.2494 6.19919 0.349137 0.509056 0.34918
vn 0.102014 -0.0814394 0.991444
v 6.24002 4.74696 6.08693 0.349137 0.509056 0.34918
vn 0.113033 -0.164891 0.979814
v 6.74246 4.74696 6.01663 0.349137 0.509056 0.34918
vn 0.178713 -0.141849 0.973622
v 6.24002 5.2494 6.14071 0.349137 0.509056 0.34918
vn 0.139259 -0.0536356 0.988802
v -0.794141 9.26892 6.22571 0.449336 0.482703 0.362466
vn 0.0111261 0.418657 0.908076
v 6.74246 5.2494 6.05814 0.349137 0.509056 0.34918
vn 0.199949 -0.0303938 0.979335
v 4.7327 6.25428 6.31909 0.349137 0.509056 0.34918
vn 0.149554 0.125234 0.980791
v 4.7327 6.75672 6.25156 0.349137 0.509056 0.34918
vn 0.155179 0.169528 0.973232
v 5.23514 5.75184 6.27328 0.349137 0.509056 0.34918
vn 0.110138 -0.00951383 0.993871
v 5.73758 5.75184 6.21313 0.349137 0.509056 0.34918
vn 0.130613 0.0245924 0.991128
v 5.23514 6.25428 6.24831 0.349137 0.509056 0.34918
vn 0.137475 0.092277 0.986198
v -0.291701 9.26892 6.21412 0.449336 0.482703 0.362466
vn 0.0493052 0.388041 0.920322
v 5.73758 6.25428 6.17415 0.349137 0.509056 0.34918
vn 0.154096 0.124692 0.980156
v 0.210739 9.26892 6.18457 0.449336 0.482703 0.362466
vn 0.0754398 0.368507 0.926559
v 6.24002 5.75184 6.14096 0.349137 0.509056 0.34918
vn 0.163261 0.0498189 0.985324
v 0.71318 9.26892 6.13853 0.449336 0.482703 0.362466
vn 0.0982442 0.374011 0.922206
v 6.74246 5.75184 6.04695 0.349137 0.509056 0.34918
vn 0.21739 0.0697347 0.97359
v 6.24002 6.25428 6.08958 0.349137 0.509056 0.34918
vn 0.182358 0.144189 0.972602
v 2.2205 8.26404 6.31443 0.449336 0.482703 0.362466
vn 0.180702 0.352203 0.918314
v 6.74246 6.25428 5.98539 0.349137 0.509056 0.34918
vn 0.232485 0.162169 0.958985
v 1.21562 8.76648 6.28372 0.449336 0.482703 0.362466
vn 0.139322 0.376292 0.915966
v 5.23514 6.75672 6.17037 0.349137 0.509056 0.34918
vn 0.158758 0.192084 0.968452
v 1.71806 8.76648 6.20276 0.449336 0.482703 0.362466
vn 0.15265 0.364276 0.918695
v 5.73758 6.75672 6.08604 0.349137 0.509056 0.34918
vn 0.170191 0.207867 0.963238
v 1.21562 9.26892 6.07836 0.449336 0.482703 0.362466
vn 0.121582 0.378574 0.917551
v 2.2205 8.76648 6.11432 0.449336 0.482703 0.362466
vn 0.166611 0.354294 0.920172
v 0.210739 9.77136 5.99784 0.449336 0.482703 0.362466
vn 0.0664901 0.3476 0.935283
v 0.71318 9.77136 5.95595 0.449336 0.482703 0.362466
vn 0.0818612 0.343802 0.935467
v 6.24002 6.75672 5.99234 0.349137 0.509056 0.34918
vn 0.196717 0.224641 0.954379
v 6.74246 6.75672 5.88092 0.349137 0.509056 0.34918
vn 0.225521 0.217004 0.949763
v 7.2449 4.74696 5.90374 0.349137 0.509056 0.34918
vn 0.245392 -0.110015 0.963161
v 7.2449 5.2494 5.93641 0.349137 0.509056 0.34918
vn 0.275981 -0.00527846 0.961148
v 7.2449 5.75184 5.91736 0.349137 0.509056 0.34918
vn 0.273893 0.0927607 0.957276
v 7.2449 6.25428 5.84934 0.349137 0.509056 0.34918
vn 0.267748 0.145309 0.952468
v 1.89096 5.2494 6.82281 0.543657 0.457895 0.374972
vn 0.269558 -0.166075 0.948556
v -5.3161 6.93694 6.82281 0.449336 0.482703 0.362466
vn -0.0455751 0.34652 0.936935
v 2.12228 5.75184 6.82281 0.543657 0.457895 0.374972
vn 0.282274 -0.0505653 0.958
v -5.3161 1.49781 6.82281 0.307077 0.51465 0.40128
vn -0.0118264 -0.337641 0.941201
v 2.14647 6.25428 6.82281 0.543657 0.457895 0.374972
vn 0.26869 0.0645094 0.961064
v -4.81366 7.00302 6.82281 0.449336 0.482703 0.362466
vn -0.0633498 0.348696 0.935092
v -4.31122 7.14825 6.82281 0.449336 0.482703 0.362466
vn -0.108487 0.351759 0.929783
v 1.71806 6.9804 6.82281 0.543657 0.457895 0.374972
vn 0.238347 0.230036 0.943543
v -3.99193 7.25916 6.82281 0.449336 0.482703 0.362466
vn -0.12874 0.374966 0.918056
v 1.42678 7.25916 6.82281 0.543657 0.457895 0.374972
vn 0.225432 0.277244 0.933979
v -4.81366 1.47982 6.82281 0.307077 0.51465 0.40128
vn 0.00626826 -0.330185 0.943895
v -0.927284 3.23964 6.82281 0.744246 0.25962 0.173423
vn 0.722579 -0.374457 0.581087
v 1.91349 6.75672 6.82281 0.543657 0.457895 0.374972
vn 0.253634 0.162092 0.953623
v -0.794141 3.41702 6.82281 0.744246 0.25962 0.173423
vn 0.590698 -0.620811 0.515432
v -4.31122 1.52436 6.82281 0.307077 0.51465 0.40128
vn 0.0631372 -0.315158 0.946937
v -0.419784 3.74208 6.82281 0.744246 0.25962 0.173423
vn 0.560052 -0.667082 0.491267
v -3.80878 7.32303 6.82281 0.449336 0.482703 0.362466
vn -0.143544 0.401192 0.904677
v -0.291701 3.84069 6.82281 0.744246 0.25962 0.173423
vn 0.372466 -0.748323 0.548891
v -3.80878 1.67853 6.82281 0.307077 0.51465 0.40128
vn 0.0682343 -0.294966 0.953068
v -3.30634 7.50446 6.82281 0.449336 0.482703 0.362466
vn -0.136046 0.40646 0.903483
v 0.210739 4.07227 6.82281 0.744246 0.25962 0.173423
vn 0.239777 -0.745433 0.621962
v 0.669142 4.24452 6.82281 0.744246 0.25962 0.173423
vn 0.304403 -0.609557 0.73197
v -2.8039 7.66482 6.82281 0.449336 0.482703 0.362466
vn -0.128494 0.412942 0.901647
v -3.41226 1.73232 6.82281 0.307077 0.51465 0.40128
vn 0.0759533 -0.287158 0.954867
v -2.43713 7.7616 6.82281 0.449336 0.482703 0.362466
vn -0.118118 0.426716 0.896639
v 0.71318 4.2737 6.82281 0.744246 0.25962 0.173423
vn 0.28252 -0.443238 0.850718
v -2.30146 7.80118 6.82281 0.449336 0.482703 0.362466
vn -0.105733 0.442362 0.890582
v -3.30634 1.75989 6.82281 0.307077 0.51465 0.40128
vn 0.0416876 -0.222004 0.974154
v 1.21562 4.59605 6.82281 0.22714 0.44348 0.238541
vn 0.256599 -0.405152 0.877501
v -1.79902 7.91412 6.82281 0.449336 0.482703 0.362466
vn -0.0816777 0.447181 0.890706
v 1.44178 4.74696 6.82281 0.22714 0.44348 0.238541
vn 0.275364 -0.29191 0.915949
v -1.29658 7.98095 6.82281 0.449336 0.482703 0.362466
vn -0.0391761 0.456064 0.889084
v -2.30146 1.55086 6.82281 0.21438 0.523394 0.371778
vn -0.0629331 -0.428434 0.901379
v 1.71806 5.06896 6.82281 0.22714 0.44348 0.238541
vn 0.277952 -0.246802 0.928349
v -0.794141 7.99653 6.82281 0.449336 0.482703 0.362466
vn 0.0119748 0.439572 0.898127
v -2.68456 1.73232 6.82281 0.21438 0.523394 0.371778
vn -0.223722 -0.300394 0.927206
v -2.8039 1.84656 6.82281 0.21438 0.523394 0.371778
vn -0.0782184 -0.280028 0.9568
v -0.291701 7.95449 6.82281 0.449336 0.482703 0.362466
vn 0.0597359 0.444407 0.893831
v 0.71318 7.66994 6.82281 0.449336 0.482703 0.362466
vn 0.176701 0.355885 0.917672
v 0.454567 7.7616 6.82281 0.449336 0.482703 0.362466
vn 0.140108 0.396568 0.90725
v -1.79902 1.60051 6.82281 0.21438 0.523394 0.371778
vn 0.0946539 -0.643145 0.759872
v 0.210739 7.84665 6.82281 0.449336 0.482703 0.362466
vn 0.097801 0.434944 0.895131
v -1.61354 1.73232 6.82281 0.21438 0.523394 0.371778
vn 0.521104 -0.333606 0.785594
v 1.21562 7.4048 6.82281 0.449336 0.482703 0.362466
vn 0.189758 0.339796 0.921157
v -1.29658 2.15438 6.82281 0.21438 0.523394 0.371778
vn 0.586924 -0.265166 0.764988
v -1.2735 2.23476 6.82281 0.349941 0.619832 0.425365
vn 0.827383 -0.184507 0.530467
v -1.14629 2.7372 6.82281 0.349941 0.619832 0.425365
vn 0.795397 -0.301434 0.525815
v 2.72294 4.24452 6.34423 0.349137 0.509056 0.34918
vn 0.239135 -0.30804 0.920829
v -5.3161 7.25916 6.69654 0.449336 0.482703 0.362466
vn -0.039257 0.365621 0.929935
v 2.72294 4.74696 6.48461 0.349137 0.509056 0.34918
vn 0.2429 -0.24629 0.938265
v -4.81366 0.224999 6.32923 0.307077 0.51465 0.40128
vn -0.0235769 -0.386489 0.921993
v 2.72294 7.25916 6.52024 0.349137 0.509056 0.34918
vn 0.206368 0.223769 0.952544
v 3.22538 4.74696 6.36103 0.349137 0.509056 0.34918
vn 0.212885 -0.260117 0.941817
v 3.22538 7.25916 6.4171 0.349137 0.509056 0.34918
vn 0.190809 0.208331 0.959265
v 2.72294 5.2494 6.60161 0.349137 0.509056 0.34918
vn 0.237041 -0.163039 0.957721
v -4.31122 0.224999 6.34827 0.307077 0.51465 0.40128
vn -0.00414186 -0.375239 0.926919
v -4.81366 7.25916 6.71871 0.449336 0.482703 0.362466
vn -0.0756776 0.375216 0.923843
v 2.72294 7.7616 6.38218 0.349137 0.509056 0.34918
vn 0.188365 0.280042 0.941326
v -4.31122 7.25916 6.77415 0.449336 0.482703 0.362466
vn -0.115883 0.387124 0.914716
v 3.22538 5.2494 6.48577 0.349137 0.509056 0.34918
vn 0.20301 -0.196877 0.95918
v -3.80878 0.224999 6.33394 0.307077 0.51465 0.40128
vn 0.0462604 -0.357126 0.93291
v 3.72782 7.25916 6.32437 0.349137 0.509056 0.34918
vn 0.178648 0.195443 0.964306
v 3.72782 5.2494 6.3945 0.349137 0.509056 0.34918
vn 0.157541 -0.162291 0.974085
v 4.23026 5.2494 6.32972 0.349137 0.509056 0.34918
vn 0.128537 -0.121391 0.984247
v -0.794141 3.23964 6.631 0.744246 0.25962 0.173423
vn 0.735948 -0.509429 0.445941
v -5.3161 0.727439 6.53243 0.307077 0.51465 0.40128
vn -0.0232078 -0.376345 0.926189
v -0.291701 3.74208 6.66578 0.744246 0.25962 0.173423
vn 0.523449 -0.749089 0.406039
v 2.72294 5.75184 6.66427 0.349137 0.509056 0.34918
vn 0.232016 -0.0585441 0.970949
v 0.210739 3.74208 6.37234 0.744246 0.25962 0.173423
vn 0.201911 -0.804798 0.558151
v 3.22538 5.75184 6.55081 0.349137 0.509056 0.34918
vn 0.200522 -0.0888711 0.97565
v 0.71318 3.74208 6.3458 0.744246 0.25962 0.173423
vn 0.0810542 -0.717967 0.691342
v 0.71318 4.24452 6.80749 0.744246 0.25962 0.173423
vn 0.0851296 -0.602677 0.793431
v 1.21562 3.74208 6.37943 0.22714 0.44348 0.238541
vn 0.0480239 -0.584481 0.809985
v 1.71806 3.74208 6.36359 0.22714 0.44348 0.238541
vn 0.112488 -0.454688 0.883519
v 1.21562 4.24452 6.68144 0.22714 0.44348 0.238541
vn 0.159412 -0.442529 0.882472
v 3.72782 5.75184 6.45804 0.349137 0.509056 0.34918
vn 0.160116 -0.0673335 0.984799
v 2.2205 5.2494 6.73136 0.543657 0.457895 0.374972
vn 0.253405 -0.165401 0.953115
v 2.72294 6.25428 6.67277 0.349137 0.509056 0.34918
vn 0.232994 0.0429909 0.971527
v 3.22538 6.25428 6.55997 0.349137 0.509056 0.34918
vn 0.199452 0.0322721 0.979376
v 2.2205 5.75184 6.79456 0.543657 0.457895 0.374972
vn 0.25434 -0.0733413 0.96433
v 3.72782 6.25428 6.46503 0.349137 0.509056 0.34918
vn 0.164756 0.0332138 0.985775
v 4.23026 5.75184 6.38559 0.349137 0.509056 0.34918
vn 0.130304 -0.0401505 0.990661
v -4.81366 0.727439 6.54557 0.307077 0.51465 0.40128
vn -0.0173995 -0.377863 0.925698
v 2.2205 6.25428 6.8018 0.543657 0.457895 0.374972
vn 0.246709 0.0670964 0.966764
v 4.7327 5.75184 6.32852 0.349137 0.509056 0.34918
vn 0.10987 0 0.993946
v 4.23026 6.25428 6.38626 0.349137 0.509056 0.34918
vn 0.145764 0.0612272 0.987423
v 1.71806 4.24452 6.58457 0.22714 0.44348 0.238541
vn 0.205043 -0.358316 0.910806
v 2.72294 6.75672 6.61897 0.349137 0.509056 0.34918
vn 0.222203 0.146568 0.963921
v 1.71806 7.25916 6.75157 0.543657 0.457895 0.374972
vn 0.214473 0.282966 0.934843
v -4.31122 0.727439 6.54913 0.307077 0.51465 0.40128
vn 0.0151992 -0.357677 0.933722
v 3.22538 6.75672 6.50994 0.349137 0.509056 0.34918
vn 0.197246 0.138613 0.970505
v 2.2205 4.24452 6.46697 0.22714 0.44348 0.238541
vn 0.223113 -0.323065 0.919701
v 2.2205 6.75672 6.74132 0.543657 0.457895 0.374972
vn 0.235937 0.166239 0.957444
v 3.72782 6.75672 6.41538 0.349137 0.509056 0.34918
vn 0.170188 0.125983 0.977325
v 2.2205 7.25916 6.63253 0.543657 0.457895 0.374972
vn 0.218204 0.244796 0.944702
v 1.71806 4.74696 6.74779 0.22714 0.44348 0.238541
vn 0.235757 -0.273666 0.932484
v 4.23026 6.75672 6.33348 0.349137 0.509056 0.34918
vn 0.156491 0.111857 0.981325
v -5.3161 1.22988 6.72713 0.307077 0.51465 0.40128
vn -0.0145884 -0.347173 0.937688
v 2.2205 4.74696 6.62018 0.22714 0.44348 0.238541
vn 0.243846 -0.242599 0.938981
v -5.3161 7.7616 6.50319 0.449336 0.482703 0.362466
vn -0.0311172 0.358975 0.932828
v -4.81366 1.22988 6.73544 0.307077 0.51465 0.40128
vn -0.00570518 -0.346235 0.938131
v -4.81366 7.7616 6.51995 0.449336 0.482703 0.362466
vn -0.059167 0.361226 0.930599
v -4.31122 1.22988 6.72617 0.307077 0.51465 0.40128
vn 0.0465829 -0.323029 0.945242
v -4.31122 7.7616 6.56323 0.449336 0.482703 0.362466
vn -0.0998022 0.377415 0.920651
v -3.80878 0.727439 6.51922 0.307077 0.51465 0.40128
vn 0.0745058 -0.328437 0.941583
v -4.81366 8.26404 6.33234 0.449336 0.482703 0.362466
vn -0.0636696 0.342336 0.937418
v -3.30634 0.727439 6.47331 0.307077 0.51465 0.40128
vn 0.0600924 -0.334703 0.940406
v -4.31122 8.26404 6.36657 0.449336 0.482703 0.362466
vn -0.078921 0.351988 0.932671
v -3.80878 1.22988 6.68628 0.307077 0.51465 0.40128
vn 0.0768494 -0.308551 0.948098
v -3.80878 7.7616 6.62421 0.449336 0.482703 0.362466
vn -0.121917 0.39941 0.90863
v -3.30634 1.22988 6.64061 0.307077 0.51465 0.40128
vn 0.0537443 -0.320909 0.945584
v -3.30634 7.7616 6.69571 0.449336 0.482703 0.362466
vn -0.126609 0.419891 0.8987
v -3.80878 8.26404 6.41536 0.449336 0.482703 0.362466
vn -0.100183 0.36608 0.925175
v -2.8039 0.727439 6.44249 0.194609 0.400011 0.291153
vn 0.0406485 -0.371473 0.927554
v -3.30634 8.26404 6.47282 0.449336 0.482703 0.362466
vn -0.112396 0.384206 0.91638
v -2.30146 0.727439 6.40657 0.194609 0.400011 0.291153
vn 0.123323 -0.418295 0.899901
v -2.8039 7.7616 6.77079 0.449336 0.482703 0.362466
vn -0.130521 0.43161 0.892567
v -2.8039 1.22988 6.63744 0.194609 0.400011 0.291153
vn -0.02132 -0.34068 0.939937
v -2.8039 8.26404 6.53306 0.449336 0.482703 0.362466
vn -0.106789 0.403286 0.908821
v -2.30146 1.22988 6.66284 0.194609 0.400011 0.291153
vn 0.0570101 -0.454937 0.888697
v -2.30146 8.26404 6.58997 0.449336 0.482703 0.362466
vn -0.0921229 0.427635 0.899245
v -1.79902 8.26404 6.63714 0.449336 0.482703 0.362466
vn -0.0638999 0.440206 0.89562
v -1.79902 1.22988 6.613 0.194609 0.400011 0.291153
vn 0.274608 -0.509803 0.815286
v -1.29658 8.26404 6.66806 0.449336 0.482703 0.362466
vn -0.0303061 0.441657 0.896672
v -1.29658 1.22988 6.35717 0.194609 0.400011 0.291153
vn 0.405376 -0.509791 0.758804
v -2.8039 8.76648 6.32378 0.449336 0.482703 0.362466
vn -0.0836758 0.374467 0.923457
v -2.30146 8.76648 6.36919 0.449336 0.482703 0.362466
vn -0.081665 0.383915 0.91975
v -1.79902 8.76648 6.40662 0.449336 0.482703 0.362466
vn -0.0611411 0.395002 0.916644
v -1.29658 8.76648 6.43123 0.449336 0.482703 0.362466
vn -0.0328776 0.40336 0.91445
v -3.30634 1.73232 6.8176 0.307077 0.51465 0.40128
vn 0.0325989 -0.306871 0.951193
v -0.794141 8.26404 6.67705 0.449336 0.482703 0.362466
vn 0.0105068 0.447336 0.894304
v -0.291701 8.26404 6.66111 0.449336 0.482703 0.362466
vn 0.0580717 0.430859 0.900549
v 0.71318 7.7616 6.78135 0.449336 0.482703 0.362466
vn 0.159433 0.378955 0.911578
v 0.210739 8.26404 6.62126 0.449336 0.482703 0.362466
vn 0.0944652 0.410801 0.906818
v 0.71318 8.26404 6.56155 0.449336 0.482703 0.362466
vn 0.123027 0.393457 0.911074
v -0.794141 8.76648 6.43891 0.449336 0.482703 0.362466
vn -0.00120851 0.411813 0.911268
v -2.8039 1.73232 6.79026 0.21438 0.523394 0.371778
vn -0.00803429 -0.287869 0.957636
v -0.291701 8.76648 6.42733 0.449336 0.482703 0.362466
vn 0.0339578 0.40431 0.913991
v 0.210739 8.76648 6.39671 0.449336 0.482703 0.362466
vn 0.069066 0.396506 0.915431
v 0.71318 8.76648 6.34926 0.449336 0.482703 0.362466
vn 0.097936 0.386417 0.91711
v -1.29658 1.73232 6.67685 0.21438 0.523394 0.371778
vn 0.622803 -0.343043 0.703163
v 1.21562 7.7616 6.68635 0.449336 0.482703 0.362466
vn 0.173596 0.352933 0.919403
v 1.71806 7.7616 6.58505 0.449336 0.482703 0.362466
vn 0.195692 0.325465 0.925082
v 1.21562 8.26404 6.48726 0.449336 0.482703 0.362466
vn 0.14622 0.372191 0.916566
v 1.71806 8.26404 6.40362 0.449336 0.482703 0.362466
vn 0.166134 0.340358 0.925503
v 2.2205 7.7616 6.48251 0.449336 0.482703 0.362466
vn 0.189836 0.304177 0.933509
v -5.3161 3.19722 7.32525 0.307077 0.51465 0.40128
vn -0.0400793 -0.234601 0.971265
v -5.3161 5.15464 7.32525 0.449336 0.482703 0.362466
vn -0.0656958 0.15421 0.985852
v -4.81366 3.09439 7.32525 0.307077 0.51465 0.40128
vn -0.0300545 -0.255027 0.966467
v -4.31122 3.0356 7.32525 0.307077 0.51465 0.40128
vn -0.00462669 -0.287633 0.957729
v -3.80878 3.08862 7.32525 0.307077 0.51465 0.40128
vn 0.0521636 -0.344729 0.937252
v -5.09367 5.2494 7.32525 0.449336 0.482703 0.362466
vn -0.0682961 0.195142 0.978394
v -3.30634 3.15468 7.32525 0.307077 0.51465 0.40128
vn 0.0489241 -0.423302 0.904667
v -1.47272 3.23964 7.32525 0.449336 0.482703 0.362466
vn 0.216294 -0.38474 0.897325
v -2.8039 3.14027 7.32525 0.21438 0.523394 0.371778
vn -0.0321764 -0.456929 0.888921
v -1.29658 3.3416 7.32525 0.449336 0.482703 0.362466
vn 0.531333 -0.518026 0.670324
v -2.30146 3.04638 7.32525 0.21438 0.523394 0.371778
vn -0.0677881 -0.413537 0.90796
v -1.79902 3.02392 7.32525 0.21438 0.523394 0.371778
vn 0.135747 -0.383727 0.913415
v -4.81366 5.33656 7.32525 0.449336 0.482703 0.362466
vn -0.116139 0.235334 0.964951
v -4.31122 5.63554 7.32525 0.449336 0.482703 0.362466
vn -0.140212 0.224738 0.964279
v -4.13964 5.75184 7.32525 0.449336 0.482703 0.362466
vn -0.157448 0.253165 0.954525
v -3.80878 5.943 7.32525 0.449336 0.482703 0.362466
vn -0.163617 0.288812 0.943301
v -3.30634 6.23567 7.32525 0.449336 0.482703 0.362466
vn -0.160357 0.273282 0.948474
v -3.27397 6.25428 7.32525 0.449336 0.482703 0.362466
vn -0.165615 0.304663 0.937951
v -2.8039 6.49557 7.32525 0.449336 0.482703 0.362466
vn -0.161187 0.341044 0.926125
v -2.30146 6.71248 7.32525 0.449336 0.482703 0.362466
vn -0.142922 0.332074 0.932363
v -2.16918 6.75672 7.32525 0.449336 0.482703 0.362466
vn -0.12143 0.373142 0.919793
v -1.79902 6.87463 7.32525 0.449336 0.482703 0.362466
vn -0.100439 0.416528 0.903558
v -1.29658 6.96713 7.32525 0.449336 0.482703 0.362466
vn -0.0450605 0.421359 0.905774
v -0.869873 3.74208 7.32525 0.744246 0.25962 0.173423
vn 0.462024 -0.536088 0.7065
v -0.794141 3.80656 7.32525 0.744246 0.25962 0.173423
vn 0.481527 -0.58861 0.649361
v -0.291701 4.20823 7.32525 0.744246 0.25962 0.173423
vn 0.531611 -0.677629 0.508143
v -0.23814 4.24452 7.32525 0.744246 0.25962 0.173423
vn 0.412521 -0.555415 0.72204
v 0.210739 4.69041 7.32525 0.744246 0.25962 0.173423
vn 0.423014 -0.431902 0.796568
v 0.271914 4.74696 7.32525 0.744246 0.25962 0.173423
vn 0.406669 -0.345537 0.84571
v 0.579925 5.2494 7.32525 0.744246 0.25962 0.173423
vn 0.391378 -0.155366 0.90702
v 0.681214 5.75184 7.32525 0.543657 0.457895 0.374972
vn 0.344929 0.0101922 0.938573
v 0.544988 6.25428 7.32525 0.543657 0.457895 0.374972
vn 0.293389 0.171106 0.940556
v -0.794141 6.97442 7.32525 0.543657 0.457895 0.374972
vn 0.0353447 0.402523 0.914727
v -0.291701 6.87355 7.32525 0.543657 0.457895 0.374972
vn 0.0993462 0.408856 0.907175
v 0.210739 6.60799 7.32525 0.543657 0.457895 0.374972
vn 0.227876 0.268202 0.936024
v -0.0330396 6.75672 7.32525 0.543657 0.457895 0.374972
vn 0.161884 0.35078 0.92236
v -5.3161 5.2494 7.30852 0.449336 0.482703 0.362466
vn -0.0731332 0.22275 0.972129
v 1.71806 5.2494 6.87682 0.543657 0.457895 0.374972
vn 0.321223 -0.166939 0.932173
v -5.3161 1.73232 6.90736 0.307077 0.51465 0.40128
vn -0.0113868 -0.318216 0.94795
v 1.71806 5.75184 6.94511 0.543657 0.457895 0.374972
vn 0.313595 -0.0796517 0.94621
v -1.29658 3.23964 7.26776 0.449336 0.482703 0.362466
vn 0.661909 -0.34445 0.665756
v 1.71806 6.25428 6.94405 0.543657 0.457895 0.374972
vn 0.291681 0.0541243 0.954983
v -4.81366 1.73232 6.9134 0.307077 0.51465 0.40128
vn 0.00932138 -0.319792 0.947442
v 0.71318 6.25428 7.27161 0.543657 0.457895 0.374972
vn 0.299883 0.157858 0.940825
v -4.31122 1.73232 6.89597 0.307077 0.51465 0.40128
vn 0.0674028 -0.317984 0.945697
v 1.21562 6.25428 7.10258 0.543657 0.457895 0.374972
vn 0.309203 0.104106 0.945281
v -5.3161 2.23476 7.0702 0.307077 0.51465 0.40128
vn -0.0146575 -0.301161 0.953461
v -5.3161 5.75184 7.18841 0.449336 0.482703 0.362466
vn -0.0617284 0.261671 0.963181
v 0.71318 6.75672 7.14956 0.543657 0.457895 0.374972
vn 0.246288 0.268487 0.931266
v 1.21562 6.75672 7.00932 0.543657 0.457895 0.374972
vn 0.263067 0.218431 0.939725
v -4.81366 2.23476 7.07877 0.307077 0.51465 0.40128
vn 0.000783059 -0.303675 0.952775
v -4.81366 5.75184 7.22119 0.449336 0.482703 0.362466
vn -0.10438 0.266039 0.958294
v 1.71806 6.75672 6.87247 0.543657 0.457895 0.374972
vn 0.26887 0.164341 0.949053
v -4.31122 2.23476 7.06168 0.307077 0.51465 0.40128
vn 0.074968 -0.317545 0.945275
v 0.71318 7.25916 6.98185 0.543657 0.457895 0.374972
vn 0.193551 0.343529 0.918981
v -4.31122 5.75184 7.29416 0.449336 0.482703 0.362466
vn -0.146216 0.285842 0.947056
v -3.80878 1.73232 6.84178 0.307077 0.51465 0.40128
vn 0.0921293 -0.307827 0.946971
v 1.21562 7.25916 6.87074 0.543657 0.457895 0.374972
vn 0.217479 0.299714 0.92891
v -5.3161 6.25428 7.0433 0.449336 0.482703 0.362466
vn -0.0516081 0.297903 0.9532
v -3.80878 2.23476 6.99918 0.307077 0.51465 0.40128
vn 0.109347 -0.304986 0.946058
v -3.30634 2.23476 6.9321 0.307077 0.51465 0.40128
vn 0.0576082 -0.291643 0.954791
v -4.81366 6.25428 7.07187 0.449336 0.482703 0.362466
vn -0.0888214 0.298477 0.950275
v -3.80878 7.25916 6.84703 0.449336 0.482703 0.362466
vn -0.1355 0.362958 0.921901
v -5.3161 2.7372 7.2181 0.307077 0.51465 0.40128
vn -0.0261251 -0.269839 0.962551
v -3.30634 7.25916 6.92336 0.449336 0.482703 0.362466
vn -0.142997 0.376854 0.915168
v -4.81366 2.7372 7.23438 0.307077 0.51465 0.40128
vn -0.0207215 -0.265439 0.963905
v -4.31122 6.25428 7.1385 0.449336 0.482703 0.362466
vn -0.145449 0.307676 0.940309
v -4.31122 2.7372 7.23266 0.307077 0.51465 0.40128
vn 0.0340569 -0.308979 0.950459
v -2.8039 7.25916 7.00232 0.449336 0.482703 0.362466
vn -0.139512 0.397052 0.907131
v -3.80878 6.25428 7.22418 0.449336 0.482703 0.362466
vn -0.165745 0.328878 0.929714
v -2.30146 7.25916 7.07716 0.449336 0.482703 0.362466
vn -0.122805 0.41782 0.900192
v -3.80878 2.7372 7.18452 0.307077 0.51465 0.40128
vn 0.109786 -0.360003 0.926469
v -2.30146 7.7616 6.83954 0.449336 0.482703 0.362466
vn -0.0950416 0.419669 0.902688
v -3.30634 6.25428 7.31891 0.449336 0.482703 0.362466
vn -0.174269 0.345504 0.922094
v -3.30634 2.7372 7.1075 0.307077 0.51465 0.40128
vn 0.0655451 -0.412769 0.908475
v -1.79902 7.25916 7.13968 0.449336 0.482703 0.362466
vn -0.0900064 0.437834 0.894539
v -5.3161 6.75672 6.88237 0.449336 0.482703 0.362466
vn -0.0452682 0.311177 0.949273
v -1.79902 7.7616 6.89073 0.449336 0.482703 0.362466
vn -0.0820784 0.430159 0.899014
v -2.30146 1.73232 6.9354 0.21438 0.523394 0.371778
vn -0.213203 -0.332625 0.918643
v -1.29658 7.25916 7.17964 0.449336 0.482703 0.362466
vn -0.0407439 0.450817 0.891686
v -4.81366 6.75672 6.90684 0.449336 0.482703 0.362466
vn -0.0765254 0.316912 0.945363
v -2.8039 2.23476 6.95543 0.21438 0.523394 0.371778
vn -0.129987 -0.275323 0.952523
v -1.29658 7.7616 6.92359 0.449336 0.482703 0.362466
vn -0.0356523 0.442566 0.896027
v -2.30146 2.23476 7.0588 0.21438 0.523394 0.371778
vn -0.14557 -0.24951 0.957369
v -4.31122 6.75672 6.96544 0.449336 0.482703 0.362466
vn -0.126087 0.330455 0.935362
v -1.79902 1.73232 7.14979 0.21438 0.523394 0.371778
vn 0.150515 -0.362754 0.919649
v -0.794141 7.25916 7.1856 0.449336 0.482703 0.362466
vn 0.0256757 0.442494 0.896404
v -3.80878 6.75672 7.04287 0.449336 0.482703 0.362466
vn -0.149185 0.347763 0.925638
v -1.79902 2.23476 7.07299 0.21438 0.523394 0.371778
vn 0.182112 -0.198834 0.962964
v -3.30634 6.75672 7.13002 0.449336 0.482703 0.362466
vn -0.163068 0.362752 0.917507
v -1.29658 2.23476 6.85225 0.21438 0.523394 0.371778
vn 0.411052 -0.292372 0.863455
v -0.794141 7.7616 6.93076 0.449336 0.482703 0.362466
vn 0.0137441 0.441418 0.897196
v -2.8039 2.7372 7.09249 0.21438 0.523394 0.371778
vn -0.0636409 -0.374191 0.925165
v -0.291701 7.25916 7.15091 0.449336 0.482703 0.362466
vn 0.102991 0.412548 0.905095
v -0.291701 7.7616 6.90819 0.449336 0.482703 0.362466
vn 0.061211 0.43107 0.90024
v -2.30146 2.7372 7.17955 0.21438 0.523394 0.371778
vn -0.103416 -0.300037 0.948305
v 0.210739 7.25916 7.07945 0.449336 0.482703 0.362466
vn 0.15355 0.381156 0.91167
v 0.210739 7.7616 6.8578 0.449336 0.482703 0.362466
vn 0.109525 0.40968 0.905631
v -1.79902 2.7372 7.2134 0.21438 0.523394 0.371778
vn 0.149389 -0.301067 0.941829
v -2.8039 6.75672 7.22007 0.449336 0.482703 0.362466
vn -0.153502 0.391157 0.907432
v -1.29658 2.7372 7.02016 0.21438 0.523394 0.371778
vn 0.435859 -0.320837 0.840887
v -2.30146 6.75672 7.3062 0.449336 0.482703 0.362466
vn -0.14921 0.408626 0.900423
v -0.794141 3.74208 7.26497 0.744246 0.25962 0.173423
vn 0.564553 -0.652316 0.505731
v 0.210739 4.24452 7.04119 0.744246 0.25962 0.173423
vn 0.386313 -0.598174 0.702104
v 0.71318 4.74696 7.10769 0.744246 0.25962 0.173423
vn 0.37364 -0.403347 0.835287
v 0.71318 5.2494 7.2661 0.744246 0.25962 0.173423
vn 0.374891 -0.189117 0.907574
v 1.21562 4.74696 6.90007 0.22714 0.44348 0.238541
vn 0.354536 -0.30259 0.884728
v 1.21562 5.2494 7.05553 0.22714 0.44348 0.238541
vn 0.344411 -0.194939 0.918357
v 0.71318 5.75184 7.31298 0.543657 0.457895 0.374972
vn 0.347248 0.00621455 0.937753
v 0.210739 6.75672 7.27774 0.543657 0.457895 0.374972
vn 0.203741 0.333683 0.920405
v 1.21562 5.75184 7.11885 0.543657 0.457895 0.374972
vn 0.343785 -0.0435367 0.938039
v -5.3161 3.23964 7.33486 0.17242 0.594051 0.319959
vn -0.0505906 -0.164542 0.985072
v -4.81366 3.23964 7.36083 0.310828 0.370108 0.33676
vn -0.0514592 -0.175094 0.983206
v -5.3161 3.74208 7.40495 0.310828 0.370108 0.33676
vn -0.0617359 -0.107636 0.992272
v -4.31122 3.23964 7.38446 0.17242 0.594051 0.319959
vn -0.0350696 -0.20306 0.978538
v -3.80878 3.23964 7.37685 0.17242 0.594051 0.319959
vn -0.00104453 -0.268691 0.963226
v -3.30634 3.23964 7.3586 0.17242 0.594051 0.319959
vn 0.0160193 -0.325364 0.945453
v -4.81366 3.74208 7.43886 0.310828 0.370108 0.33676
vn -0.0726821 -0.101775 0.992149
v -2.8039 3.23964 7.36344 0.209362 0.547614 0.296361
vn -0.0389534 -0.341119 0.939213
v -4.31122 3.74208 7.48498 0.310828 0.370108 0.33676
vn -0.0653005 -0.138183 0.988252
v -2.30146 3.23964 7.39607 0.209362 0.547614 0.296361
vn -0.0274315 -0.340105 0.939987
v -5.3161 4.24452 7.42034 0.310828 0.370108 0.33676
vn -0.0716777 0.0165505 0.997291
v -1.79902 3.23964 7.39895 0.209362 0.547614 0.296361
vn 0.0669226 -0.333656 0.940317
v -4.81366 4.24452 7.4575 0.310828 0.370108 0.33676
vn -0.0960031 -0.00095864 0.995381
v -4.31122 4.24452 7.51843 0.310828 0.370108 0.33676
vn -0.105652 -0.0116326 0.994335
v -3.80878 3.74208 7.5118 0.310828 0.370108 0.33676
vn -0.0539464 -0.165196 0.984784
v -3.30634 3.74208 7.52759 0.310828 0.370108 0.33676
vn -0.0296562 -0.246196 0.968766
v -3.80878 4.24452 7.57083 0.310828 0.370108 0.33676
vn -0.0912472 -0.0497409 0.994585
v -3.30634 4.24452 7.61514 0.310828 0.370108 0.33676
vn -0.0848188 -0.0919224 0.992147
v -5.3161 4.74696 7.38711 0.310828 0.370108 0.33676
vn -0.070311 0.115774 0.990784
v -4.81366 4.74696 7.42334 0.310828 0.370108 0.33676
vn -0.096989 0.0996938 0.99028
v -4.31122 4.74696 7.49017 0.310828 0.370108 0.33676
vn -0.127095 0.100594 0.986776
v -4.81366 5.2494 7.34373 0.310828 0.370108 0.33676
vn -0.118475 0.171946 0.977956
v -4.31122 5.2494 7.41123 0.310828 0.370108 0.33676
vn -0.136944 0.171531 0.975614
v -3.80878 4.74696 7.55753 0.310828 0.370108 0.33676
vn -0.124788 0.0794171 0.989
v -3.30634 4.74696 7.62053 0.310828 0.370108 0.33676
vn -0.119145 0.0506936 0.991582
v -3.80878 5.2494 7.48657 0.310828 0.370108 0.33676
vn -0.142511 0.172092 0.974718
v -3.30634 5.2494 7.56198 0.310828 0.370108 0.33676
vn -0.142403 0.156186 0.977408
v -2.8039 3.74208 7.55018 0.310828 0.370108 0.33676
vn -0.0538648 -0.25892 0.964396
v -2.30146 3.74208 7.57687 0.310828 0.370108 0.33676
vn -0.0407638 -0.283547 0.958092
v -2.8039 4.24452 7.65689 0.310828 0.370108 0.33676
vn -0.0809468 -0.125855 0.988741
v -2.30146 4.24452 7.69544 0.310828 0.370108 0.33676
vn -0.0580148 -0.157183 0.985864
v -1.79902 3.74208 7.57872 0.310828 0.370108 0.33676
vn 0.0545954 -0.310913 0.948869
v -1.29658 3.74208 7.50547 0.310828 0.370108 0.33676
vn 0.230166 -0.380504 0.895679
v -1.79902 4.24452 7.71629 0.310828 0.370108 0.33676
vn -0.0127132 -0.178276 0.983898
v -1.29658 4.24452 7.68791 0.310828 0.370108 0.33676
vn 0.131068 -0.27403 0.952748
v -2.8039 4.74696 7.68006 0.310828 0.370108 0.33676
vn -0.113625 0.0196248 0.99333
v -2.30146 4.74696 7.73682 0.310828 0.370108 0.33676
vn -0.0961453 -0.0137962 0.995272
v -2.8039 5.2494 7.6357 0.310828 0.370108 0.33676
vn -0.13918 0.13593 0.980893
v -2.30146 5.2494 7.70681 0.310828 0.370108 0.33676
vn -0.126848 0.1135 0.985407
v -1.79902 4.74696 7.77969 0.310828 0.370108 0.33676
vn -0.0675661 -0.029952 0.997265
v -1.29658 4.74696 7.79082 0.310828 0.370108 0.33676
vn 0.0337351 -0.0890843 0.995453
v -1.79902 5.2494 7.76902 0.310828 0.370108 0.33676
vn -0.087388 0.0886583 0.992221
v -1.29658 5.2494 7.7999 0.310828 0.370108 0.33676
vn -0.0122267 0.0871062 0.996124
v -3.80878 5.75184 7.37581 0.310828 0.370108 0.33676
vn -0.150623 0.227082 0.962157
v -3.30634 5.75184 7.45723 0.310828 0.370108 0.33676
vn -0.153659 0.228344 0.961378
v -2.8039 5.75184 7.53856 0.310828 0.370108 0.33676
vn -0.150195 0.213442 0.965341
v -2.30146 5.75184 7.61711 0.310828 0.370108 0.33676
vn -0.138061 0.220736 0.965513
v -2.8039 6.25428 7.40282 0.310828 0.370108 0.33676
vn -0.150424 0.275412 0.949484
v -2.30146 6.25428 7.48215 0.310828 0.370108 0.33676
vn -0.136688 0.291739 0.946681
v -1.79902 5.75184 7.68532 0.310828 0.370108 0.33676
vn -0.0977151 0.198148 0.975289
v -1.29658 5.75184 7.72752 0.310828 0.370108 0.33676
vn -0.0346712 0.218566 0.975206
v -1.79902 6.25428 7.55001 0.310828 0.370108 0.33676
vn -0.101923 0.295083 0.95002
v -1.29658 6.25428 7.59268 0.310828 0.370108 0.33676
vn -0.0398287 0.300344 0.952999
v -1.79902 6.75672 7.3713 0.310828 0.370108 0.33676
vn -0.0880898 0.345299 0.93435
v -1.29658 6.75672 7.41083 0.310828 0.370108 0.33676
vn -0.0365503 0.346917 0.937183
v -0.794141 4.24452 7.57437 0.0904722 0.378649 0.347713
vn 0.300352 -0.373259 0.877762
v -0.291701 4.24452 7.35394 0.0904722 0.378649 0.347713
vn 0.372426 -0.423145 0.825983
v -0.794141 4.74696 7.73318 0.0904722 0.378649 0.347713
vn 0.205189 -0.185735 0.960937
v -0.291701 4.74696 7.57887 0.0904722 0.378649 0.347713
vn 0.347761 -0.277496 0.895577
v -0.794141 5.2494 7.77123 0.0904722 0.378649 0.347713
vn 0.133865 0.0158536 0.990873
v -0.291701 5.2494 7.66495 0.0904722 0.378649 0.347713
vn 0.276301 -0.0535196 0.95958
v 0.210739 4.74696 7.35559 0.0904722 0.378649 0.347713
vn 0.397065 -0.252399 0.882402
v 0.210739 5.2494 7.48515 0.0904722 0.378649 0.347713
vn 0.3713 -0.139021 0.918047
v -0.794141 5.75184 7.71791 0.107553 0.513423 0.266879
vn 0.086054 0.173798 0.981014
v -0.291701 5.75184 7.63818 0.107553 0.513423 0.266879
vn 0.212156 0.124122 0.969321
v -0.794141 6.25428 7.59201 0.107553 0.513423 0.266879
vn 0.0450565 0.295815 0.954182
v -0.291701 6.25428 7.53492 0.107553 0.513423 0.266879
vn 0.158778 0.253849 0.954123
v 0.210739 5.75184 7.49662 0.107553 0.513423 0.266879
vn 0.319646 0.0419795 0.946607
v 0.210739 6.25428 7.42396 0.107553 0.513423 0.266879
vn 0.245828 0.191518 0.950205
v -0.794141 6.75672 7.41359 0.107553 0.513423 0.266879
vn 0.0381813 0.347101 0.93705
v -0.291701 6.75672 7.36988 0.107553 0.513423 0.266879
vn 0.10392 0.330569 0.938043
f 1//1 2//2 55//55
f 55//55 54//54 1//1
f 55//55 3//3 56//56
f 2//2 3//3 55//55
f 3//3 4//4 57//57
f 57//57 56//56 3//3
f 6//6 5//5 58//58
f 58//58 59//59 6//6
f 58//58 7//7 60//60
f 5//5 7//7 58//58
f 46//46 57//57 63//63
f 57//57 8//8 63//63
f 57//57 4//4 8//8
f 63//63 9//9 64//64
f 8//8 9//9 63//63
f 46//46 63//63 47//47
f 50//50 49//49 64//64
f 49//49 48//48 64//64
f 48//48 63//63 64//64
f 48//48 47//47 63//63
f 64//64 10//10 65//65
f 9//9 10//10 64//64
f 61//61 10//10 11//11
f 61//61 65//65 10//10
f 61//61 62//62 65//65
f 52//52 65//65 51//51
f 52//52 64//64 65//65
f 52//52 53//53 64//64
f 53//53 50//50 64//64
f 51//51 65//65 62//62
f 61//61 6//6 59//59
f 11//11 6//6 61//61
f 66//66 78//78 67//67
f 68//68 67//67 79//79
f 67//67 47//47 79//79
f 67//67 78//78 47//47
f 78//78 46//46 47//47
f 68//68 80//80 69//69
f 79//79 80//80 68//68
f 79//79 47//47 48//48
f 81//81 48//48 49//49
f 81//81 80//80 48//48
f 80//80 79//79 48//48
f 49//49 50//50 82//82
f 82//82 81//81 49//49
f 52//52 51//51 83//83
f 82//82 53//53 84//84
f 50//50 53//53 82//82
f 70//70 84//84 83//83
f 84//84 52//52 83//83
f 84//84 53//53 52//52
f 70//70 71//71 84//84
f 69//69 80//80 72//72
f 73//73 81//81 85//85
f 73//73 72//72 81//81
f 72//72 80//80 81//81
f 85//85 82//82 86//86
f 81//81 82//82 85//85
f 73//73 85//85 74//74
f 74//74 86//86 75//75
f 85//85 86//86 74//74
f 76//76 86//86 84//84
f 86//86 82//82 84//84
f 76//76 77//77 86//86
f 76//76 84//84 71//71
f 75//75 86//86 77//77
f 87//87 105//105 88//88
f 89//89 67//67 106//106
f 89//89 66//66 67//67
f 89//89 88//88 66//66
f 88//88 105//105 66//66
f 106//106 67//67 68//68
f 89//89 107//107 90//90
f 106//106 107//107 89//89
f 107//107 68//68 69//69
f 106//106 68//68 107//107
f 71//71 70//70 108//108
f 90//90 107//107 91//91
f 92//92 72//72 109//109
f 92//92 107//107 72//72
f 107//107 69//69 72//72
f 92//92 91//91 107//107
f 92//92 109//109 93//93
f 109//109 72//72 73//73
f 94//94 93//93 110//110
f 93//93 74//74 110//110
f 93//93 109//109 74//74
f 109//109 73//73 74//74
f 110//110 75//75 111//111
f 74//74 75//75 110//110
f 94//94 112//112 95//95
f 110//110 112//112 94//94
f 110//110 111//111 113//113
f 113//113 112//112 110//110
f 112//112 114//114 96//96
f 96//96 95//95 112//112
f 112//112 113//113 115//115
f 115//115 114//114 112//112
f 77//77 76//76 116//116
f 97//97 71//71 108//108
f 97//97 76//76 71//71
f 97//97 98//98 76//76
f 98//98 116//116 76//76
f 117//117 77//77 116//116
f 117//117 75//75 77//77
f 117//117 111//111 75//75
f 99//99 116//116 98//98
f 117//117 116//116 99//99
f 100//100 113//113 117//117
f 113//113 111//111 117//117
f 100//100 101//101 113//113
f 100//100 117//117 99//99
f 102//102 113//113 101//101
f 115//115 113//113 102//102
f 96//96 114//114 103//103
f 103//103 115//115 104//104
f 114//114 115//115 103//103
f 104//104 115//115 102//102
f 118//118 128//128 119//119
f 120//120 128//128 55//55
f 128//128 54//54 55//55
f 120//120 119//119 128//128
f 121//121 56//56 129//129
f 121//121 120//120 56//56
f 120//120 55//55 56//56
f 129//129 56//56 57//57
f 59//59 58//58 122//122
f 122//122 123//123 59//59
f 122//122 60//60 124//124
f 58//58 60//60 122//122
f 129//129 105//105 87//87
f 87//87 121//121 129//129
f 66//66 129//129 78//78
f 129//129 57//57 78//78
f 57//57 46//46 78//78
f 66//66 105//105 129//129
f 62//62 61//61 125//125
f 125//125 126//126 62//62
f 126//126 83//83 62//62
f 83//83 51//51 62//62
f 126//126 70//70 83//83
f 126//126 127//127 70//70
f 127//127 108//108 70//70
f 97//97 108//108 127//127
f 125//125 59//59 123//123
f 61//61 59//59 125//125
f 175//175 174//174 188//188
f 174//174 88//88 188//188
f 174//174 87//87 88//88
f 175//175 188//188 176//176
f 188//188 88//88 89//89
f 177//177 89//89 90//90
f 177//177 188//188 89//89
f 177//177 176//176 188//188
f 177//177 91//91 178//178
f 90//90 91//91 177//177
f 91//91 92//92 165//165
f 165//165 178//178 91//91
f 168//168 167//167 189//189
f 167//167 93//93 189//189
f 167//167 92//92 93//93
f 167//167 166//166 92//92
f 166//166 165//165 92//92
f 189//189 93//93 94//94
f 168//168 189//189 170//170
f 170//170 169//169 168//168
f 171//171 170//170 95//95
f 170//170 189//189 95//95
f 189//189 94//94 95//95
f 173//173 172//172 96//96
f 172//172 95//95 96//96
f 172//172 171//171 95//95
f 98//98 97//97 190//190
f 179//179 180//180 190//190
f 180//180 98//98 190//190
f 180//180 99//99 98//98
f 101//101 100//100 191//191
f 180//180 100//100 99//99
f 180//180 181//181 100//100
f 181//181 191//191 100//100
f 182//182 102//102 191//191
f 102//102 101//101 191//191
f 182//182 183//183 102//102
f 182//182 191//191 181//181
f 184//184 173//173 192//192
f 173//173 96//96 192//192
f 96//96 103//103 192//192
f 192//192 104//104 193//193
f 103//103 104//104 192//192
f 184//184 192//192 185//185
f 185//185 193//193 186//186
f 192//192 193//193 185//185
f 183//183 104//104 102//102
f 183//183 193//193 104//104
f 183//183 187//187 193//193
f 186//186 193//193 187//187
f 165//165 166//166 195//195
f 195//195 194//194 165//165
f 195//195 167//167 196//196
f 166//166 167//167 195//195
f 167//167 168//168 197//197
f 197//197 196//196 167//167
f 168//168 169//169 198//198
f 198//198 197//197 168//168
f 199//199 170//170 203//203
f 199//199 198//198 170//170
f 198//198 169//169 170//170
f 199//199 204//204 200//200
f 203//203 204//204 199//199
f 200//200 205//205 201//201
f 204//204 205//205 200//200
f 203//203 170//170 171//171
f 203//203 171//171 172//172
f 172//172 204//204 203//203
f 205//205 172//172 173//173
f 204//204 172//172 205//205
f 201//201 205//205 202//202
f 220//220 194//194 195//195
f 207//207 220//220 221//221
f 220//220 196//196 221//221
f 220//220 195//195 196//196
f 207//207 206//206 220//220
f 221//221 196//196 197//197
f 197//197 222//222 221//221
f 207//207 221//221 208//208
f 208//208 222//222 209//209
f 221//221 222//222 208//208
f 211//211 210//210 198//198
f 210//210 222//222 198//198
f 222//222 197//197 198//198
f 212//212 223//223 213//213
f 212//212 211//211 223//223
f 211//211 199//199 223//223
f 211//211 198//198 199//199
f 213//213 224//224 214//214
f 223//223 224//224 213//213
f 223//223 199//199 200//200
f 200//200 224//224 223//223
f 214//214 225//225 215//215
f 224//224 225//225 214//214
f 225//225 200//200 201//201
f 224//224 200//200 225//225
f 209//209 222//222 210//210
f 215//215 225//225 216//216
f 217//217 202//202 226//226
f 217//217 216//216 202//202
f 216//216 225//225 202//202
f 225//225 201//201 202//202
f 217//217 226//226 218//218
f 227//227 175//175 228//228
f 174//174 175//175 227//227
f 228//228 176//176 229//229
f 175//175 176//176 228//228
f 176//176 177//177 230//230
f 230//230 229//229 176//176
f 230//230 178//178 231//231
f 177//177 178//178 230//230
f 206//206 231//231 220//220
f 231//231 194//194 220//220
f 231//231 178//178 194//194
f 178//178 165//165 194//194
f 180//180 179//179 232//232
f 232//232 233//233 180//180
f 234//234 180//180 233//233
f 181//181 180//180 234//234
f 236//236 182//182 235//235
f 183//183 182//182 236//236
f 182//182 181//181 234//234
f 234//234 235//235 182//182
f 219//219 226//226 184//184
f 226//226 202//202 184//184
f 202//202 173//173 184//184
f 202//202 205//205 173//173
f 219//219 218//218 226//226
f 219//219 185//185 237//237
f 184//184 185//185 219//219
f 237//237 186//186 238//238
f 185//185 186//186 237//237
f 187//187 183//183 236//236
f 236//236 239//239 187//187
f 238//238 187//187 239//239
f 186//186 187//187 238//238
f 240//240 119//119 241//241
f 118//118 119//119 240//240
f 119//119 120//120 242//242
f 242//242 241//241 119//119
f 120//120 121//121 243//243
f 243//243 242//242 120//120
f 245//245 122//122 244//244
f 123//123 122//122 245//245
f 244//244 124//124 246//246
f 122//122 124//124 244//244
f 227//227 243//243 174//174
f 243//243 121//121 174//174
f 121//121 87//87 174//174
f 126//126 125//125 250//250
f 247//247 248//248 250//250
f 248//248 126//126 250//250
f 248//248 127//127 126//126
f 248//248 190//190 127//127
f 190//190 97//97 127//127
f 248//248 179//179 190//190
f 248//248 232//232 179//179
f 245//245 125//125 123//123
f 245//245 250//250 125//125
f 245//245 249//249 250//250
f 247//247 250//250 249//249
f 270//270 206//206 207//207
f 252//252 207//207 271//271
f 207//207 208//208 271//271
f 252//252 270//270 207//207
f 252//252 251//251 270//270
f 252//252 271//271 253//253
f 271//271 208//208 209//209
f 209//209 272//272 271//271
f 254//254 272//272 273//273
f 254//254 271//271 272//272
f 254//254 253//253 271//271
f 254//254 273//273 255//255
f 210//210 211//211 257//257
f 257//257 256//256 210//210
f 274//274 212//212 213//213
f 258//258 211//211 274//274
f 211//211 212//212 274//274
f 258//258 257//257 211//211
f 275//275 213//213 214//214
f 274//274 213//213 275//275
f 258//258 275//275 259//259
f 274//274 275//275 258//258
f 261//261 275//275 215//215
f 275//275 214//214 215//215
f 261//261 260//260 275//275
f 259//259 275//275 260//260
f 256//256 262//262 210//210
f 262//262 209//209 210//210
f 262//262 272//272 209//209
f 262//262 276//276 272//272
f 264//264 272//272 276//276
f 264//264 263//263 272//272
f 263//263 273//273 272//272
f 265//265 276//276 262//262
f 264//264 276//276 265//265
f 255//255 273//273 263//263
f 261//261 216//216 266//266
f 215//215 216//216 261//261
f 266//266 217//217 267//267
f 216//216 217//217 266//266
f 217//217 218//218 268//268
f 268//268 267//267 217//217
f 218//218 219//219 269//269
f 269//269 268//268 218//218
f 298//298 251//251 252//252
f 278//278 298//298 253//253
f 298//298 252//252 253//253
f 278//278 277//277 298//298
f 253//253 254//254 279//279
f 279//279 278//278 253//253
f 279//279 255//255 280//280
f 254//254 255//255 279//279
f 299//299 256//256 257//257
f 300//300 257//257 258//258
f 299//299 257//257 300//300
f 301//301 258//258 259//259
f 300//300 258//258 301//301
f 302//302 260//260 261//261
f 282//282 281//281 302//302
f 281//281 301//301 302//302
f 301//301 260//260 302//302
f 301//301 259//259 260//260
f 284//284 262//262 299//299
f 262//262 256//256 299//299
f 284//284 303//303 262//262
f 284//284 283//283 303//303
f 283//283 263//263 303//303
f 263//263 264//264 303//303
f 283//283 285//285 263//263
f 299//299 300//300 286//286
f 286//286 284//284 299//299
f 303//303 265//265 262//262
f 288//288 304//304 287//287
f 303//303 264//264 265//265
f 255//255 263//263 285//285
f 285//285 280//280 255//255
f 287//287 304//304 289//289
f 291//291 305//305 290//290
f 286//286 301//301 292//292
f 300//300 301//301 286//286
f 293//293 304//304 288//288
f 292//292 301//301 281//281
f 289//289 304//304 293//293
f 294//294 305//305 291//291
f 302//302 261//261 266//266
f 295//295 282//282 306//306
f 282//282 302//302 306//306
f 302//302 266//266 306//306
f 266//266 267//267 306//306
f 306//306 267//267 268//268
f 295//295 306//306 296//296
f 297//297 296//296 269//269
f 296//296 268//268 269//269
f 296//296 306//306 268//268
f 307//307 320//320 308//308
f 309//309 308//308 228//228
f 308//308 320//320 228//228
f 320//320 227//227 228//228
f 309//309 229//229 310//310
f 228//228 229//229 309//309
f 310//310 230//230 311//311
f 229//229 230//230 310//310
f 230//230 231//231 312//312
f 312//312 311//311 230//230
f 313//313 312//312 270//270
f 312//312 206//206 270//270
f 312//312 231//231 206//206
f 277//277 313//313 298//298
f 313//313 251//251 298//298
f 313//313 270//270 251//251
f 233//233 232//232 321//321
f 305//305 322//322 314//314
f 314//314 290//290 305//305
f 315//315 314//314 321//321
f 314//314 233//233 321//321
f 314//314 322//322 233//233
f 322//322 234//234 233//233
f 294//294 235//235 305//305
f 235//235 322//322 305//305
f 294//294 316//316 235//235
f 316//316 236//236 235//235
f 235//235 234//234 322//322
f 317//317 269//269 237//237
f 269//269 219//219 237//237
f 317//317 297//297 269//269
f 317//317 238//238 318//318
f 237//237 238//238 317//317
f 239//239 236//236 316//316
f 316//316 319//319 239//239
f 318//318 239//239 319//319
f 238//238 239//239 318//318
f 324//324 323//323 342//342
f 323//323 278//278 342//342
f 323//323 277//277 278//278
f 342//342 278//278 279//279
f 324//324 342//342 325//325
f 326//326 342//342 280//280
f 342//342 279//279 280//280
f 326//326 325//325 342//342
f 327//327 343//343 328//328
f 328//328 343//343 329//329
f 344//344 281//281 282//282
f 345//345 283//283 284//284
f 331//331 330//330 345//345
f 330//330 283//283 345//345
f 330//330 285//285 283//283
f 327//327 284//284 343//343
f 284//284 286//286 343//343
f 327//327 345//345 284//284
f 327//327 332//332 345//345
f 288//288 287//287 333//333
f 333//333 334//334 288//288
f 332//332 331//331 345//345
f 326//326 285//285 330//330
f 280//280 285//285 326//326
f 287//287 289//289 335//335
f 335//335 333//333 287//287
f 291//291 290//290 346//346
f 336//336 329//329 292//292
f 329//329 343//343 292//292
f 343//343 286//286 292//292
f 293//293 288//288 334//334
f 334//334 337//337 293//293
f 338//338 281//281 344//344
f 338//338 292//292 281//281
f 338//338 336//336 292//292
f 289//289 293//293 337//337
f 337//337 335//335 289//289
f 294//294 291//291 346//346
f 344//344 282//282 295//295
f 339//339 347//347 340//340
f 341//341 295//295 296//296
f 341//341 344//344 295//295
f 341//341 338//338 344//344
f 339//339 296//296 347//347
f 296//296 297//297 347//347
f 339//339 341//341 296//296
f 323//323 324//324 349//349
f 349//349 348//348 323//323
f 349//349 325//325 350//350
f 324//324 325//325 349//349
f 325//325 326//326 351//351
f 351//351 350//350 325//325
f 366//366 327//327 328//328
f 366//366 328//328 329//329
f 367//367 330//330 331//331
f 353//353 332//332 366//366
f 332//332 327//327 366//366
f 353//353 352//352 332//332
f 352//352 331//331 332//332
f 352//352 367//367 331//331
f 352//352 354//354 367//367
f 354//354 333//333 367//367
f 354//354 334//334 333//333
f 355//355 351//351 367//367
f 351//351 330//330 367//367
f 351//351 326//326 330//330
f 356//356 333//333 335//335
f 356//356 367//367 333//333
f 356//356 355//355 367//367
f 357//357 353//353 368//368
f 353//353 329//329 368//368
f 329//329 336//336 368//368
f 353//353 366//366 329//329
f 358//358 334//334 354//354
f 337//337 334//334 358//358
f 368//368 359//359 357//357
f 361//361 360//360 338//338
f 360//360 368//368 338//338
f 368//368 336//336 338//338
f 359//359 368//368 360//360
f 356//356 337//337 358//358
f 335//335 337//337 356//356
f 362//362 369//369 363//363
f 362//362 340//340 369//369
f 362//362 339//339 340//340
f 362//362 364//364 339//339
f 361//361 341//341 365//365
f 338//338 341//341 361//361
f 341//341 339//339 364//364
f 364//364 365//365 341//341
f 370//370 308//308 371//371
f 307//307 308//308 370//370
f 371//371 309//309 372//372
f 308//308 309//309 371//371
f 373//373 389//389 374//374
f 373//373 390//390 389//389
f 373//373 372//372 390//390
f 372//372 310//310 390//390
f 372//372 309//309 310//310
f 374//374 389//389 375//375
f 375//375 390//390 376//376
f 389//389 390//390 375//375
f 378//378 391//391 377//377
f 390//390 310//310 311//311
f 377//377 391//391 379//379
f 378//378 390//390 391//391
f 390//390 311//311 391//391
f 311//311 312//312 391//391
f 378//378 376//376 390//390
f 380//380 379//379 313//313
f 379//379 391//391 313//313
f 391//391 312//312 313//313
f 348//348 380//380 323//323
f 380//380 313//313 323//323
f 313//313 277//277 323//323
f 290//290 314//314 392//392
f 392//392 346//346 290//290
f 381//381 382//382 315//315
f 382//382 392//392 315//315
f 392//392 314//314 315//315
f 383//383 316//316 392//392
f 316//316 294//294 392//392
f 294//294 346//346 392//392
f 383//383 384//384 316//316
f 383//383 392//392 382//382
f 385//385 340//340 347//347
f 385//385 369//369 340//340
f 385//385 363//363 369//369
f 386//386 297//297 317//317
f 386//386 347//347 297//297
f 386//386 385//385 347//347
f 317//317 318//318 387//387
f 387//387 386//386 317//317
f 388//388 316//316 384//384
f 319//319 316//316 388//388
f 318//318 319//319 388//388
f 388//388 387//387 318//318
f 394//394 393//393 405//405
f 393//393 241//241 405//405
f 393//393 240//240 241//241
f 405//405 241//241 242//242
f 394//394 405//405 395//395
f 396//396 395//395 243//243
f 395//395 405//405 243//243
f 405//405 242//242 243//243
f 398//398 406//406 397//397
f 400//400 244//244 399//399
f 245//245 244//244 400//400
f 398//398 244//244 406//406
f 244//244 246//246 406//406
f 398//398 399//399 244//244
f 370//370 396//396 307//307
f 396//396 243//243 307//307
f 243//243 320//320 307//307
f 243//243 227//227 320//320
f 248//248 247//247 401//401
f 401//401 402//402 248//248
f 402//402 403//403 248//248
f 403//403 232//232 248//248
f 403//403 321//321 232//232
f 381//381 321//321 403//403
f 315//315 321//321 381//381
f 249//249 245//245 400//400
f 400//400 404//404 249//249
f 401//401 249//249 404//404
f 247//247 249//249 401//401
f 445//445 349//349 446//446
f 348//348 349//349 445//445
f 349//349 350//350 447//447
f 447//447 446//446 349//349
f 447//447 351//351 448//448
f 350//350 351//351 447//447
f 460//460 352//352 353//353
f 354//354 352//352 460//460
f 351//351 355//355 449//449
f 449//449 448//448 351//351
f 450//450 355//355 461//461
f 355//355 356//356 461//461
f 450//450 449//449 355//355
f 450//450 461//461 451//451
f 460//460 353//353 357//357
f 359//359 354//354 357//357
f 354//354 460//460 357//357
f 359//359 358//358 354//354
f 359//359 462//462 358//358
f 463//463 360//360 361//361
f 453//453 462//462 463//463
f 462//462 359//359 463//463
f 359//359 360//360 463//463
f 453//453 452//452 462//462
f 462//462 356//356 358//358
f 462//462 461//461 356//356
f 462//462 464//464 461//461
f 461//461 464//464 454//454
f 454//454 451//451 461//461
f 464//464 462//462 452//452
f 452//452 455//455 464//464
f 454//454 464//464 455//455
f 465//465 362//362 363//363
f 457//457 362//362 465//465
f 457//457 364//364 362//362
f 457//457 456//456 364//364
f 459//459 458//458 365//365
f 458//458 361//361 365//365
f 458//458 463//463 361//361
f 453//453 463//463 458//458
f 459//459 364//364 456//456
f 365//365 364//364 459//459
f 466//466 446//446 467//467
f 445//445 446//446 466//466
f 446//446 447//447 468//468
f 468//468 467//467 446//446
f 468//468 448//448 469//469
f 447//447 448//448 468//468
f 470//470 483//483 471//471
f 472//472 448//448 484//484
f 448//448 449//449 484//484
f 472//472 469//469 448//448
f 472//472 484//484 473//473
f 484//484 449//449 450//450
f 474//474 473//473 485//485
f 473//473 451//451 485//485
f 473//473 484//484 451//451
f 484//484 450//450 451//451
f 475//475 483//483 470//470
f 486//486 483//483 475//475
f 475//475 476//476 486//486
f 476//476 487//487 486//486
f 487//487 453//453 486//486
f 487//487 452//452 453//453
f 488//488 451//451 454//454
f 485//485 451//451 488//488
f 455//455 452//452 487//487
f 487//487 489//489 455//455
f 489//489 490//490 455//455
f 490//490 454//454 455//455
f 490//490 488//488 454//454
f 471//471 491//491 477//477
f 483//483 491//491 471//471
f 478//478 456//456 492//492
f 456//456 457//457 492//492
f 478//478 491//491 456//456
f 478//478 477//477 491//491
f 459//459 483//483 458//458
f 483//483 486//486 458//458
f 459//459 491//491 483//483
f 493//493 487//487 476//476
f 476//476 479//479 493//493
f 486//486 453//453 458//458
f 492//492 494//494 480//480
f 480//480 478//478 492//492
f 491//491 459//459 456//456
f 481//481 493//493 479//479
f 482//482 480//480 494//494
f 495//495 371//371 496//496
f 370//370 371//371 495//495
f 496//496 372//372 497//497
f 371//371 372//372 496//496
f 507//507 373//373 374//374
f 498//498 372//372 508//508
f 372//372 373//373 508//508
f 373//373 507//507 508//508
f 498//498 497//497 372//372
f 507//507 374//374 375//375
f 507//507 375//375 376//376
f 376//376 508//508 507//507
f 499//499 498//498 377//377
f 498//498 378//378 377//377
f 498//498 508//508 378//378
f 500//500 499//499 509//509
f 499//499 377//377 509//509
f 377//377 379//379 509//509
f 500//500 509//509 501//501
f 376//376 378//378 508//508
f 509//509 379//379 380//380
f 466//466 501//501 445//445
f 501//501 509//509 445//445
f 509//509 380//380 445//445
f 380//380 348//348 445//445
f 474//474 485//485 502//502
f 382//382 381//381 510//510
f 503//503 384//384 383//383
f 503//503 490//490 384//384
f 503//503 488//488 490//490
f 503//503 502//502 488//488
f 502//502 485//485 488//488
f 504//504 503//503 510//510
f 503//503 382//382 510//510
f 503//503 383//383 382//382
f 385//385 465//465 363//363
f 385//385 457//457 465//465
f 385//385 492//492 457//457
f 481//481 505//505 493//493
f 505//505 489//489 493//493
f 489//489 487//487 493//493
f 505//505 511//511 489//489
f 511//511 490//490 489//489
f 506//506 494//494 386//386
f 494//494 385//385 386//386
f 494//494 492//492 385//385
f 506//506 482//482 494//494
f 505//505 387//387 511//511
f 505//505 386//386 387//387
f 505//505 506//506 386//386
f 384//384 490//490 511//511
f 511//511 388//388 384//384
f 387//387 388//388 511//511
f 495//495 496//496 513//513
f 513//513 512//512 495//495
f 514//514 513//513 546//546
f 513//513 497//497 546//546
f 513//513 496//496 497//497
f 546//546 497//497 498//498
f 516//516 547//547 515//515
f 548//548 547//547 516//516
f 517//517 548//548 516//516
f 518//518 548//548 519//519
f 547//547 548//548 518//518
f 519//519 548//548 517//517
f 514//514 546//546 520//520
f 521//521 520//520 499//499
f 520//520 546//546 499//499
f 546//546 498//498 499//499
f 499//499 500//500 522//522
f 522//522 521//521 499//499
f 522//522 501//501 523//523
f 500//500 501//501 522//522
f 524//524 523//523 549//549
f 523//523 501//501 549//549
f 501//501 466//466 549//549
f 524//524 549//549 525//525
f 527//527 549//549 550//550
f 549//549 467//467 550//550
f 549//549 466//466 467//467
f 527//527 526//526 549//549
f 529//529 551//551 528//528
f 550//550 468//468 469//469
f 467//467 468//468 550//550
f 549//549 526//526 525//525
f 552//552 470//470 471//471
f 527//527 550//550 530//530
f 529//529 472//472 551//551
f 472//472 473//473 551//551
f 473//473 474//474 551//551
f 529//529 550//550 472//472
f 550//550 469//469 472//472
f 529//529 530//530 550//550
f 476//476 470//470 552//552
f 475//475 470//470 476//476
f 528//528 551//551 531//531
f 532//532 474//474 502//502
f 532//532 551//551 474//474
f 532//532 531//531 551//551
f 532//532 503//503 533//533
f 502//502 503//503 532//532
f 534//534 504//504 553//553
f 534//534 503//503 504//504
f 534//534 533//533 503//503
f 552//552 477//477 478//478
f 471//471 477//477 552//552
f 482//482 476//476 480//480
f 476//476 552//552 480//480
f 552//552 478//478 480//480
f 482//482 479//479 476//476
f 482//482 481//481 479//479
f 482//482 554//554 481//481
f 536//536 555//555 554//554
f 555//555 505//505 554//554
f 505//505 481//481 554//554
f 536//536 535//535 555//555
f 554//554 482//482 506//506
f 537//537 536//536 555//555
f 536//536 554//554 555//555
f 554//554 505//505 555//555
f 554//554 506//506 505//505
f 556//556 555//555 535//535
f 535//535 538//538 556//556
f 539//539 534//534 553//553
f 539//539 540//540 534//534
f 540//540 538//538 534//534
f 540//540 556//556 538//538
f 555//555 556//556 541//541
f 541//541 537//537 555//555
f 541//541 556//556 540//540
f 393//393 394//394 558//558
f 558//558 557//557 393//393
f 559//559 558//558 568//568
f 558//558 395//395 568//568
f 558//558 394//394 395//395
f 568//568 395//395 396//396
f 561//561 397//397 560//560
f 398//398 397//397 561//561
f 563//563 399//399 562//562
f 400//400 399//399 563//563
f 399//399 398//398 561//561
f 561//561 562//562 399//399
f 559//559 568//568 564//564
f 512//512 564//564 495//495
f 564//564 568//568 495//495
f 568//568 370//370 495//495
f 568//568 396//396 370//370
f 518//518 515//515 547//547
f 566//566 401//401 565//565
f 402//402 401//401 566//566
f 403//403 402//402 566//566
f 566//566 544//544 403//403
f 543//543 510//510 542//542
f 510//510 403//403 542//542
f 403//403 544//544 542//542
f 510//510 381//381 403//403
f 543//543 504//504 510//510
f 543//543 553//553 504//504
f 543//543 545//545 553//553
f 404//404 400//400 563//563
f 563//563 567//567 404//404
f 401//401 404//404 567//567
f 567//567 565//565 401//401
f 539//539 553//553 545//545
f 516//516 515//515 596//596
f 596//596 597//597 516//516
f 517//517 516//516 597//597
f 596//596 518//518 519//519
f 519//519 597//597 596//596
f 519//519 517//517 597//597
f 569//569 520//520 570//570
f 514//514 520//520 569//569
f 520//520 521//521 571//571
f 571//571 570//570 520//520
f 521//521 522//522 572//572
f 572//572 571//571 521//521
f 572//572 523//523 573//573
f 522//522 523//523 572//572
f 574//574 523//523 598//598
f 523//523 524//524 598//598
f 574//574 573//573 523//523
f 598//598 524//524 525//525
f 575//575 598//598 527//527
f 598//598 526//526 527//527
f 575//575 574//574 598//598
f 529//529 528//528 599//599
f 525//525 526//526 598//598
f 576//576 600//600 577//577
f 577//577 600//600 578//578
f 579//579 527//527 530//530
f 579//579 575//575 527//527
f 579//579 576//576 575//575
f 579//579 580//580 576//576
f 580//580 600//600 576//576
f 581//581 530//530 601//601
f 530//530 529//529 601//601
f 529//529 599//599 601//601
f 581//581 579//579 530//530
f 578//578 600//600 580//580
f 601//601 602//602 582//582
f 582//582 581//581 601//601
f 599//599 528//528 531//531
f 599//599 531//531 532//532
f 532//532 601//601 599//599
f 603//603 602//602 533//533
f 602//602 532//532 533//533
f 602//602 601//601 532//532
f 603//603 533//533 534//534
f 543//543 542//542 583//583
f 583//583 584//584 543//543
f 583//583 544//544 585//585
f 542//542 544//544 583//583
f 584//584 586//586 543//543
f 586//586 604//604 543//543
f 604//604 545//545 543//543
f 587//587 604//604 586//586
f 588//588 535//535 605//605
f 535//535 536//536 605//605
f 588//588 582//582 535//535
f 582//582 602//602 535//535
f 605//605 536//536 537//537
f 588//588 605//605 589//589
f 538//538 602//602 603//603
f 535//535 602//602 538//538
f 540//540 539//539 590//590
f 590//590 591//591 540//540
f 534//534 538//538 603//603
f 592//592 589//589 606//606
f 589//589 541//541 606//606
f 589//589 605//605 541//541
f 605//605 537//537 541//541
f 591//591 541//541 540//540
f 591//591 606//606 541//541
f 591//591 593//593 606//606
f 594//594 590//590 604//604
f 590//590 545//545 604//604
f 590//590 539//539 545//545
f 594//594 604//604 587//587
f 592//592 606//606 595//595
f 595//595 606//606 593//593
f 569//569 570//570 608//608
f 608//608 607//607 569//569
f 608//608 571//571 609//609
f 570//570 571//571 608//608
f 609//609 572//572 610//610
f 571//571 572//572 609//609
f 610//610 573//573 611//611
f 572//572 573//573 610//610
f 612//612 573//573 636//636
f 573//573 574//574 636//636
f 612//612 611//611 573//573
f 612//612 637//637 613//613
f 636//636 637//637 612//612
f 638//638 574//574 575//575
f 636//636 574//574 638//638
f 615//615 636//636 638//638
f 615//615 614//614 636//636
f 614//614 637//637 636//636
f 639//639 576//576 577//577
f 639//639 577//577 578//578
f 617//617 576//576 639//639
f 617//617 575//575 576//576
f 617//617 638//638 575//575
f 617//617 616//616 638//638
f 580//580 579//579 640//640
f 615//615 638//638 616//616
f 640//640 579//579 581//581
f 618//618 640//640 641//641
f 618//618 617//617 640//640
f 617//617 580//580 640//640
f 617//617 639//639 580//580
f 639//639 578//578 580//580
f 640//640 581//581 582//582
f 582//582 641//641 640//640
f 613//613 637//637 619//619
f 619//619 637//637 614//614
f 621//621 642//642 620//620
f 584//584 583//583 622//622
f 622//622 623//623 584//584
f 622//622 585//585 624//624
f 583//583 585//585 622//622
f 623//623 586//586 584//584
f 623//623 643//643 586//586
f 623//623 620//620 643//643
f 620//620 642//642 643//643
f 587//587 586//586 643//643
f 618//618 641//641 625//625
f 626//626 641//641 644//644
f 641//641 588//588 644//644
f 641//641 582//582 588//588
f 626//626 625//625 641//641
f 626//626 644//644 627//627
f 644//644 588//588 589//589
f 628//628 642//642 621//621
f 645//645 591//591 590//590
f 629//629 627//627 592//592
f 627//627 644//644 592//592
f 644//644 589//589 592//592
f 630//630 631//631 645//645
f 631//631 593//593 645//645
f 593//593 591//591 645//645
f 628//628 590//590 642//642
f 590//590 594//594 642//642
f 594//594 643//643 642//642
f 628//628 645//645 590//590
f 628//628 632//632 645//645
f 594//594 587//587 643//643
f 630//630 645//645 632//632
f 592//592 595//595 633//633
f 633//633 629//629 592//592
f 595//595 593//593 631//631
f 631//631 633//633 595//595
f 557//557 558//558 647//647
f 647//647 646//646 557//557
f 558//558 559//559 648//648
f 648//648 647//647 558//558
f 650//650 657//657 649//649
f 651//651 649//649 560//560
f 649//649 657//657 560//560
f 657//657 561//561 560//560
f 650//650 563//563 657//657
f 563//563 562//562 657//657
f 650//650 652//652 563//563
f 562//562 561//561 657//657
f 648//648 564//564 653//653
f 559//559 564//564 648//648
f 564//564 512//512 654//654
f 654//654 653//653 564//564
f 607//607 654//654 569//569
f 654//654 512//512 569//569
f 512//512 513//513 569//569
f 513//513 514//514 569//569
f 596//596 515//515 518//518
f 656//656 658//658 655//655
f 656//656 634//634 658//658
f 634//634 565//565 658//658
f 634//634 566//566 565//565
f 635//635 566//566 634//634
f 635//635 585//585 566//566
f 585//585 544//544 566//566
f 635//635 624//624 585//585
f 652//652 655//655 563//563
f 655//655 658//658 563//563
f 658//658 567//567 563//563
f 565//565 567//567 658//658
f 730//730 610//610 611//611
f 696//696 730//730 697//697
f 698//698 611//611 612//612
f 698//698 697//697 611//611
f 697//697 730//730 611//611
f 699//699 698//698 731//731
f 698//698 612//612 731//731
f 612//612 613//613 731//731
f 700//700 732//732 701//701
f 700//700 731//731 732//732
f 731//731 614//614 732//732
f 614//614 615//615 732//732
f 700//700 699//699 731//731
f 702//702 733//733 703//703
f 704//704 701//701 617//617
f 701//701 732//732 617//617
f 732//732 616//616 617//617
f 732//732 615//615 616//616
f 702//702 617//617 733//733
f 617//617 618//618 733//733
f 702//702 704//704 617//617
f 731//731 613//613 619//619
f 731//731 619//619 614//614
f 635//635 634//634 705//705
f 705//705 706//706 635//635
f 707//707 635//635 706//706
f 624//624 635//635 707//707
f 621//621 620//620 734//734
f 709//709 622//622 708//708
f 623//623 622//622 709//709
f 707//707 708//708 624//624
f 708//708 622//622 624//624
f 707//707 711//711 708//708
f 707//707 710//710 711//711
f 710//710 735//735 711//711
f 709//709 712//712 623//623
f 712//712 736//736 623//623
f 736//736 620//620 623//623
f 736//736 734//734 620//620
f 712//712 711//711 736//736
f 711//711 735//735 736//736
f 735//735 737//737 736//736
f 713//713 735//735 710//710
f 737//737 735//735 713//713
f 713//713 714//714 737//737
f 703//703 733//733 715//715
f 716//716 618//618 625//625
f 716//716 733//733 618//618
f 716//716 715//715 733//733
f 716//716 626//626 717//717
f 625//625 626//626 716//716
f 626//626 627//627 718//718
f 718//718 717//717 626//626
f 628//628 621//621 734//734
f 719//719 718//718 738//738
f 718//718 629//629 738//738
f 718//718 627//627 629//629
f 720//720 631//631 630//630
f 720//720 738//738 631//631
f 720//720 719//719 738//738
f 739//739 632//632 736//736
f 632//632 628//628 736//736
f 628//628 734//734 736//736
f 739//739 737//737 740//740
f 736//736 737//737 739//739
f 721//721 632//632 739//739
f 721//721 720//720 632//632
f 720//720 630//630 632//632
f 739//739 740//740 722//722
f 722//722 721//721 739//739
f 738//738 629//629 633//633
f 723//723 741//741 724//724
f 633//633 631//631 738//738
f 724//724 741//741 725//725
f 726//726 741//741 723//723
f 742//742 741//741 726//726
f 727//727 742//742 726//726
f 725//725 742//742 728//728
f 741//741 742//742 725//725
f 728//728 742//742 727//727
f 740//740 737//737 714//714
f 714//714 729//729 740//740
f 722//722 740//740 729//729
f 744//744 792//792 743//743
f 743//743 793//793 745//745
f 792//792 793//793 743//743
f 745//745 793//793 746//746
f 747//747 794//794 748//748
f 749//749 697//697 795//795
f 749//749 794//794 697//697
f 794//794 696//696 697//697
f 749//749 748//748 794//794
f 749//749 796//796 750//750
f 795//795 796//796 749//749
f 751//751 792//792 744//744
f 795//795 697//697 698//698
f 698//698 797//797 795//795
f 752//752 792//792 751//751
f 793//793 792//792 752//752
f 797//797 698//698 699//699
f 701//701 795//795 700//700
f 795//795 797//797 700//700
f 701//701 796//796 795//795
f 797//797 699//699 700//700
f 750//750 798//798 753//753
f 796//796 798//798 750//750
f 754//754 702//702 703//703
f 754//754 798//798 702//702
f 754//754 753//753 798//798
f 796//796 701//701 704//704
f 704//704 798//798 796//796
f 798//798 704//704 702//702
f 746//746 793//793 752//752
f 756//756 705//705 755//755
f 706//706 705//705 756//756
f 707//707 706//706 756//756
f 756//756 757//757 707//707
f 759//759 708//708 758//758
f 709//709 708//708 759//759
f 710//710 707//707 757//757
f 757//757 760//760 710//710
f 711//711 761//761 758//758
f 758//758 708//708 711//711
f 762//762 709//709 759//759
f 712//712 709//709 762//762
f 761//761 712//712 762//762
f 711//711 712//712 761//761
f 763//763 710//710 760//760
f 713//713 710//710 763//763
f 763//763 764//764 713//713
f 764//764 799//799 713//713
f 799//799 714//714 713//713
f 765//765 799//799 764//764
f 766//766 754//754 800//800
f 754//754 715//715 800//800
f 754//754 703//703 715//715
f 800//800 801//801 767//767
f 767//767 766//766 800//800
f 715//715 716//716 802//802
f 802//802 800//800 715//715
f 802//802 716//716 717//717
f 768//768 800//800 802//802
f 768//768 769//769 800//800
f 769//769 801//801 800//800
f 770//770 718//718 803//803
f 770//770 802//802 718//718
f 802//802 717//717 718//718
f 770//770 768//768 802//802
f 771//771 801//801 769//769
f 770//770 803//803 772//772
f 803//803 719//719 804//804
f 718//718 719//719 803//803
f 773//773 774//774 720//720
f 774//774 804//804 720//720
f 804//804 719//719 720//720
f 720//720 721//721 775//775
f 775//775 773//773 720//720
f 776//776 722//722 805//805
f 776//776 721//721 722//722
f 776//776 775//775 721//721
f 772//772 804//804 777//777
f 803//803 804//804 772//772
f 774//774 777//777 804//804
f 774//774 779//779 777//777
f 774//774 778//778 779//779
f 778//778 724//724 779//779
f 778//778 723//723 724//724
f 779//779 725//725 780//780
f 724//724 725//725 779//779
f 778//778 781//781 723//723
f 781//781 726//726 723//723
f 781//781 806//806 726//726
f 776//776 805//805 782//782
f 806//806 727//727 726//726
f 781//781 728//728 806//806
f 781//781 725//725 728//728
f 781//781 780//780 725//725
f 728//728 727//727 806//806
f 729//729 799//799 807//807
f 714//714 799//799 729//729
f 765//765 807//807 799//799
f 765//765 783//783 807//807
f 783//783 808//808 807//807
f 809//809 729//729 807//807
f 809//809 722//722 729//729
f 809//809 805//805 722//722
f 807//807 808//808 810//810
f 810//810 809//809 807//807
f 784//784 809//809 811//811
f 784//784 782//782 809//809
f 782//782 805//805 809//809
f 785//785 809//809 810//810
f 785//785 786//786 809//809
f 786//786 811//811 809//809
f 784//784 811//811 787//787
f 787//787 811//811 786//786
f 788//788 789//789 825//825
f 825//825 824//824 788//788
f 826//826 825//825 853//853
f 825//825 790//790 853//853
f 825//825 789//789 790//790
f 790//790 791//791 854//854
f 854//854 853//853 790//790
f 826//826 853//853 827//827
f 853//853 854//854 828//828
f 828//828 827//827 853//853
f 854//854 791//791 747//747
f 829//829 828//828 855//855
f 828//828 854//854 855//855
f 854//854 747//747 855//855
f 747//747 748//748 855//855
f 855//855 748//748 749//749
f 829//829 855//855 830//830
f 831//831 830//830 856//856
f 830//830 855//855 856//856
f 855//855 749//749 856//856
f 749//749 750//750 856//856
f 751//751 744//744 857//857
f 752//752 857//857 858//858
f 751//751 857//857 752//752
f 831//831 859//859 832//832
f 856//856 859//859 831//831
f 832//832 859//859 833//833
f 835//835 856//856 753//753
f 856//856 750//750 753//753
f 835//835 834//834 856//856
f 753//753 754//754 836//836
f 836//836 835//835 753//753
f 859//859 856//856 834//834
f 834//834 837//837 859//859
f 833//833 859//859 837//837
f 858//858 746//746 752//752
f 839//839 755//755 838//838
f 756//756 755//755 839//839
f 839//839 840//840 756//756
f 840//840 757//757 756//756
f 840//840 860//860 757//757
f 759//759 758//758 861//861
f 861//861 758//758 761//761
f 860//860 760//760 757//757
f 762//762 759//759 861//861
f 861//861 761//761 762//762
f 774//774 773//773 862//862
f 773//773 775//775 863//863
f 863//863 862//862 773//773
f 863//863 775//775 776//776
f 772//772 777//777 865//865
f 865//865 864//864 772//772
f 865//865 777//777 779//779
f 862//862 778//778 774//774
f 864//864 865//865 842//842
f 842//842 841//841 864//864
f 843//843 842//842 780//780
f 842//842 865//865 780//780
f 865//865 779//779 780//780
f 844//844 781//781 863//863
f 781//781 862//862 863//863
f 781//781 778//778 862//862
f 844//844 845//845 781//781
f 846//846 782//782 866//866
f 846//846 776//776 782//782
f 846//846 863//863 776//776
f 846//846 844//844 863//863
f 843//843 781//781 845//845
f 780//780 781//781 843//843
f 846//846 866//866 847//847
f 783//783 765//765 867//867
f 849//849 868//868 848//848
f 848//848 868//868 850//850
f 851//851 868//868 849//849
f 869//869 868//868 851//851
f 782//782 784//784 866//866
f 852//852 786//786 785//785
f 852//852 869//869 786//786
f 852//852 850//850 869//869
f 850//850 868//868 869//869
f 851//851 784//784 869//869
f 784//784 787//787 869//869
f 851//851 866//866 784//784
f 851//851 847//847 866//866
f 787//787 786//786 869//869
f 824//824 825//825 871//871
f 871//871 870//870 824//824
f 825//825 826//826 872//872
f 872//872 871//871 825//825
f 873//873 872//872 894//894
f 872//872 827//827 894//894
f 872//872 826//826 827//827
f 894//894 828//828 895//895
f 827//827 828//828 894//894
f 873//873 894//894 874//874
f 875//875 895//895 896//896
f 875//875 874//874 895//895
f 874//874 894//894 895//895
f 875//875 896//896 876//876
f 895//895 828//828 829//829
f 897//897 895//895 830//830
f 895//895 829//829 830//830
f 897//897 896//896 895//895
f 877//877 878//878 831//831
f 878//878 897//897 831//831
f 897//897 830//830 831//831
f 879//879 831//831 898//898
f 831//831 832//832 898//898
f 879//879 877//877 831//831
f 898//898 832//832 833//833
f 876//876 897//897 880//880
f 896//896 897//897 876//876
f 878//878 880//880 897//897
f 878//878 882//882 880//880
f 878//878 881//881 882//882
f 881//881 835//835 882//882
f 881//881 834//834 835//835
f 835//835 836//836 883//883
f 883//883 882//882 835//835
f 881//881 879//879 834//834
f 879//879 898//898 834//834
f 898//898 837//837 834//834
f 898//898 833//833 837//837
f 884//884 899//899 838//838
f 899//899 839//839 838//838
f 884//884 885//885 899//899
f 840//840 839//839 899//899
f 886//886 887//887 842//842
f 887//887 900//900 842//842
f 900//900 841//841 842//842
f 886//886 843//843 888//888
f 842//842 843//843 886//886
f 845//845 844//844 901//901
f 901//901 844//844 846//846
f 889//889 845//845 901//901
f 889//889 843//843 845//845
f 889//889 888//888 843//843
f 890//890 846//846 847//847
f 890//890 901//901 846//846
f 890//890 889//889 901//901
f 849//849 848//848 902//902
f 902//902 848//848 850//850
f 891//891 851//851 902//902
f 851//851 849//849 902//902
f 891//891 892//892 851//851
f 893//893 850//850 852//852
f 893//893 891//891 850//850
f 891//891 902//902 850//850
f 890//890 851//851 892//892
f 847//847 851//851 890//890
f 812//812 813//813 904//904
f 904//904 903//903 812//812
f 813//813 814//814 905//905
f 905//905 904//904 813//813
f 907//907 815//815 906//906
f 816//816 815//815 907//907
f 909//909 817//817 908//908
f 818//818 817//817 909//909
f 908//908 819//819 910//910
f 817//817 819//819 908//908
f 815//815 818//818 909//909
f 909//909 906//906 815//815
f 814//814 820//820 911//911
f 911//911 905//905 814//814
f 870//870 911//911 824//824
f 911//911 820//820 824//824
f 820//820 788//788 824//824
f 858//858 743//743 745//745
f 858//858 857//857 743//743
f 857//857 744//744 743//743
f 912//912 816//816 907//907
f 821//821 816//816 912//912
f 858//858 745//745 746//746
f 912//912 838//838 821//821
f 838//838 755//755 821//821
f 912//912 884//884 838//838
f 885//885 913//913 899//899
f 913//913 840//840 899//899
f 913//913 860//860 840//840
f 913//913 764//764 860//860
f 764//764 763//763 860//860
f 763//763 760//760 860//860
f 913//913 914//914 764//764
f 914//914 867//867 764//764
f 867//867 765//765 764//764
f 915//915 867//867 914//914
f 916//916 766//766 767//767
f 916//916 836//836 766//766
f 836//836 754//754 766//766
f 916//916 883//883 836//836
f 770//770 769//769 768//768
f 767//767 771//771 917//917
f 917//917 916//916 767//767
f 918//918 841//841 900//900
f 918//918 917//917 841//841
f 917//917 864//864 841//841
f 917//917 769//769 864//864
f 769//769 770//770 864//864
f 770//770 772//772 864//864
f 917//917 771//771 769//769
f 918//918 900//900 919//919
f 919//919 900//900 887//887
f 915//915 920//920 867//867
f 920//920 783//783 867//867
f 920//920 822//822 783//783
f 920//920 852//852 822//822
f 852//852 785//785 822//822
f 920//920 893//893 852//852
f 966//966 871//871 978//978
f 966//966 965//965 871//871
f 965//965 870//870 871//871
f 966//966 978//978 967//967
f 978//978 871//871 872//872
f 872//872 979//979 978//978
f 967//967 979//979 968//968
f 978//978 979//979 967//967
f 979//979 872//872 873//873
f 873//873 980//980 979//979
f 979//979 980//980 969//969
f 969//969 968//968 979//979
f 980//980 873//873 874//874
f 970//970 969//969 981//981
f 969//969 980//980 981//981
f 980//980 874//874 981//981
f 874//874 875//875 981//981
f 981//981 875//875 876//876
f 970//970 981//981 971//971
f 878//878 877//877 972//972
f 972//972 973//973 878//878
f 974//974 971//971 880//880
f 971//971 981//981 880//880
f 981//981 876//876 880//880
f 881//881 878//878 973//973
f 973//973 975//975 881//881
f 882//882 976//976 974//974
f 974//974 880//880 882//882
f 882//882 883//883 977//977
f 977//977 976//976 882//882
f 1002//1002 965//965 966//966
f 983//983 966//966 967//967
f 983//983 1002//1002 966//966
f 983//983 982//982 1002//1002
f 967//967 968//968 984//984
f 984//984 983//983 967//967
f 985//985 968//968 1003//1003
f 968//968 969//969 1003//1003
f 985//985 984//984 968//968
f 1003//1003 969//969 970//970
f 985//985 1004//1004 986//986
f 1003//1003 1004//1004 985//985
f 986//986 1004//1004 987//987
f 989//989 1003//1003 971//971
f 1003//1003 970//970 971//971
f 989//989 988//988 1003//1003
f 988//988 1004//1004 1003//1003
f 987//987 1004//1004 988//988
f 973//973 972//972 1005//1005
f 971//971 974//974 990//990
f 990//990 989//989 971//971
f 974//974 976//976 991//991
f 991//991 990//990 974//974
f 1005//1005 975//975 973//973
f 991//991 977//977 992//992
f 976//976 977//977 991//991
f 1042//1042 903//903 904//904
f 904//904 1043//1043 1042//1042
f 1042//1042 1043//1043 1008//1008
f 1008//1008 1006//1006 1042//1042
f 1045//1045 904//904 905//905
f 1043//1043 904//904 1045//1045
f 1043//1043 1045//1045 1010//1010
f 1010//1010 1008//1008 1043//1043
f 907//907 906//906 1012//1012
f 1012//1012 1014//1014 907//907
f 909//909 908//908 1015//1015
f 1015//1015 1016//1016 909//909
f 1015//1015 910//910 1017//1017
f 908//908 910//910 1015//1015
f 1012//1012 909//909 1016//1016
f 906//906 909//909 1012//1012
f 1045//1045 905//905 911//911
f 982//982 1010//1010 1002//1002
f 1010//1010 965//965 1002//1002
f 1010//1010 1045//1045 965//965
f 1045//1045 911//911 965//965
f 911//911 870//870 965//965
f 1019//1019 1047//1047 1018//1018
f 1020//1020 1047//1047 1019//1019
f 1018//1018 1048//1048 1021//1021
f 1047//1047 1048//1048 1018//1018
f 1014//1014 912//912 907//907
f 1014//1014 1021//1021 912//912
f 1021//1021 1048//1048 912//912
f 1022//1022 1047//1047 1020//1020
f 1048//1048 1047//1047 1022//1022
f 1022//1022 912//912 1048//1048
f 1022//1022 1023//1023 912//912
f 1023//1023 884//884 912//912
f 1005//1005 877//877 879//879
f 972//972 877//877 1005//1005
f 879//879 881//881 975//975
f 975//975 1005//1005 879//879
f 1024//1024 884//884 1023//1023
f 885//885 884//884 1024//1024
f 1049//1049 1050//1050 1026//1026
f 1026//1026 1025//1025 1049//1049
f 1026//1026 1050//1050 1027//1027
f 1028//1028 885//885 1024//1024
f 913//913 885//885 1028//1028
f 914//914 913//913 1028//1028
f 1028//1028 1029//1029 914//914
f 1030//1030 914//914 1029//1029
f 915//915 914//914 1030//1030
f 1031//1031 977//977 916//916
f 977//977 883//883 916//916
f 1031//1031 992//992 977//977
f 916//916 917//917 1032//1032
f 1032//1032 1031//1031 916//916
f 917//917 918//918 1033//1033
f 1033//1033 1032//1032 917//917
f 887//887 888//888 1051//1051
f 886//886 888//888 887//887
f 1052//1052 889//889 890//890
f 1052//1052 1051//1051 889//889
f 1051//1051 888//888 889//889
f 1033//1033 919//919 1034//1034
f 918//918 919//919 1033//1033
f 1035//1035 887//887 1051//1051
f 1035//1035 1034//1034 887//887
f 1034//1034 919//919 887//887
f 1051//1051 1052//1052 1036//1036
f 1036//1036 1035//1035 1051//1051
f 1030//1030 1037//1037 915//915
f 1037//1037 1053//1053 915//915
f 1053//1053 920//920 915//915
f 1054//1054 891//891 893//893
f 1054//1054 1052//1052 891//891
f 1052//1052 892//892 891//891
f 1052//1052 890//890 892//892
f 1055//1055 1054//1054 1053//1053
f 1054//1054 893//893 1053//1053
f 893//893 920//920 1053//1053
f 1056//1056 1053//1053 1037//1037
f 1037//1037 1038//1038 1056//1056
f 1044//1044 1056//1056 1038//1038
f 1038//1038 1007//1007 1044//1044
f 1053//1053 1056//1056 1057//1057
f 1057//1057 1055//1055 1053//1053
f 994//994 1044//1044 993//993
f 994//994 1056//1056 1044//1044
f 994//994 995//995 1056//1056
f 995//995 1057//1057 1056//1056
f 995//995 996//996 1057//1057
f 1052//1052 1054//1054 997//997
f 997//997 1036//1036 1052//1052
f 999//999 998//998 1055//1055
f 998//998 1054//1054 1055//1055
f 998//998 997//997 1054//1054
f 1001//1001 1000//1000 1057//1057
f 1000//1000 1055//1055 1057//1057
f 1000//1000 999//999 1055//1055
f 1001//1001 1057//1057 996//996
f 1058//1058 1050//1050 922//922
f 1050//1050 921//921 922//922
f 1050//1050 1049//1049 921//921
f 1058//1058 922//922 923//923
f 1039//1039 1058//1058 1059//1059
f 1039//1039 1027//1027 1058//1058
f 1027//1027 1050//1050 1058//1058
f 1060//1060 1059//1059 924//924
f 1059//1059 923//923 924//924
f 1059//1059 1058//1058 923//923
f 1039//1039 1059//1059 1040//1040
f 1041//1041 1040//1040 1061//1061
f 1040//1040 1059//1059 1061//1061
f 1059//1059 1060//1060 1061//1061
f 1061//1061 1046//1046 1011//1011
f 1011//1011 1041//1041 1061//1061
f 982//982 983//983 1063//1063
f 1063//1063 1062//1062 982//982
f 983//983 984//984 1064//1064
f 1064//1064 1063//1063 983//983
f 984//984 985//985 1065//1065
f 1065//1065 1064//1064 984//984
f 1066//1066 1078//1078 1067//1067
f 1068//1068 985//985 1079//1079
f 985//985 986//986 1079//1079
f 1068//1068 1065//1065 985//985
f 1079//1079 986//986 987//987
f 1066//1066 988//988 1078//1078
f 988//988 989//989 1078//1078
f 1066//1066 1068//1068 988//988
f 1068//1068 1079//1079 988//988
f 1079//1079 987//987 988//988
f 994//994 993//993 1080//1080
f 996//996 995//995 1081//1081
f 1069//1069 1070//1070 1080//1080
f 1070//1070 994//994 1080//1080
f 1070//1070 1081//1081 994//994
f 1081//1081 995//995 994//994
f 1071//1071 1072//1072 998//998
f 1072//1072 1082//1082 998//998
f 1082//1082 997//997 998//998
f 1071//1071 999//999 1073//1073
f 998//998 999//999 1071//1071
f 1074//1074 1082//1082 1072//1072
f 1073//1073 1000//1000 1075//1075
f 999//999 1000//1000 1073//1073
f 1000//1000 1001//1001 1076//1076
f 1076//1076 1075//1075 1000//1000
f 1077//1077 1076//1076 1081//1081
f 1076//1076 996//996 1081//1081
f 1076//1076 1001//1001 996//996
f 1077//1077 1081//1081 1070//1070
f 1062//1062 1063//1063 1084//1084
f 1084//1084 1083//1083 1062//1062
f 1085//1085 1064//1064 1111//1111
f 1085//1085 1063//1063 1064//1064
f 1085//1085 1084//1084 1063//1063
f 1087//1087 1086//1086 1112//1112
f 1086//1086 1065//1065 1112//1112
f 1086//1086 1111//1111 1065//1065
f 1111//1111 1064//1064 1065//1065
f 1088//1088 1066//1066 1067//1067
f 1088//1088 1112//1112 1066//1066
f 1088//1088 1087//1087 1112//1112
f 1085//1085 1111//1111 1089//1089
f 1089//1089 1111//1111 1086//1086
f 1112//1112 1065//1065 1068//1068
f 1112//1112 1068//1068 1066//1066
f 1091//1091 1113//1113 1090//1090
f 1090//1090 1113//1113 1092//1092
f 1070//1070 1069//1069 1114//1114
f 1072//1072 1071//1071 1115//1115
f 1093//1093 1094//1094 1073//1073
f 1094//1094 1115//1115 1073//1073
f 1115//1115 1071//1071 1073//1073
f 1095//1095 1072//1072 1115//1115
f 1095//1095 1096//1096 1072//1072
f 1096//1096 1074//1074 1072//1072
f 1096//1096 1116//1116 1074//1074
f 1095//1095 1115//1115 1094//1094
f 1097//1097 1116//1116 1096//1096
f 1091//1091 1093//1093 1113//1113
f 1093//1093 1073//1073 1113//1113
f 1073//1073 1075//1075 1113//1113
f 1098//1098 1075//1075 1117//1117
f 1075//1075 1076//1076 1117//1117
f 1098//1098 1113//1113 1075//1075
f 1098//1098 1092//1092 1113//1113
f 1098//1098 1117//1117 1099//1099
f 1100//1100 1076//1076 1077//1077
f 1100//1100 1117//1117 1076//1076
f 1100//1100 1101//1101 1117//1117
f 1102//1102 1070//1070 1114//1114
f 1102//1102 1100//1100 1070//1070
f 1100//1100 1077//1077 1070//1070
f 1099//1099 1117//1117 1101//1101
f 1152//1152 1006//1006 1008//1008
f 1149//1149 1006//1006 1152//1152
f 1120//1120 1118//1118 1010//1010
f 1118//1118 1008//1008 1010//1010
f 1118//1118 1152//1152 1008//1008
f 1149//1149 1152//1152 1123//1123
f 1123//1123 1121//1121 1149//1149
f 1123//1123 1152//1152 1118//1118
f 1014//1014 1012//1012 1125//1125
f 1125//1125 1126//1126 1014//1014
f 1016//1016 1015//1015 1155//1155
f 1015//1015 1017//1017 1156//1156
f 1156//1156 1155//1155 1015//1015
f 1127//1127 1016//1016 1155//1155
f 1127//1127 1125//1125 1016//1016
f 1125//1125 1012//1012 1016//1016
f 1128//1128 1156//1156 1157//1157
f 1128//1128 1155//1155 1156//1156
f 1128//1128 1127//1127 1155//1155
f 1083//1083 1120//1120 1062//1062
f 1120//1120 1010//1010 1062//1062
f 1010//1010 982//982 1062//1062
f 1088//1088 1078//1078 1129//1129
f 1067//1067 1078//1078 1088//1088
f 1019//1019 1018//1018 1158//1158
f 1020//1020 1019//1019 1158//1158
f 1158//1158 1021//1021 1159//1159
f 1018//1018 1021//1021 1158//1158
f 1126//1126 1130//1130 1014//1014
f 1130//1130 1159//1159 1014//1014
f 1159//1159 1021//1021 1014//1014
f 1020//1020 1158//1158 1159//1159
f 1159//1159 1022//1022 1020//1020
f 1130//1130 1023//1023 1159//1159
f 1023//1023 1022//1022 1159//1159
f 1130//1130 1131//1131 1023//1023
f 1132//1132 991//991 1160//1160
f 991//991 992//992 1160//1160
f 1132//1132 1129//1129 991//991
f 1129//1129 1078//1078 991//991
f 1078//1078 990//990 991//991
f 1078//1078 989//989 990//990
f 1132//1132 1160//1160 1133//1133
f 1024//1024 1023//1023 1131//1131
f 1131//1131 1134//1134 1024//1024
f 1128//1128 1157//1157 1135//1135
f 1136//1136 1135//1135 1162//1162
f 1135//1135 1161//1161 1162//1162
f 1135//1135 1157//1157 1161//1161
f 1162//1162 1025//1025 1026//1026
f 1161//1161 1025//1025 1162//1162
f 1136//1136 1163//1163 1137//1137
f 1162//1162 1163//1163 1136//1136
f 1164//1164 1163//1163 1027//1027
f 1163//1163 1026//1026 1027//1027
f 1163//1163 1162//1162 1026//1026
f 1028//1028 1024//1024 1134//1134
f 1134//1134 1138//1138 1028//1028
f 1138//1138 1029//1029 1028//1028
f 1138//1138 1165//1165 1029//1029
f 1138//1138 1139//1139 1165//1165
f 1030//1030 1029//1029 1165//1165
f 1137//1137 1166//1166 1140//1140
f 1163//1163 1166//1166 1137//1137
f 1163//1163 1164//1164 1167//1167
f 1167//1167 1166//1166 1163//1163
f 1166//1166 1168//1168 1141//1141
f 1141//1141 1140//1140 1166//1166
f 1168//1168 1167//1167 1148//1148
f 1166//1166 1167//1167 1168//1168
f 1143//1143 1142//1142 1031//1031
f 1142//1142 1160//1160 1031//1031
f 1160//1160 992//992 1031//1031
f 1133//1133 1160//1160 1142//1142
f 1143//1143 1032//1032 1144//1144
f 1031//1031 1032//1032 1143//1143
f 1145//1145 1033//1033 1169//1169
f 1145//1145 1144//1144 1033//1033
f 1144//1144 1032//1032 1033//1033
f 1145//1145 1169//1169 1103//1103
f 1169//1169 1033//1033 1034//1034
f 1106//1106 1105//1105 1035//1035
f 1105//1105 1104//1104 1035//1035
f 1104//1104 1034//1034 1035//1035
f 1104//1104 1169//1169 1034//1034
f 1104//1104 1103//1103 1169//1169
f 1107//1107 1035//1035 1170//1170
f 1035//1035 1036//1036 1170//1170
f 1107//1107 1106//1106 1035//1035
f 1107//1107 1170//1170 1109//1109
f 1109//1109 1108//1108 1107//1107
f 1146//1146 1165//1165 1139//1139
f 1146//1146 1147//1147 1165//1165
f 1147//1147 1030//1030 1165//1165
f 1147//1147 1037//1037 1030//1030
f 1147//1147 1141//1141 1037//1037
f 1141//1141 1168//1168 1037//1037
f 1168//1168 1038//1038 1037//1037
f 1038//1038 1168//1168 1148//1148
f 1148//1148 1007//1007 1038//1038
f 1116//1116 1170//1170 1074//1074
f 1170//1170 1082//1082 1074//1074
f 1170//1170 1036//1036 1082//1082
f 1036//1036 997//997 1082//1082
f 1097//1097 1110//1110 1116//1116
f 1110//1110 1170//1170 1116//1116
f 1110//1110 1109//1109 1170//1170
f 1164//1164 1027//1027 1039//1039
f 1171//1171 1167//1167 1040//1040
f 1167//1167 1039//1039 1040//1040
f 1167//1167 1164//1164 1039//1039
f 1171//1171 1040//1040 1041//1041
f 1167//1167 1171//1171 1150//1150
f 1150//1150 1148//1148 1167//1167
f 1150//1150 1041//1041 1011//1011
f 1171//1171 1041//1041 1150//1150
f 1103//1103 1104//1104 1214//1214
f 1214//1214 1213//1213 1103//1103
f 1104//1104 1105//1105 1215//1215
f 1215//1215 1214//1214 1104//1104
f 1216//1216 1215//1215 1237//1237
f 1215//1215 1106//1106 1237//1237
f 1215//1215 1105//1105 1106//1106
f 1237//1237 1106//1106 1107//1107
f 1216//1216 1237//1237 1217//1217
f 1218//1218 1107//1107 1238//1238
f 1107//1107 1108//1108 1238//1238
f 1218//1218 1217//1217 1107//1107
f 1217//1217 1237//1237 1107//1107
f 1108//1108 1109//1109 1239//1239
f 1239//1239 1238//1238 1108//1108
f 1218//1218 1238//1238 1219//1219
f 1238//1238 1239//1239 1220//1220
f 1220//1220 1219//1219 1238//1238
f 1091//1091 1090//1090 1240//1240
f 1240//1240 1090//1090 1092//1092
f 1094//1094 1093//1093 1241//1241
f 1096//1096 1095//1095 1242//1242
f 1243//1243 1094//1094 1241//1241
f 1243//1243 1095//1095 1094//1094
f 1243//1243 1242//1242 1095//1095
f 1239//1239 1110//1110 1244//1244
f 1109//1109 1110//1110 1239//1239
f 1244//1244 1097//1097 1245//1245
f 1110//1110 1097//1097 1244//1244
f 1220//1220 1244//1244 1221//1221
f 1239//1239 1244//1244 1220//1220
f 1244//1244 1245//1245 1222//1222
f 1222//1222 1221//1221 1244//1244
f 1223//1223 1096//1096 1242//1242
f 1223//1223 1245//1245 1096//1096
f 1245//1245 1097//1097 1096//1096
f 1223//1223 1224//1224 1245//1245
f 1225//1225 1243//1243 1246//1246
f 1225//1225 1223//1223 1243//1243
f 1223//1223 1242//1242 1243//1243
f 1222//1222 1245//1245 1224//1224
f 1225//1225 1246//1246 1226//1226
f 1247//1247 1091//1091 1240//1240
f 1247//1247 1241//1241 1091//1091
f 1241//1241 1093//1093 1091//1091
f 1228//1228 1248//1248 1227//1227
f 1247//1247 1092//1092 1098//1098
f 1240//1240 1092//1092 1247//1247
f 1241//1241 1247//1247 1249//1249
f 1249//1249 1243//1243 1241//1241
f 1229//1229 1248//1248 1228//1228
f 1099//1099 1249//1249 1098//1098
f 1249//1249 1247//1247 1098//1098
f 1099//1099 1250//1250 1249//1249
f 1227//1227 1248//1248 1230//1230
f 1251//1251 1101//1101 1100//1100
f 1100//1100 1102//1102 1252//1252
f 1252//1252 1251//1251 1100//1100
f 1231//1231 1099//1099 1251//1251
f 1099//1099 1101//1101 1251//1251
f 1231//1231 1232//1232 1099//1099
f 1232//1232 1250//1250 1099//1099
f 1229//1229 1230//1230 1248//1248
f 1251//1251 1252//1252 1233//1233
f 1233//1233 1231//1231 1251//1251
f 1234//1234 1243//1243 1249//1249
f 1234//1234 1235//1235 1243//1243
f 1235//1235 1246//1246 1243//1243
f 1234//1234 1250//1250 1236//1236
f 1249//1249 1250//1250 1234//1234
f 1226//1226 1246//1246 1235//1235
f 1236//1236 1250//1250 1232//1232
f 1253//1253 1281//1281 1254//1254
f 1255//1255 1213//1213 1282//1282
f 1213//1213 1214//1214 1282//1282
f 1255//1255 1281//1281 1213//1213
f 1255//1255 1254//1254 1281//1281
f 1257//1257 1283//1283 1256//1256
f 1282//1282 1214//1214 1215//1215
f 1282//1282 1284//1284 1258//1258
f 1258//1258 1255//1255 1282//1282
f 1259//1259 1283//1283 1257//1257
f 1215//1215 1216//1216 1284//1284
f 1284//1284 1282//1282 1215//1215
f 1256//1256 1283//1283 1260//1260
f 1260//1260 1283//1283 1259//1259
f 1258//1258 1285//1285 1261//1261
f 1284//1284 1285//1285 1258//1258
f 1286//1286 1285//1285 1217//1217
f 1285//1285 1284//1284 1217//1217
f 1284//1284 1216//1216 1217//1217
f 1285//1285 1287//1287 1262//1262
f 1262//1262 1261//1261 1285//1285
f 1285//1285 1286//1286 1288//1288
f 1288//1288 1287//1287 1285//1285
f 1286//1286 1217//1217 1218//1218
f 1289//1289 1218//1218 1219//1219
f 1289//1289 1288//1288 1218//1218
f 1288//1288 1286//1286 1218//1218
f 1219//1219 1220//1220 1290//1290
f 1290//1290 1289//1289 1219//1219
f 1220//1220 1221//1221 1291//1291
f 1291//1291 1290//1290 1220//1220
f 1221//1221 1222//1222 1292//1292
f 1292//1292 1291//1291 1221//1221
f 1224//1224 1223//1223 1293//1293
f 1293//1293 1223//1223 1225//1225
f 1294//1294 1222//1222 1293//1293
f 1222//1222 1224//1224 1293//1293
f 1294//1294 1292//1292 1222//1222
f 1295//1295 1294//1294 1226//1226
f 1294//1294 1293//1293 1226//1226
f 1293//1293 1225//1225 1226//1226
f 1228//1228 1227//1227 1296//1296
f 1229//1229 1228//1228 1296//1296
f 1296//1296 1227//1227 1230//1230
f 1232//1232 1231//1231 1297//1297
f 1230//1230 1229//1229 1296//1296
f 1297//1297 1233//1233 1298//1298
f 1231//1231 1233//1233 1297//1297
f 1235//1235 1234//1234 1299//1299
f 1299//1299 1236//1236 1300//1300
f 1234//1234 1236//1236 1299//1299
f 1301//1301 1295//1295 1299//1299
f 1295//1295 1235//1235 1299//1299
f 1295//1295 1226//1226 1235//1235
f 1299//1299 1300//1300 1302//1302
f 1302//1302 1301//1301 1299//1299
f 1303//1303 1300//1300 1297//1297
f 1300//1300 1236//1236 1297//1297
f 1236//1236 1232//1232 1297//1297
f 1263//1263 1297//1297 1298//1298
f 1263//1263 1264//1264 1297//1297
f 1264//1264 1303//1303 1297//1297
f 1265//1265 1300//1300 1303//1303
f 1265//1265 1266//1266 1300//1300
f 1266//1266 1302//1302 1300//1300
f 1265//1265 1303//1303 1264//1264
f 1262//1262 1287//1287 1267//1267
f 1287//1287 1288//1288 1268//1268
f 1268//1268 1267//1267 1287//1287
f 1288//1288 1289//1289 1269//1269
f 1269//1269 1268//1268 1288//1288
f 1289//1289 1290//1290 1270//1270
f 1270//1270 1269//1269 1289//1289
f 1270//1270 1291//1291 1271//1271
f 1290//1290 1291//1291 1270//1270
f 1271//1271 1292//1292 1272//1272
f 1291//1291 1292//1292 1271//1271
f 1273//1273 1294//1294 1304//1304
f 1273//1273 1272//1272 1294//1294
f 1272//1272 1292//1292 1294//1294
f 1274//1274 1275//1275 1295//1295
f 1275//1275 1304//1304 1295//1295
f 1304//1304 1294//1294 1295//1295
f 1273//1273 1305//1305 1276//1276
f 1304//1304 1305//1305 1273//1273
f 1277//1277 1304//1304 1275//1275
f 1305//1305 1304//1304 1277//1277
f 1274//1274 1301//1301 1278//1278
f 1295//1295 1301//1301 1274//1274
f 1301//1301 1302//1302 1279//1279
f 1279//1279 1278//1278 1301//1301
f 1365//1365 1378//1378 1379//1379
f 1365//1365 1364//1364 1378//1378
f 1364//1364 1377//1377 1378//1378
f 1380//1380 1253//1253 1254//1254
f 1380//1380 1378//1378 1253//1253
f 1380//1380 1379//1379 1378//1378
f 1365//1365 1381//1381 1366//1366
f 1379//1379 1381//1381 1365//1365
f 1381//1381 1380//1380 1382//1382
f 1379//1379 1380//1380 1381//1381
f 1381//1381 1383//1383 1367//1367
f 1367//1367 1366//1366 1381//1381
f 1383//1383 1382//1382 1384//1384
f 1381//1381 1382//1382 1383//1383
f 1367//1367 1383//1383 1368//1368
f 1369//1369 1384//1384 1385//1385
f 1369//1369 1368//1368 1384//1384
f 1368//1368 1383//1383 1384//1384
f 1380//1380 1254//1254 1255//1255
f 1257//1257 1256//1256 1386//1386
f 1382//1382 1255//1255 1258//1258
f 1380//1380 1255//1255 1382//1382
f 1259//1259 1257//1257 1386//1386
f 1386//1386 1256//1256 1260//1260
f 1386//1386 1260//1260 1259//1259
f 1382//1382 1258//1258 1261//1261
f 1261//1261 1384//1384 1382//1382
f 1385//1385 1261//1261 1262//1262
f 1384//1384 1261//1261 1385//1385
f 1371//1371 1387//1387 1370//1370
f 1369//1369 1385//1385 1352//1352
f 1355//1355 1354//1354 1267//1267
f 1354//1354 1262//1262 1267//1267
f 1354//1354 1385//1385 1262//1262
f 1354//1354 1353//1353 1385//1385
f 1353//1353 1352//1352 1385//1385
f 1357//1357 1356//1356 1388//1388
f 1356//1356 1268//1268 1388//1388
f 1356//1356 1267//1267 1268//1268
f 1356//1356 1355//1355 1267//1267
f 1357//1357 1388//1388 1358//1358
f 1361//1361 1359//1359 1269//1269
f 1359//1359 1268//1268 1269//1269
f 1359//1359 1388//1388 1268//1268
f 1359//1359 1360//1360 1388//1388
f 1363//1363 1362//1362 1270//1270
f 1362//1362 1269//1269 1270//1270
f 1362//1362 1361//1361 1269//1269
f 1358//1358 1388//1388 1360//1360
f 1363//1363 1271//1271 1372//1372
f 1270//1270 1271//1271 1363//1363
f 1372//1372 1272//1272 1373//1373
f 1271//1271 1272//1272 1372//1372
f 1374//1374 1373//1373 1389//1389
f 1373//1373 1273//1273 1389//1389
f 1373//1373 1272//1272 1273//1273
f 1375//1375 1275//1275 1274//1274
f 1375//1375 1389//1389 1275//1275
f 1375//1375 1374//1374 1389//1389
f 1389//1389 1273//1273 1276//1276
f 1276//1276 1390//1390 1389//1389
f 1275//1275 1389//1389 1390//1390
f 1390//1390 1277//1277 1275//1275
f 1390//1390 1276//1276 1280//1280
f 1280//1280 1277//1277 1390//1390
f 1274//1274 1278//1278 1376//1376
f 1376//1376 1375//1375 1274//1274
f 1371//1371 1376//1376 1387//1387
f 1376//1376 1278//1278 1387//1387
f 1278//1278 1279//1279 1387//1387
f 1391//1391 1353//1353 1392//1392
f 1352//1352 1353//1353 1391//1391
f 1353//1353 1354//1354 1393//1393
f 1393//1393 1392//1392 1353//1353
f 1393//1393 1355//1355 1394//1394
f 1354//1354 1355//1355 1393//1393
f 1355//1355 1356//1356 1395//1395
f 1395//1395 1394//1394 1355//1355
f 1396//1396 1356//1356 1401//1401
f 1356//1356 1357//1357 1401//1401
f 1396//1396 1395//1395 1356//1356
f 1401//1401 1357//1357 1358//1358
f 1397//1397 1396//1396 1359//1359
f 1396//1396 1401//1401 1359//1359
f 1401//1401 1360//1360 1359//1359
f 1359//1359 1361//1361 1398//1398
f 1398//1398 1397//1397 1359//1359
f 1398//1398 1362//1362 1399//1399
f 1361//1361 1362//1362 1398//1398
f 1399//1399 1363//1363 1400//1400
f 1362//1362 1363//1363 1399//1399
f 1358//1358 1360//1360 1401//1401
f 1403//1403 1402//1402 1416//1416
f 1402//1402 1391//1391 1416//1416
f 1391//1391 1392//1392 1416//1416
f 1403//1403 1416//1416 1404//1404
f 1416//1416 1392//1392 1393//1393
f 1405//1405 1416//1416 1394//1394
f 1416//1416 1393//1393 1394//1394
f 1405//1405 1404//1404 1416//1416
f 1407//1407 1417//1417 1406//1406
f 1394//1394 1395//1395 1408//1408
f 1408//1408 1405//1405 1394//1394
f 1407//1407 1396//1396 1417//1417
f 1407//1407 1395//1395 1396//1396
f 1407//1407 1408//1408 1395//1395
f 1406//1406 1417//1417 1409//1409
f 1410//1410 1417//1417 1397//1397
f 1417//1417 1396//1396 1397//1397
f 1410//1410 1409//1409 1417//1417
f 1410//1410 1398//1398 1411//1411
f 1397//1397 1398//1398 1410//1410
f 1398//1398 1399//1399 1412//1412
f 1412//1412 1411//1411 1398//1398
f 1399//1399 1400//1400 1413//1413
f 1413//1413 1412//1412 1399//1399
f 1429//1429 1364//1364 1365//1365
f 1430//1430 1365//1365 1366//1366
f 1429//1429 1365//1365 1430//1430
f 1419//1419 1418//1418 1367//1367
f 1418//1418 1430//1430 1367//1367
f 1430//1430 1366//1366 1367//1367
f 1420//1420 1432//1432 1431//1431
f 1420//1420 1419//1419 1432//1432
f 1419//1419 1368//1368 1432//1432
f 1419//1419 1367//1367 1368//1368
f 1432//1432 1368//1368 1369//1369
f 1422//1422 1370//1370 1421//1421
f 1371//1371 1370//1370 1422//1422
f 1431//1431 1432//1432 1424//1424
f 1424//1424 1423//1423 1431//1431
f 1402//1402 1424//1424 1391//1391
f 1424//1424 1432//1432 1391//1391
f 1432//1432 1369//1369 1391//1391
f 1369//1369 1352//1352 1391//1391
f 1415//1415 1414//1414 1372//1372
f 1414//1414 1400//1400 1372//1372
f 1400//1400 1363//1363 1372//1372
f 1414//1414 1413//1413 1400//1400
f 1372//1372 1373//1373 1425//1425
f 1425//1425 1415//1415 1372//1372
f 1373//1373 1374//1374 1426//1426
f 1426//1426 1425//1425 1373//1373
f 1374//1374 1375//1375 1427//1427
f 1427//1427 1426//1426 1374//1374
f 1375//1375 1376//1376 1428//1428
f 1428//1428 1427//1427 1375//1375
f 1376//1376 1371//1371 1422//1422
f 1422//1422 1428//1428 1376//1376
f 1486//1486 1520//1520 1488//1488
f 1488//1488 1521//1521 1492//1492
f 1520//1520 1521//1521 1488//1488
f 1402//1402 1403//1403 1528//1528
f 1528//1528 1527//1527 1402//1402
f 1529//1529 1528//1528 1540//1540
f 1528//1528 1404//1404 1540//1540
f 1528//1528 1403//1403 1404//1404
f 1540//1540 1404//1404 1405//1405
f 1529//1529 1541//1541 1530//1530
f 1540//1540 1541//1541 1529//1529
f 1531//1531 1407//1407 1406//1406
f 1531//1531 1541//1541 1407//1407
f 1531//1531 1530//1530 1541//1541
f 1540//1540 1405//1405 1408//1408
f 1408//1408 1541//1541 1540//1540
f 1408//1408 1407//1407 1541//1541
f 1532//1532 1531//1531 1542//1542
f 1531//1531 1409//1409 1542//1542
f 1531//1531 1406//1406 1409//1409
f 1532//1532 1543//1543 1533//1533
f 1542//1542 1543//1543 1532//1532
f 1542//1542 1409//1409 1410//1410
f 1543//1543 1410//1410 1411//1411
f 1542//1542 1410//1410 1543//1543
f 1533//1533 1543//1543 1534//1534
f 1535//1535 1534//1534 1412//1412
f 1534//1534 1411//1411 1412//1412
f 1534//1534 1543//1543 1411//1411
f 1412//1412 1413//1413 1536//1536
f 1536//1536 1535//1535 1412//1412
f 1538//1538 1544//1544 1537//1537
f 1537//1537 1545//1545 1539//1539
f 1544//1544 1545//1545 1537//1537
f 1538//1538 1414//1414 1544//1544
f 1538//1538 1413//1413 1414//1414
f 1538//1538 1536//1536 1413//1413
f 1544//1544 1414//1414 1415//1415
f 1415//1415 1545//1545 1544//1544
f 1558//1558 1559//1559 1547//1547
f 1547//1547 1546//1546 1558//1558
f 1547//1547 1559//1559 1548//1548
f 1559//1559 1527//1527 1528//1528
f 1558//1558 1527//1527 1559//1559
f 1549//1549 1548//1548 1529//1529
f 1548//1548 1528//1528 1529//1529
f 1548//1548 1559//1559 1528//1528
f 1529//1529 1530//1530 1550//1550
f 1550//1550 1549//1549 1529//1529
f 1530//1530 1531//1531 1551//1551
f 1551//1551 1550//1550 1530//1530
f 1531//1531 1532//1532 1552//1552
f 1552//1552 1551//1551 1531//1531
f 1552//1552 1533//1533 1553//1553
f 1532//1532 1533//1533 1552//1552
f 1554//1554 1534//1534 1560//1560
f 1554//1554 1553//1553 1534//1534
f 1553//1553 1533//1533 1534//1534
f 1554//1554 1561//1561 1555//1555
f 1560//1560 1561//1561 1554//1554
f 1560//1560 1534//1534 1535//1535
f 1560//1560 1535//1535 1536//1536
f 1536//1536 1561//1561 1560//1560
f 1556//1556 1538//1538 1537//1537
f 1556//1556 1555//1555 1538//1538
f 1555//1555 1561//1561 1538//1538
f 1556//1556 1539//1539 1557//1557
f 1537//1537 1539//1539 1556//1556
f 1536//1536 1538//1538 1561//1561
f 1418//1418 1419//1419 1563//1563
f 1563//1563 1562//1562 1418//1418
f 1564//1564 1563//1563 1579//1579
f 1563//1563 1420//1420 1579//1579
f 1563//1563 1419//1419 1420//1420
f 1565//1565 1558//1558 1546//1546
f 1567//1567 1580//1580 1566//1566
f 1566//1566 1580//1580 1568//1568
f 1570//1570 1581//1581 1569//1569
f 1571//1571 1422//1422 1421//1421
f 1571//1571 1581//1581 1422//1422
f 1571//1571 1569//1569 1581//1581
f 1572//1572 1564//1564 1424//1424
f 1564//1564 1579//1579 1424//1424
f 1579//1579 1423//1423 1424//1424
f 1565//1565 1527//1527 1558//1558
f 1565//1565 1424//1424 1527//1527
f 1424//1424 1402//1402 1527//1527
f 1565//1565 1572//1572 1424//1424
f 1567//1567 1539//1539 1580//1580
f 1539//1539 1425//1425 1580//1580
f 1539//1539 1545//1545 1425//1425
f 1545//1545 1415//1415 1425//1425
f 1567//1567 1557//1557 1539//1539
f 1573//1573 1582//1582 1574//1574
f 1575//1575 1425//1425 1426//1426
f 1575//1575 1568//1568 1425//1425
f 1568//1568 1580//1580 1425//1425
f 1575//1575 1427//1427 1576//1576
f 1426//1426 1427//1427 1575//1575
f 1577//1577 1582//1582 1573//1573
f 1574//1574 1582//1582 1578//1578
f 1578//1578 1582//1582 1577//1577
f 1570//1570 1428//1428 1581//1581
f 1570//1570 1576//1576 1428//1428
f 1576//1576 1427//1427 1428//1428
f 1428//1428 1422//1422 1581//1581
f 1546//1546 1547//1547 1584//1584
f 1584//1584 1583//1583 1546//1546
f 1585//1585 1548//1548 1597//1597
f 1585//1585 1547//1547 1548//1548
f 1585//1585 1584//1584 1547//1547
f 1597//1597 1598//1598 1586//1586
f 1586//1586 1585//1585 1597//1597
f 1586//1586 1598//1598 1587//1587
f 1589//1589 1599//1599 1588//1588
f 1588//1588 1599//1599 1590//1590
f 1597//1597 1548//1548 1549//1549
f 1598//1598 1549//1549 1550//1550
f 1597//1597 1549//1549 1598//1598
f 1591//1591 1587//1587 1551//1551
f 1587//1587 1598//1598 1551//1551
f 1598//1598 1550//1550 1551//1551
f 1551//1551 1552//1552 1592//1592
f 1592//1592 1591//1591 1551//1551
f 1552//1552 1553//1553 1593//1593
f 1593//1593 1592//1592 1552//1552
f 1589//1589 1554//1554 1599//1599
f 1589//1589 1553//1553 1554//1554
f 1589//1589 1593//1593 1553//1553
f 1594//1594 1554//1554 1555//1555
f 1594//1594 1590//1590 1554//1554
f 1590//1590 1599//1599 1554//1554
f 1555//1555 1556//1556 1595//1595
f 1595//1595 1594//1594 1555//1555
f 1556//1556 1557//1557 1596//1596
f 1596//1596 1595//1595 1556//1556
f 1600//1600 1613//1613 1601//1601
f 1612//1612 1613//1613 1600//1600
f 1613//1613 1614//1614 1602//1602
f 1602//1602 1601//1601 1613//1613
f 1613//1613 1583//1583 1584//1584
f 1612//1612 1583//1583 1613//1613
f 1614//1614 1584//1584 1585//1585
f 1613//1613 1584//1584 1614//1614
f 1602//1602 1614//1614 1603//1603
f 1604//1604 1585//1585 1586//1586
f 1604//1604 1603//1603 1585//1585
f 1603//1603 1614//1614 1585//1585
f 1605//1605 1587//1587 1615//1615
f 1605//1605 1586//1586 1587//1587
f 1605//1605 1604//1604 1586//1586
f 1605//1605 1616//1616 1606//1606
f 1615//1615 1616//1616 1605//1605
f 1606//1606 1617//1617 1607//1607
f 1616//1616 1617//1617 1606//1606
f 1608//1608 1589//1589 1588//1588
f 1608//1608 1617//1617 1589//1589
f 1608//1608 1607//1607 1617//1617
f 1609//1609 1608//1608 1618//1618
f 1608//1608 1590//1590 1618//1618
f 1608//1608 1588//1588 1590//1590
f 1609//1609 1619//1619 1610//1610
f 1618//1618 1619//1619 1609//1609
f 1610//1610 1620//1620 1611//1611
f 1619//1619 1620//1620 1610//1610
f 1615//1615 1587//1587 1591//1591
f 1616//1616 1591//1591 1592//1592
f 1615//1615 1591//1591 1616//1616
f 1617//1617 1592//1592 1593//1593
f 1616//1616 1592//1592 1617//1617
f 1593//1593 1589//1589 1617//1617
f 1618//1618 1590//1590 1594//1594
f 1619//1619 1594//1594 1595//1595
f 1618//1618 1594//1594 1619//1619
f 1619//1619 1595//1595 1596//1596
f 1596//1596 1620//1620 1619//1619
f 1622//1622 1621//1621 1638//1638
f 1621//1621 1562//1562 1638//1638
f 1562//1562 1563//1563 1638//1638
f 1622//1622 1638//1638 1623//1623
f 1638//1638 1563//1563 1564//1564
f 1564//1564 1639//1639 1638//1638
f 1600//1600 1623//1623 1612//1612
f 1623//1623 1638//1638 1612//1612
f 1638//1638 1583//1583 1612//1612
f 1638//1638 1565//1565 1583//1583
f 1565//1565 1546//1546 1583//1583
f 1638//1638 1639//1639 1565//1565
f 1625//1625 1640//1640 1624//1624
f 1611//1611 1620//1620 1626//1626
f 1641//1641 1567//1567 1566//1566
f 1628//1628 1642//1642 1627//1627
f 1641//1641 1566//1566 1568//1568
f 1627//1627 1643//1643 1629//1629
f 1642//1642 1643//1643 1627//1627
f 1631//1631 1644//1644 1630//1630
f 1644//1644 1645//1645 1632//1632
f 1632//1632 1630//1630 1644//1644
f 1631//1631 1569//1569 1644//1644
f 1631//1631 1570//1570 1569//1569
f 1631//1631 1643//1643 1570//1570
f 1631//1631 1629//1629 1643//1643
f 1644//1644 1569//1569 1571//1571
f 1571//1571 1645//1645 1644//1644
f 1639//1639 1564//1564 1572//1572
f 1572//1572 1565//1565 1639//1639
f 1633//1633 1646//1646 1634//1634
f 1635//1635 1646//1646 1633//1633
f 1634//1634 1646//1646 1636//1636
f 1636//1636 1646//1646 1635//1635
f 1637//1637 1626//1626 1641//1641
f 1626//1626 1596//1596 1641//1641
f 1596//1596 1567//1567 1641//1641
f 1596//1596 1557//1557 1567//1567
f 1626//1626 1620//1620 1596//1596
f 1647//1647 1573//1573 1574//1574
f 1628//1628 1568//1568 1642//1642
f 1568//1568 1575//1575 1642//1642
f 1628//1628 1641//1641 1568//1568
f 1628//1628 1637//1637 1641//1641
f 1642//1642 1575//1575 1576//1576
f 1576//1576 1643//1643 1642//1642
f 1577//1577 1573//1573 1647//1647
f 1647//1647 1574//1574 1578//1578
f 1578//1578 1577//1577 1647//1647
f 1576//1576 1570//1570 1643//1643
f 1699//1699 1601//1601 1700//1700
f 1600//1600 1601//1601 1699//1699
f 1601//1601 1602//1602 1701//1701
f 1701//1701 1700//1700 1601//1601
f 1702//1702 1701//1701 1705//1705
f 1701//1701 1603//1603 1705//1705
f 1701//1701 1602//1602 1603//1603
f 1702//1702 1705//1705 1703//1703
f 1705//1705 1603//1603 1604//1604
f 1704//1704 1703//1703 1605//1605
f 1703//1703 1705//1705 1605//1605
f 1705//1705 1604//1604 1605//1605
f 1707//1707 1699//1699 1700//1700
f 1707//1707 1706//1706 1699//1699
f 1706//1706 1711//1711 1699//1699
f 1707//1707 1701//1701 1708//1708
f 1700//1700 1701//1701 1707//1707
f 1708//1708 1702//1702 1709//1709
f 1701//1701 1702//1702 1708//1708
f 1710//1710 1702//1702 1712//1712
f 1702//1702 1703//1703 1712//1712
f 1710//1710 1709//1709 1702//1702
f 1712//1712 1703//1703 1704//1704
f 1621//1621 1622//1622 1714//1714
f 1714//1714 1713//1713 1621//1621
f 1715//1715 1714//1714 1711//1711
f 1714//1714 1623//1623 1711//1711
f 1714//1714 1622//1622 1623//1623
f 1623//1623 1600//1600 1699//1699
f 1699//1699 1711//1711 1623//1623
f 1715//1715 1711//1711 1706//1706
f 1716//1716 1606//1606 1607//1607
f 1716//1716 1704//1704 1606//1606
f 1704//1704 1605//1605 1606//1606
f 1716//1716 1712//1712 1704//1704
f 1716//1716 1710//1710 1712//1712
f 1717//1717 1608//1608 1609//1609
f 1717//1717 1716//1716 1608//1608
f 1716//1716 1607//1607 1608//1608
f 1625//1625 1624//1624 1726//1726
f 1718//1718 1610//1610 1611//1611
f 1718//1718 1717//1717 1610//1610
f 1717//1717 1609//1609 1610//1610
f 1719//1719 1718//1718 1727//1727
f 1718//1718 1626//1626 1727//1727
f 1718//1718 1611//1611 1626//1626
f 1720//1720 1628//1628 1627//1627
f 1720//1720 1727//1727 1628//1628
f 1720//1720 1719//1719 1727//1727
f 1627//1627 1629//1629 1721//1721
f 1721//1721 1720//1720 1627//1627
f 1722//1722 1634//1634 1723//1723
f 1633//1633 1634//1634 1722//1722
f 1724//1724 1633//1633 1722//1722
f 1635//1635 1633//1633 1724//1724
f 1723//1723 1636//1636 1725//1725
f 1634//1634 1636//1636 1723//1723
f 1725//1725 1635//1635 1724//1724
f 1636//1636 1635//1635 1725//1725
f 1727//1727 1626//1626 1637//1637
f 1637//1637 1628//1628 1727//1727
f 1713//1713 1714//1714 1729//1729
f 1729//1729 1728//1728 1713//1713
f 1714//1714 1715//1715 1730//1730
f 1730//1730 1729//1729 1714//1714
f 1732//1732 1744//1744 1731//1731
f 1731//1731 1744//1744 1733//1733
f 1734//1734 1730//1730 1745//1745
f 1730//1730 1706//1706 1745//1745
f 1730//1730 1715//1715 1706//1706
f 1745//1745 1746//1746 1735//1735
f 1735//1735 1734//1734 1745//1745
f 1745//1745 1707//1707 1708//1708
f 1706//1706 1707//1707 1745//1745
f 1710//1710 1746//1746 1709//1709
f 1746//1746 1745//1745 1709//1709
f 1745//1745 1708//1708 1709//1709
f 1732//1732 1747//1747 1744//1744
f 1732//1732 1735//1735 1747//1747
f 1735//1735 1746//1746 1747//1747
f 1744//1744 1747//1747 1736//1736
f 1736//1736 1733//1733 1744//1744
f 1747//1747 1710//1710 1716//1716
f 1746//1746 1710//1710 1747//1747
f 1737//1737 1736//1736 1748//1748
f 1736//1736 1717//1717 1748//1748
f 1736//1736 1716//1716 1717//1717
f 1736//1736 1747//1747 1716//1716
f 1738//1738 1739//1739 1718//1718
f 1739//1739 1717//1717 1718//1718
f 1739//1739 1748//1748 1717//1717
f 1718//1718 1719//1719 1740//1740
f 1740//1740 1738//1738 1718//1718
f 1719//1719 1720//1720 1741//1741
f 1741//1741 1740//1740 1719//1719
f 1720//1720 1721//1721 1742//1742
f 1742//1742 1741//1741 1720//1720
f 1737//1737 1748//1748 1743//1743
f 1749//1749 1722//1722 1723//1723
f 1724//1724 1722//1722 1749//1749
f 1749//1749 1723//1723 1725//1725
f 1725//1725 1724//1724 1749//1749
f 1743//1743 1748//1748 1739//1739
f 1783//1783 1812//1812 1786//1786
f 1815//1815 1729//1729 1816//1816
f 1728//1728 1729//1729 1815//1815
f 1816//1816 1730//1730 1817//1817
f 1729//1729 1730//1730 1816//1816
f 1732//1732 1731//1731 1825//1825
f 1825//1825 1731//1731 1733//1733
f 1817//1817 1734//1734 1818//1818
f 1730//1730 1734//1734 1817//1817
f 1819//1819 1818//1818 1826//1826
f 1818//1818 1734//1734 1826//1826
f 1734//1734 1735//1735 1826//1826
f 1819//1819 1826//1826 1820//1820
f 1827//1827 1732//1732 1825//1825
f 1827//1827 1735//1735 1732//1732
f 1827//1827 1826//1826 1735//1735
f 1827//1827 1733//1733 1736//1736
f 1825//1825 1733//1733 1827//1827
f 1820//1820 1827//1827 1821//1821
f 1826//1826 1827//1827 1820//1820
f 1822//1822 1821//1821 1737//1737
f 1821//1821 1736//1736 1737//1737
f 1821//1821 1827//1827 1736//1736
f 1823//1823 1822//1822 1828//1828
f 1822//1822 1743//1743 1828//1828
f 1822//1822 1737//1737 1743//1743
f 1823//1823 1828//1828 1824//1824
f 1830//1830 1848//1848 1829//1829
f 1829//1829 1849//1849 1831//1831
f 1848//1848 1849//1849 1829//1829
f 1830//1830 1815//1815 1848//1848
f 1815//1815 1816//1816 1848//1848
f 1830//1830 1832//1832 1815//1815
f 1848//1848 1816//1816 1817//1817
f 1817//1817 1849//1849 1848//1848
f 1831//1831 1849//1849 1833//1833
f 1834//1834 1833//1833 1850//1850
f 1833//1833 1818//1818 1850//1850
f 1833//1833 1849//1849 1818//1818
f 1849//1849 1817//1817 1818//1818
f 1850//1850 1818//1818 1819//1819
f 1834//1834 1850//1850 1835//1835
f 1836//1836 1819//1819 1851//1851
f 1819//1819 1820//1820 1851//1851
f 1836//1836 1850//1850 1819//1819
f 1836//1836 1835//1835 1850//1850
f 1851//1851 1821//1821 1852//1852
f 1820//1820 1821//1821 1851//1851
f 1852//1852 1821//1821 1822//1822
f 1836//1836 1851//1851 1837//1837
f 1838//1838 1852//1852 1853//1853
f 1838//1838 1851//1851 1852//1852
f 1838//1838 1837//1837 1851//1851
f 1853//1853 1822//1822 1823//1823
f 1852//1852 1822//1822 1853//1853
f 1838//1838 1853//1853 1839//1839
f 1840//1840 1853//1853 1854//1854
f 1853//1853 1824//1824 1854//1854
f 1853//1853 1823//1823 1824//1824
f 1840//1840 1839//1839 1853//1853
f 1840//1840 1854//1854 1841//1841
f 1855//1855 1871//1871 1856//1856
f 1857//1857 1856//1856 1757//1757
f 1856//1856 1871//1871 1757//1757
f 1871//1871 1756//1756 1757//1757
f 1857//1857 1758//1758 1858//1858
f 1757//1757 1758//1758 1857//1857
f 1842//1842 1759//1759 1872//1872
f 1842//1842 1858//1858 1759//1759
f 1858//1858 1758//1758 1759//1759
f 1842//1842 1872//1872 1843//1843
f 1872//1872 1759//1759 1760//1760
f 1845//1845 1844//1844 1761//1761
f 1844//1844 1760//1760 1761//1761
f 1844//1844 1872//1872 1760//1760
f 1844//1844 1843//1843 1872//1872
f 1860//1860 1873//1873 1859//1859
f 1832//1832 1846//1846 1815//1815
f 1846//1846 1761//1761 1815//1815
f 1761//1761 1728//1728 1815//1815
f 1846//1846 1845//1845 1761//1761
f 1861//1861 1873//1873 1860//1860
f 1739//1739 1740//1740 1874//1874
f 1738//1738 1740//1740 1739//1739
f 1862//1862 1863//1863 1742//1742
f 1863//1863 1741//1741 1742//1742
f 1863//1863 1874//1874 1741//1741
f 1874//1874 1740//1740 1741//1741
f 1865//1865 1875//1875 1864//1864
f 1864//1864 1875//1875 1866//1866
f 1865//1865 1862//1862 1875//1875
f 1862//1862 1742//1742 1875//1875
f 1742//1742 1767//1767 1875//1875
f 1867//1867 1866//1866 1768//1768
f 1866//1866 1875//1875 1768//1768
f 1875//1875 1767//1767 1768//1768
f 1768//1768 1769//1769 1868//1868
f 1868//1868 1867//1867 1768//1768
f 1869//1869 1868//1868 1876//1876
f 1868//1868 1751//1751 1876//1876
f 1868//1868 1769//1769 1751//1751
f 1870//1870 1824//1824 1874//1874
f 1824//1824 1828//1828 1874//1874
f 1828//1828 1739//1739 1874//1874
f 1828//1828 1743//1743 1739//1739
f 1870//1870 1847//1847 1824//1824
f 1847//1847 1854//1854 1824//1824
f 1870//1870 1874//1874 1863//1863
f 1841//1841 1854//1854 1847//1847
f 1876//1876 1751//1751 1752//1752
f 1877//1877 1843//1843 1878//1878
f 1842//1842 1843//1843 1877//1877
f 1843//1843 1844//1844 1879//1879
f 1879//1879 1878//1878 1843//1843
f 1879//1879 1845//1845 1880//1880
f 1844//1844 1845//1845 1879//1879
f 1881//1881 1845//1845 1896//1896
f 1845//1845 1846//1846 1896//1896
f 1881//1881 1880//1880 1845//1845
f 1846//1846 1832//1832 1897//1897
f 1897//1897 1896//1896 1846//1846
f 1881//1881 1896//1896 1882//1882
f 1882//1882 1897//1897 1883//1883
f 1896//1896 1897//1897 1882//1882
f 1884//1884 1898//1898 1885//1885
f 1886//1886 1898//1898 1837//1837
f 1898//1898 1836//1836 1837//1837
f 1886//1886 1885//1885 1898//1898
f 1837//1837 1838//1838 1887//1887
f 1887//1887 1886//1886 1837//1837
f 1887//1887 1839//1839 1888//1888
f 1838//1838 1839//1839 1887//1887
f 1839//1839 1840//1840 1889//1889
f 1889//1889 1888//1888 1839//1839
f 1889//1889 1841//1841 1890//1890
f 1840//1840 1841//1841 1889//1889
f 1891//1891 1890//1890 1899//1899
f 1890//1890 1847//1847 1899//1899
f 1890//1890 1841//1841 1847//1847
f 1892//1892 1900//1900 1901//1901
f 1892//1892 1891//1891 1900//1900
f 1891//1891 1899//1899 1900//1900
f 1892//1892 1901//1901 1893//1893
f 1895//1895 1900//1900 1894//1894
f 1901//1901 1900//1900 1895//1895
f 1893//1893 1901//1901 1895//1895
f 1902//1902 1878//1878 1903//1903
f 1877//1877 1878//1878 1902//1902
f 1878//1878 1879//1879 1904//1904
f 1904//1904 1903//1903 1878//1878
f 1905//1905 1879//1879 1925//1925
f 1879//1879 1880//1880 1925//1925
f 1905//1905 1904//1904 1879//1879
f 1905//1905 1925//1925 1906//1906
f 1925//1925 1880//1880 1881//1881
f 1907//1907 1881//1881 1882//1882
f 1907//1907 1906//1906 1881//1881
f 1906//1906 1925//1925 1881//1881
f 1908//1908 1882//1882 1926//1926
f 1882//1882 1883//1883 1926//1926
f 1908//1908 1907//1907 1882//1882
f 1910//1910 1884//1884 1885//1885
f 1910//1910 1909//1909 1884//1884
f 1909//1909 1927//1927 1884//1884
f 1911//1911 1885//1885 1928//1928
f 1885//1885 1886//1886 1928//1928
f 1911//1911 1910//1910 1885//1885
f 1911//1911 1928//1928 1912//1912
f 1928//1928 1886//1886 1887//1887
f 1913//1913 1912//1912 1888//1888
f 1912//1912 1887//1887 1888//1888
f 1912//1912 1928//1928 1887//1887
f 1888//1888 1889//1889 1914//1914
f 1914//1914 1913//1913 1888//1888
f 1915//1915 1929//1929 1916//1916
f 1915//1915 1930//1930 1929//1929
f 1915//1915 1914//1914 1930//1930
f 1914//1914 1889//1889 1930//1930
f 1889//1889 1890//1890 1930//1930
f 1916//1916 1929//1929 1917//1917
f 1917//1917 1930//1930 1918//1918
f 1929//1929 1930//1930 1917//1917
f 1919//1919 1920//1920 1891//1891
f 1920//1920 1930//1930 1891//1891
f 1930//1930 1890//1890 1891//1891
f 1921//1921 1919//1919 1931//1931
f 1919//1919 1892//1892 1931//1931
f 1919//1919 1891//1891 1892//1892
f 1918//1918 1930//1930 1920//1920
f 1931//1931 1892//1892 1893//1893
f 1922//1922 1921//1921 1932//1932
f 1921//1921 1894//1894 1932//1932
f 1921//1921 1931//1931 1894//1894
f 1931//1931 1895//1895 1894//1894
f 1922//1922 1932//1932 1923//1923
f 1893//1893 1895//1895 1931//1931
f 1934//1934 1933//1933 1943//1943
f 1933//1933 1855//1855 1943//1943
f 1855//1855 1856//1856 1943//1943
f 1934//1934 1943//1943 1935//1935
f 1943//1943 1856//1856 1857//1857
f 1936//1936 1943//1943 1858//1858
f 1943//1943 1857//1857 1858//1858
f 1936//1936 1935//1935 1943//1943
f 1902//1902 1936//1936 1877//1877
f 1936//1936 1858//1858 1877//1877
f 1858//1858 1842//1842 1877//1877
f 1860//1860 1859//1859 1944//1944
f 1830//1830 1831//1831 1945//1945
f 1829//1829 1831//1831 1830//1830
f 1927//1927 1897//1897 1945//1945
f 1897//1897 1830//1830 1945//1945
f 1897//1897 1832//1832 1830//1830
f 1927//1927 1883//1883 1897//1897
f 1927//1927 1926//1926 1883//1883
f 1945//1945 1831//1831 1833//1833
f 1884//1884 1835//1835 1898//1898
f 1835//1835 1836//1836 1898//1898
f 1884//1884 1834//1834 1835//1835
f 1884//1884 1945//1945 1834//1834
f 1945//1945 1833//1833 1834//1834
f 1884//1884 1927//1927 1945//1945
f 1944//1944 1861//1861 1860//1860
f 1863//1863 1862//1862 1946//1946
f 1865//1865 1864//1864 1947//1947
f 1947//1947 1864//1864 1866//1866
f 1937//1937 1865//1865 1947//1947
f 1937//1937 1946//1946 1865//1865
f 1946//1946 1862//1862 1865//1865
f 1937//1937 1938//1938 1946//1946
f 1939//1939 1866//1866 1867//1867
f 1939//1939 1947//1947 1866//1866
f 1939//1939 1937//1937 1947//1947
f 1867//1867 1868//1868 1940//1940
f 1940//1940 1939//1939 1867//1867
f 1868//1868 1869//1869 1941//1941
f 1941//1941 1940//1940 1868//1868
f 1908//1908 1926//1926 1942//1942
f 1942//1942 1927//1927 1909//1909
f 1926//1926 1927//1927 1942//1942
f 1847//1847 1870//1870 1900//1900
f 1900//1900 1899//1899 1847//1847
f 1924//1924 1932//1932 1946//1946
f 1932//1932 1894//1894 1946//1946
f 1894//1894 1863//1863 1946//1946
f 1894//1894 1870//1870 1863//1863
f 1894//1894 1900//1900 1870//1870
f 1924//1924 1923//1923 1932//1932
f 1924//1924 1946//1946 1938//1938
f 1995//1995 2018//2018 1996//1996
f 1997//1997 2018//2018 2019//2019
f 2018//2018 1903//1903 2019//2019
f 2018//2018 1902//1902 1903//1903
f 1997//1997 1996//1996 2018//2018
f 1997//1997 2019//2019 1998//1998
f 2019//2019 1903//1903 1904//1904
f 1999//1999 2019//2019 2020//2020
f 2019//2019 1905//1905 2020//2020
f 2019//2019 1904//1904 1905//1905
f 1999//1999 1998//1998 2019//2019
f 2020//2020 1905//1905 1906//1906
f 1999//1999 2021//2021 2000//2000
f 2020//2020 2021//2021 1999//1999
f 2000//2000 2021//2021 2001//2001
f 2021//2021 1906//1906 1907//1907
f 2020//2020 1906//1906 2021//2021
f 2002//2002 1908//1908 2022//2022
f 2002//2002 1907//1907 1908//1908
f 2002//2002 2001//2001 1907//1907
f 2001//2001 2021//2021 1907//1907
f 1909//1909 1910//1910 2004//2004
f 2004//2004 2003//2003 1909//1909
f 1910//1910 1911//1911 2005//2005
f 2005//2005 2004//2004 1910//1910
f 2005//2005 1912//1912 2006//2006
f 1911//1911 1912//1912 2005//2005
f 2006//2006 1913//1913 2007//2007
f 1912//1912 1913//1913 2006//2006
f 2007//2007 1914//1914 2008//2008
f 1913//1913 1914//1914 2007//2007
f 2023//2023 1915//1915 1916//1916
f 2009//2009 2023//2023 2024//2024
f 2009//2009 2008//2008 2023//2023
f 2008//2008 1915//1915 2023//2023
f 2008//2008 1914//1914 1915//1915
f 2023//2023 1916//1916 1917//1917
f 2024//2024 1917//1917 1918//1918
f 2023//2023 1917//1917 2024//2024
f 1923//1923 1924//1924 2025//2025
f 2009//2009 2024//2024 2010//2010
f 2026//2026 1920//1920 1919//1919
f 2011//2011 2012//2012 1921//1921
f 2012//2012 2026//2026 1921//1921
f 2026//2026 1919//1919 1921//1921
f 2013//2013 2026//2026 2027//2027
f 2013//2013 2010//2010 2026//2026
f 2010//2010 2024//2024 2026//2026
f 2024//2024 1920//1920 2026//2026
f 2024//2024 1918//1918 1920//1920
f 2027//2027 2026//2026 2012//2012
f 2012//2012 2014//2014 2027//2027
f 1921//1921 1922//1922 2015//2015
f 2015//2015 2011//2011 1921//1921
f 2016//2016 2015//2015 2025//2025
f 2015//2015 1923//1923 2025//2025
f 2015//2015 1922//1922 1923//1923
f 2013//2013 2027//2027 2017//2017
f 2017//2017 2027//2027 2014//2014
f 2028//2028 1996//1996 2029//2029
f 1995//1995 1996//1996 2028//2028
f 1996//1996 1997//1997 2030//2030
f 2030//2030 2029//2029 1996//1996
f 2030//2030 1998//1998 2031//2031
f 1997//1997 1998//1998 2030//2030
f 1998//1998 1999//1999 2032//2032
f 2032//2032 2031//2031 1998//1998
f 1999//1999 2000//2000 2033//2033
f 2033//2033 2032//2032 1999//1999
f 2033//2033 2001//2001 2034//2034
f 2000//2000 2001//2001 2033//2033
f 2001//2001 2002//2002 2035//2035
f 2035//2035 2034//2034 2001//2001
f 2003//2003 2004//2004 2047//2047
f 2047//2047 2046//2046 2003//2003
f 2047//2047 2004//2004 2005//2005
f 2036//2036 2047//2047 2037//2037
f 2046//2046 2047//2047 2036//2036
f 2038//2038 2037//2037 2006//2006
f 2037//2037 2047//2047 2006//2006
f 2047//2047 2005//2005 2006//2006
f 2039//2039 2006//2006 2048//2048
f 2006//2006 2007//2007 2048//2048
f 2039//2039 2038//2038 2006//2006
f 2048//2048 2007//2007 2008//2008
f 2039//2039 2048//2048 2040//2040
f 2041//2041 2040//2040 2009//2009
f 2040//2040 2008//2008 2009//2009
f 2040//2040 2048//2048 2008//2008
f 2042//2042 2041//2041 2049//2049
f 2041//2041 2010//2010 2049//2049
f 2041//2041 2009//2009 2010//2010
f 2043//2043 2012//2012 2011//2011
f 2043//2043 2049//2049 2012//2012
f 2043//2043 2042//2042 2049//2049
f 2049//2049 2010//2010 2013//2013
f 2013//2013 2050//2050 2049//2049
f 2012//2012 2049//2049 2050//2050
f 2050//2050 2014//2014 2012//2012
f 2011//2011 2015//2015 2044//2044
f 2044//2044 2043//2043 2011//2011
f 2044//2044 2016//2016 2045//2045
f 2015//2015 2016//2016 2044//2044
f 2050//2050 2013//2013 2017//2017
f 2017//2017 2014//2014 2050//2050
f 2051//2051 1934//1934 2052//2052
f 1933//1933 1934//1934 2051//2051
f 2052//2052 1935//1935 2053//2053
f 1934//1934 1935//1935 2052//2052
f 1935//1935 1936//1936 2054//2054
f 2054//2054 2053//2053 1935//1935
f 2028//2028 2054//2054 1995//1995
f 2054//2054 1936//1936 1995//1995
f 1936//1936 2018//2018 1995//1995
f 1936//1936 1902//1902 2018//2018
f 2035//2035 2022//2022 2055//2055
f 2002//2002 2022//2022 2035//2035
f 2057//2057 2068//2068 2056//2056
f 2058//2058 2068//2068 2057//2057
f 1938//1938 1937//1937 2069//2069
f 2069//2069 1939//1939 2070//2070
f 1937//1937 1939//1939 2069//2069
f 2056//2056 2068//2068 2059//2059
f 2059//2059 2068//2068 2058//2058
f 2060//2060 2061//2061 1940//1940
f 2061//2061 2070//2070 1940//1940
f 2070//2070 1939//1939 1940//1940
f 2060//2060 1941//1941 2062//2062
f 1940//1940 1941//1941 2060//2060
f 2022//2022 1908//1908 1942//1942
f 2036//2036 2055//2055 2046//2046
f 2055//2055 2003//2003 2046//2046
f 2055//2055 2022//2022 2003//2003
f 2022//2022 1909//1909 2003//2003
f 2022//2022 1942//1942 1909//1909
f 2071//2071 1938//1938 2069//2069
f 2071//2071 1924//1924 1938//1938
f 2071//2071 2025//2025 1924//1924
f 2069//2069 2070//2070 2072//2072
f 2072//2072 2071//2071 2069//2069
f 2063//2063 2071//2071 2073//2073
f 2063//2063 2045//2045 2071//2071
f 2045//2045 2016//2016 2071//2071
f 2016//2016 2025//2025 2071//2071
f 2064//2064 2071//2071 2072//2072
f 2064//2064 2065//2065 2071//2071
f 2065//2065 2073//2073 2071//2071
f 2063//2063 2073//2073 2066//2066
f 2066//2066 2073//2073 2065//2065
f 2067//2067 2070//2070 2061//2061
f 2072//2072 2070//2070 2067//2067
f 2064//2064 2072//2072 2067//2067
f 2075//2075 2074//2074 2089//2089
f 2074//2074 2029//2029 2089//2089
f 2074//2074 2028//2028 2029//2029
f 2075//2075 2089//2089 2076//2076
f 2089//2089 2029//2029 2030//2030
f 2077//2077 2030//2030 2090//2090
f 2030//2030 2031//2031 2090//2090
f 2077//2077 2089//2089 2030//2030
f 2077//2077 2076//2076 2089//2089
f 2090//2090 2031//2031 2032//2032
f 2077//2077 2090//2090 2078//2078
f 2079//2079 2078//2078 2033//2033
f 2078//2078 2090//2090 2033//2033
f 2090//2090 2032//2032 2033//2033
f 2080//2080 2033//2033 2091//2091
f 2033//2033 2034//2034 2091//2091
f 2080//2080 2079//2079 2033//2033
f 2091//2091 2034//2034 2035//2035
f 2041//2041 2042//2042 2093//2093
f 2093//2093 2092//2092 2041//2041
f 2081//2081 2042//2042 2043//2043
f 2081//2081 2093//2093 2042//2042
f 2081//2081 2082//2082 2093//2093
f 2092//2092 2093//2093 2084//2084
f 2084//2084 2083//2083 2092//2092
f 2084//2084 2093//2093 2082//2082
f 2085//2085 2043//2043 2094//2094
f 2043//2043 2044//2044 2094//2094
f 2085//2085 2081//2081 2043//2043
f 2086//2086 2087//2087 2045//2045
f 2087//2087 2094//2094 2045//2045
f 2094//2094 2044//2044 2045//2045
f 2085//2085 2094//2094 2088//2088
f 2088//2088 2094//2094 2087//2087
f 2096//2096 2074//2074 2075//2075
f 2096//2096 2107//2107 2074//2074
f 2096//2096 2095//2095 2107//2107
f 2096//2096 2076//2076 2097//2097
f 2075//2075 2076//2076 2096//2096
f 2076//2076 2077//2077 2098//2098
f 2098//2098 2097//2097 2076//2076
f 2099//2099 2078//2078 2108//2108
f 2099//2099 2077//2077 2078//2078
f 2099//2099 2098//2098 2077//2077
f 2099//2099 2109//2109 2100//2100
f 2108//2108 2109//2109 2099//2099
f 2108//2108 2078//2078 2079//2079
f 2109//2109 2079//2079 2080//2080
f 2108//2108 2079//2079 2109//2109
f 2082//2082 2081//2081 2101//2101
f 2101//2101 2102//2102 2082//2082
f 2103//2103 2084//2084 2104//2104
f 2083//2083 2084//2084 2103//2103
f 2104//2104 2082//2082 2102//2102
f 2084//2084 2082//2082 2104//2104
f 2105//2105 2101//2101 2110//2110
f 2101//2101 2085//2085 2110//2110
f 2101//2101 2081//2081 2085//2085
f 2106//2106 2087//2087 2086//2086
f 2106//2106 2110//2110 2087//2087
f 2106//2106 2105//2105 2110//2110
f 2110//2110 2085//2085 2088//2088
f 2088//2088 2087//2087 2110//2110
f 2111//2111 2131//2131 2112//2112
f 2113//2113 2051//2051 2052//2052
f 2113//2113 2131//2131 2051//2051
f 2113//2113 2112//2112 2131//2131
f 2113//2113 2053//2053 2114//2114
f 2052//2052 2053//2053 2113//2113
f 2115//2115 2114//2114 2107//2107
f 2114//2114 2054//2054 2107//2107
f 2114//2114 2053//2053 2054//2054
f 2115//2115 2107//2107 2095//2095
f 2054//2054 2028//2028 2074//2074
f 2074//2074 2107//2107 2054//2054
f 2100//2100 2109//2109 2116//2116
f 2117//2117 2080//2080 2055//2055
f 2080//2080 2091//2091 2055//2055
f 2091//2091 2035//2035 2055//2055
f 2117//2117 2116//2116 2080//2080
f 2116//2116 2109//2109 2080//2080
f 2057//2057 2056//2056 2132//2132
f 2058//2058 2057//2057 2132//2132
f 2132//2132 2056//2056 2059//2059
f 2132//2132 2059//2059 2058//2058
f 2061//2061 2060//2060 2133//2133
f 2118//2118 2133//2133 2062//2062
f 2133//2133 2060//2060 2062//2062
f 2118//2118 2119//2119 2133//2133
f 2055//2055 2036//2036 2120//2120
f 2120//2120 2117//2117 2055//2055
f 2121//2121 2134//2134 2122//2122
f 2123//2123 2037//2037 2135//2135
f 2037//2037 2038//2038 2135//2135
f 2123//2123 2036//2036 2037//2037
f 2123//2123 2120//2120 2036//2036
f 2135//2135 2038//2038 2039//2039
f 2121//2121 2136//2136 2134//2134
f 2121//2121 2123//2123 2136//2136
f 2123//2123 2135//2135 2136//2136
f 2103//2103 2124//2124 2083//2083
f 2124//2124 2135//2135 2083//2083
f 2135//2135 2040//2040 2083//2083
f 2040//2040 2092//2092 2083//2083
f 2040//2040 2041//2041 2092//2092
f 2135//2135 2039//2039 2040//2040
f 2124//2124 2136//2136 2135//2135
f 2122//2122 2134//2134 2125//2125
f 2125//2125 2136//2136 2126//2126
f 2134//2134 2136//2136 2125//2125
f 2126//2126 2136//2136 2124//2124
f 2127//2127 2086//2086 2137//2137
f 2086//2086 2063//2063 2137//2137
f 2086//2086 2045//2045 2063//2063
f 2127//2127 2106//2106 2086//2086
f 2128//2128 2065//2065 2064//2064
f 2128//2128 2137//2137 2065//2065
f 2128//2128 2127//2127 2137//2137
f 2137//2137 2063//2063 2066//2066
f 2066//2066 2065//2065 2137//2137
f 2129//2129 2130//2130 2133//2133
f 2130//2130 2061//2061 2133//2133
f 2130//2130 2067//2067 2061//2061
f 2129//2129 2133//2133 2119//2119
f 2128//2128 2067//2067 2130//2130
f 2064//2064 2067//2067 2128//2128
f 2195//2195 2112//2112 2196//2196
f 2111//2111 2112//2112 2195//2195
f 2196//2196 2113//2113 2197//2197
f 2112//2112 2113//2113 2196//2196
f 2113//2113 2114//2114 2198//2198
f 2198//2198 2197//2197 2113//2113
f 2114//2114 2115//2115 2199//2199
f 2199//2199 2198//2198 2114//2114
f 2200//2200 2199//2199 2224//2224
f 2199//2199 2095//2095 2224//2224
f 2199//2199 2115//2115 2095//2095
f 2098//2098 2224//2224 2097//2097
f 2224//2224 2096//2096 2097//2097
f 2224//2224 2095//2095 2096//2096
f 2201//2201 2225//2225 2202//2202
f 2224//2224 2226//2226 2203//2203
f 2203//2203 2200//2200 2224//2224
f 2203//2203 2226//2226 2204//2204
f 2100//2100 2226//2226 2099//2099
f 2226//2226 2224//2224 2099//2099
f 2224//2224 2098//2098 2099//2099
f 2205//2205 2204//2204 2227//2227
f 2204//2204 2116//2116 2227//2227
f 2204//2204 2226//2226 2116//2116
f 2226//2226 2100//2100 2116//2116
f 2227//2227 2116//2116 2117//2117
f 2117//2117 2228//2228 2227//2227
f 2205//2205 2227//2227 2206//2206
f 2206//2206 2228//2228 2207//2207
f 2227//2227 2228//2228 2206//2206
f 2209//2209 2208//2208 2229//2229
f 2208//2208 2120//2120 2229//2229
f 2208//2208 2228//2228 2120//2120
f 2228//2228 2117//2117 2120//2120
f 2210//2210 2225//2225 2201//2201
f 2230//2230 2225//2225 2210//2210
f 2212//2212 2231//2231 2211//2211
f 2122//2122 2210//2210 2121//2121
f 2210//2210 2229//2229 2121//2121
f 2210//2210 2209//2209 2229//2229
f 2122//2122 2230//2230 2210//2210
f 2207//2207 2228//2228 2208//2208
f 2229//2229 2120//2120 2123//2123
f 2211//2211 2232//2232 2213//2213
f 2231//2231 2232//2232 2211//2211
f 2229//2229 2123//2123 2121//2121
f 2214//2214 2213//2213 2103//2103
f 2213//2213 2232//2232 2103//2103
f 2232//2232 2124//2124 2103//2103
f 2215//2215 2230//2230 2216//2216
f 2225//2225 2230//2230 2215//2215
f 2212//2212 2230//2230 2231//2231
f 2230//2230 2122//2122 2231//2231
f 2122//2122 2125//2125 2231//2231
f 2212//2212 2216//2216 2230//2230
f 2231//2231 2125//2125 2126//2126
f 2126//2126 2232//2232 2231//2231
f 2126//2126 2124//2124 2232//2232
f 2217//2217 2102//2102 2101//2101
f 2217//2217 2104//2104 2102//2102
f 2217//2217 2214//2214 2104//2104
f 2214//2214 2103//2103 2104//2104
f 2218//2218 2105//2105 2106//2106
f 2218//2218 2101//2101 2105//2105
f 2218//2218 2217//2217 2101//2101
f 2106//2106 2127//2127 2219//2219
f 2219//2219 2218//2218 2106//2106
f 2127//2127 2128//2128 2220//2220
f 2220//2220 2219//2219 2127//2127
f 2130//2130 2129//2129 2221//2221
f 2221//2221 2222//2222 2130//2130
f 2221//2221 2119//2119 2223//2223
f 2129//2129 2119//2119 2221//2221
f 2128//2128 2130//2130 2222//2222
f 2222//2222 2220//2220 2128//2128
f 2257//2257 2195//2195 2196//2196
f 2234//2234 2257//2257 2258//2258
f 2257//2257 2197//2197 2258//2258
f 2257//2257 2196//2196 2197//2197
f 2234//2234 2233//2233 2257//2257
f 2258//2258 2197//2197 2198//2198
f 2234//2234 2258//2258 2235//2235
f 2236//2236 2198//2198 2199//2199
f 2236//2236 2235//2235 2198//2198
f 2235//2235 2258//2258 2198//2198
f 2199//2199 2200//2200 2237//2237
f 2237//2237 2236//2236 2199//2199
f 2238//2238 2259//2259 2239//2239
f 2240//2240 2259//2259 2238//2238
f 2260//2260 2259//2259 2240//2240
f 2240//2240 2241//2241 2260//2260
f 2241//2241 2261//2261 2260//2260
f 2261//2261 2202//2202 2260//2260
f 2261//2261 2201//2201 2202//2202
f 2237//2237 2203//2203 2242//2242
f 2200//2200 2203//2203 2237//2237
f 2242//2242 2204//2204 2243//2243
f 2203//2203 2204//2204 2242//2242
f 2204//2204 2205//2205 2244//2244
f 2244//2244 2243//2243 2204//2204
f 2244//2244 2206//2206 2245//2245
f 2205//2205 2206//2206 2244//2244
f 2246//2246 2207//2207 2262//2262
f 2246//2246 2245//2245 2207//2207
f 2245//2245 2206//2206 2207//2207
f 2246//2246 2262//2262 2247//2247
f 2263//2263 2208//2208 2209//2209
f 2210//2210 2201//2201 2261//2261
f 2261//2261 2264//2264 2210//2210
f 2264//2264 2212//2212 2210//2210
f 2212//2212 2209//2209 2210//2210
f 2212//2212 2211//2211 2209//2209
f 2211//2211 2263//2263 2209//2209
f 2263//2263 2265//2265 2208//2208
f 2265//2265 2207//2207 2208//2208
f 2265//2265 2262//2262 2207//2207
f 2248//2248 2265//2265 2266//2266
f 2248//2248 2247//2247 2265//2265
f 2247//2247 2262//2262 2265//2265
f 2265//2265 2211//2211 2213//2213
f 2263//2263 2211//2211 2265//2265
f 2266//2266 2213//2213 2214//2214
f 2265//2265 2213//2213 2266//2266
f 2261//2261 2215//2215 2216//2216
f 2216//2216 2264//2264 2261//2261
f 2216//2216 2212//2212 2264//2264
f 2248//2248 2267//2267 2249//2249
f 2266//2266 2267//2267 2248//2248
f 2249//2249 2267//2267 2250//2250
f 2267//2267 2214//2214 2217//2217
f 2266//2266 2214//2214 2267//2267
f 2251//2251 2250//2250 2218//2218
f 2250//2250 2217//2217 2218//2218
f 2250//2250 2267//2267 2217//2217
f 2251//2251 2219//2219 2252//2252
f 2218//2218 2219//2219 2251//2251
f 2252//2252 2220//2220 2253//2253
f 2219//2219 2220//2220 2252//2252
f 2255//2255 2221//2221 2254//2254
f 2222//2222 2221//2221 2255//2255
f 2221//2221 2223//2223 2256//2256
f 2256//2256 2254//2254 2221//2221
f 2253//2253 2222//2222 2255//2255
f 2220//2220 2222//2222 2253//2253
f 2329//2329 2233//2233 2234//2234
f 2320//2320 2235//2235 2330//2330
f 2320//2320 2234//2234 2235//2235
f 2320//2320 2319//2319 2234//2234
f 2319//2319 2329//2329 2234//2234
f 2320//2320 2331//2331 2321//2321
f 2330//2330 2331//2331 2320//2320
f 2330//2330 2235//2235 2236//2236
f 2331//2331 2236//2236 2237//2237
f 2330//2330 2236//2236 2331//2331
f 2321//2321 2332//2332 2322//2322
f 2331//2331 2332//2332 2321//2321
f 2322//2322 2332//2332 2323//2323
f 2332//2332 2237//2237 2242//2242
f 2331//2331 2237//2237 2332//2332
f 2324//2324 2242//2242 2333//2333
f 2242//2242 2243//2243 2333//2333
f 2324//2324 2323//2323 2242//2242
f 2323//2323 2332//2332 2242//2242
f 2333//2333 2334//2334 2325//2325
f 2325//2325 2324//2324 2333//2333
f 2325//2325 2334//2334 2326//2326
f 2333//2333 2243//2243 2244//2244
f 2245//2245 2335//2335 2244//2244
f 2335//2335 2333//2333 2244//2244
f 2335//2335 2334//2334 2333//2333
f 2334//2334 2335//2335 2327//2327
f 2327//2327 2326//2326 2334//2334
f 2335//2335 2245//2245 2246//2246
f 2328//2328 2246//2246 2247//2247
f 2328//2328 2335//2335 2246//2246
f 2328//2328 2327//2327 2335//2335
f 2342//2342 2319//2319 2320//2320
f 2337//2337 2336//2336 2321//2321
f 2336//2336 2320//2320 2321//2321
f 2336//2336 2342//2342 2320//2320
f 2321//2321 2322//2322 2338//2338
f 2338//2338 2337//2337 2321//2321
f 2339//2339 2338//2338 2343//2343
f 2338//2338 2323//2323 2343//2343
f 2338//2338 2322//2322 2323//2323
f 2343//2343 2323//2323 2324//2324
f 2339//2339 2344//2344 2340//2340
f 2343//2343 2344//2344 2339//2339
f 2341//2341 2340//2340 2345//2345
f 2340//2340 2344//2344 2345//2345
f 2344//2344 2346//2346 2345//2345
f 2344//2344 2324//2324 2325//2325
f 2343//2343 2324//2324 2344//2344
f 2326//2326 2344//2344 2325//2325
f 2326//2326 2346//2346 2344//2344
f 2326//2326 2347//2347 2346//2346
f 2347//2347 2326//2326 2327//2327
f 2327//2327 2348//2348 2347//2347
f 2349//2349 2327//2327 2328//2328
f 2348//2348 2327//2327 2349//2349
f 2519//2519 2596//2596 2531//2531
f 2531//2531 2597//2597 2535//2535
f 2596//2596 2597//2597 2531//2531
f 2597//2597 2609//2609 2536//2536
f 2536//2536 2535//2535 2597//2597
f 2609//2609 2612//2612 2539//2539
f 2539//2539 2536//2536 2609//2609
f 2612//2612 2615//2615 2542//2542
f 2542//2542 2539//2539 2612//2612
f 2615//2615 2617//2617 2545//2545
f 2545//2545 2542//2542 2615//2615
f 2547//2547 2618//2618 2620//2620
f 2547//2547 2617//2617 2618//2618
f 2547//2547 2545//2545 2617//2617
f 2618//2618 2619//2619 2621//2621
f 2621//2621 2620//2620 2618//2618
f 2547//2547 2620//2620 2550//2550
f 2620//2620 2621//2621 2553//2553
f 2553//2553 2550//2550 2620//2620
f 2558//2558 2603//2603 2561//2561
f 2622//2622 2431//2431 2435//2435
f 2622//2622 2619//2619 2431//2431
f 2622//2622 2621//2621 2619//2619
f 2435//2435 2439//2439 2623//2623
f 2623//2623 2622//2622 2435//2435
f 2563//2563 2622//2622 2624//2624
f 2563//2563 2621//2621 2622//2622
f 2563//2563 2553//2553 2621//2621
f 2624//2624 2623//2623 2625//2625
f 2622//2622 2623//2623 2624//2624
f 2623//2623 2439//2439 2440//2440
f 2625//2625 2440//2440 2444//2444
f 2623//2623 2440//2440 2625//2625
f 2563//2563 2624//2624 2565//2565
f 2566//2566 2625//2625 2626//2626
f 2566//2566 2565//2565 2625//2625
f 2565//2565 2624//2624 2625//2625
f 2566//2566 2627//2627 2567//2567
f 2626//2626 2627//2627 2566//2566
f 2628//2628 2625//2625 2447//2447
f 2625//2625 2444//2444 2447//2447
f 2628//2628 2626//2626 2625//2625
f 2628//2628 2447//2447 2452//2452
f 2626//2626 2628//2628 2629//2629
f 2629//2629 2627//2627 2626//2626
f 2628//2628 2452//2452 2629//2629
f 2567//2567 2630//2630 2568//2568
f 2627//2627 2630//2630 2567//2567
f 2568//2568 2631//2631 2569//2569
f 2630//2630 2631//2631 2568//2568
f 2570//2570 2632//2632 2571//2571
f 2570//2570 2569//2569 2631//2631
f 2529//2529 2517//2517 2695//2695
f 2517//2517 2530//2530 2700//2700
f 2700//2700 2695//2695 2517//2517
f 2700//2700 2532//2532 2703//2703
f 2530//2530 2532//2532 2700//2700
f 2703//2703 2516//2516 2707//2707
f 2532//2532 2516//2516 2703//2703
f 2138//2138 2180//2180 2143//2143
f 2176//2176 2180//2180 2138//2138
f 2143//2143 2180//2180 2145//2145
f 1956//1956 2176//2176 1953//1953
f 2176//2176 2182//2182 1953//1953
f 1956//1956 2180//2180 2176//2176
f 1958//1958 2182//2182 2184//2184
f 1953//1953 2182//2182 1958//1958
f 2111//2111 2145//2145 2131//2131
f 2145//2145 2051//2051 2131//2131
f 2145//2145 2180//2180 2051//2051
f 2180//2180 1956//1956 2051//2051
f 1956//1956 1933//1933 2051//2051
f 1958//1958 2184//2184 2187//2187
f 2187//2187 1984//1984 1958//1958
f 2187//2187 1978//1978 1984//1984
f 2152//2152 2062//2062 2175//2175
f 2062//2062 1987//1987 2175//2175
f 2062//2062 1941//1941 1987//1987
f 2152//2152 2118//2118 2062//2062
f 2175//2175 2177//2177 2155//2155
f 2155//2155 2152//2152 2175//2175
f 2155//2155 2177//2177 2140//2140
f 2175//2175 1987//1987 1950//1950
f 2351//2351 2406//2406 2350//2350
f 2350//2350 2406//2406 2359//2359
f 2370//2370 2364//2364 2411//2411
f 2364//2364 2271//2271 2411//2411
f 2364//2364 2269//2269 2271//2271
f 2411//2411 2271//2271 2273//2273
f 2370//2370 2411//2411 2373//2373
f 2376//2376 2273//2273 2329//2329
f 2273//2273 2233//2233 2329//2329
f 2376//2376 2411//2411 2273//2273
f 2376//2376 2373//2373 2411//2411
f 2336//2336 2376//2376 2342//2342
f 2376//2376 2319//2319 2342//2342
f 2376//2376 2329//2329 2319//2319
f 2414//2414 2238//2238 2239//2239
f 2241//2241 2238//2238 2414//2414
f 2240//2240 2238//2238 2241//2241
f 2414//2414 2239//2239 2277//2277
f 2277//2277 2241//2241 2414//2414
f 2380//2380 2417//2417 2379//2379
f 2345//2345 2417//2417 2380//2380
f 2380//2380 2341//2341 2345//2345
f 2383//2383 2379//2379 2281//2281
f 2379//2379 2283//2283 2281//2281
f 2379//2379 2417//2417 2283//2283
f 2383//2383 2284//2284 2385//2385
f 2281//2281 2284//2284 2383//2383
f 2285//2285 2417//2417 2345//2345
f 2283//2283 2417//2417 2285//2285
f 2388//2388 2284//2284 2421//2421
f 2284//2284 2286//2286 2421//2421
f 2388//2388 2385//2385 2284//2284
f 2347//2347 2423//2423 2346//2346
f 2423//2423 2288//2288 2346//2346
f 2288//2288 2285//2285 2346//2346
f 2285//2285 2345//2345 2346//2346
f 2423//2423 2424//2424 2288//2288
f 2424//2424 2286//2286 2288//2288
f 2424//2424 2421//2421 2286//2286
f 2390//2390 2348//2348 2349//2349
f 2390//2390 2389//2389 2348//2348
f 2389//2389 2347//2347 2348//2348
f 2389//2389 2423//2423 2347//2347
f 2391//2391 2423//2423 2389//2389
f 2424//2424 2423//2423 2391//2391
f 2392//2392 2406//2406 2351//2351
f 2359//2359 2406//2406 2392//2392
f 2388//2388 2421//2421 2393//2393
f 2421//2421 2424//2424 2394//2394
f 2394//2394 2393//2393 2421//2421
f 2256//2256 2292//2292 2395//2395
f 2395//2395 2396//2396 2256//2256
f 2391//2391 2394//2394 2424//2424
f 2397//2397 2292//2292 2405//2405
f 2292//2292 2295//2295 2405//2405
f 2397//2397 2395//2395 2292//2292
f 2405//2405 2295//2295 2270//2270
f 2349//2349 2247//2247 2248//2248
f 2328//2328 2247//2247 2349//2349
f 2398//2398 2249//2249 2425//2425
f 2249//2249 2250//2250 2425//2425
f 2250//2250 2251//2251 2425//2425
f 2398//2398 2349//2349 2249//2249
f 2349//2349 2248//2248 2249//2249
f 2398//2398 2390//2390 2349//2349
f 2426//2426 2252//2252 2253//2253
f 2426//2426 2425//2425 2252//2252
f 2425//2425 2251//2251 2252//2252
f 2398//2398 2427//2427 2399//2399
f 2425//2425 2427//2427 2398//2398
f 2400//2400 2425//2425 2426//2426
f 2400//2400 2427//2427 2425//2425
f 2400//2400 2401//2401 2427//2427
f 2399//2399 2427//2427 2402//2402
f 2402//2402 2427//2427 2401//2401
f 2396//2396 2254//2254 2256//2256
f 2396//2396 2403//2403 2254//2254
f 2403//2403 2255//2255 2254//2254
f 2403//2403 2426//2426 2255//2255
f 2426//2426 2253//2253 2255//2255
f 2397//2397 2405//2405 2352//2352
f 2400//2400 2426//2426 2403//2403
f 2518//2518 2511//2511 2694//2694
f 2511//2511 2522//2522 2701//2701
f 2701//2701 2694//2694 2511//2511
f 2701//2701 2522//2522 2525//2525
f 2806//2806 2813//2813 2991//2991
f 2991//2991 2987//2987 2806//2806
f 2991//2991 2817//2817 2993//2993
f 2813//2813 2817//2817 2991//2991
f 2995//2995 2991//2991 2999//2999
f 2987//2987 2991//2991 2995//2995
f 2991//2991 2993//2993 3002//3002
f 3002//3002 2999//2999 2991//2991
f 2817//2817 2821//2821 3005//3005
f 3005//3005 2993//2993 2817//2817
f 3005//3005 2821//2821 2826//2826
f 3002//3002 3005//3005 3008//3008
f 2993//2993 3005//3005 3002//3002
f 3009//3009 2826//2826 2830//2830
f 3009//3009 3008//3008 2826//2826
f 3008//3008 3005//3005 2826//2826
f 3012//3012 2999//2999 3014//3014
f 2995//2995 2999//2999 3012//3012
f 2999//2999 3002//3002 3016//3016
f 3016//3016 3014//3014 2999//2999
f 2949//2949 3014//3014 2951//2951
f 3012//3012 3014//3014 2949//2949
f 2951//2951 3016//3016 2952//2952
f 3014//3014 3016//3016 2951//2951
f 3002//3002 3008//3008 3020//3020
f 3020//3020 3016//3016 3002//3002
f 3020//3020 3009//3009 3023//3023
f 3008//3008 3009//3009 3020//3020
f 3016//3016 3020//3020 2953//2953
f 2953//2953 2952//2952 3016//3016
f 3020//3020 3023//3023 2955//2955
f 2955//2955 2953//2953 3020//3020
f 2838//2838 2835//2835 3027//3027
f 3009//3009 2839//2839 3030//3030
f 2830//2830 2839//2839 3009//3009
f 3032//3032 2838//2838 3027//3027
f 3032//3032 2839//2839 2838//2838
f 3032//3032 3030//3030 2839//2839
f 3027//3027 2843//2843 3034//3034
f 2835//2835 2843//2843 3027//3027
f 3034//3034 2843//2843 2845//2845
f 3027//3027 3034//3034 3037//3037
f 3037//3037 3032//3032 3027//3027
f 3039//3039 3037//3037 2847//2847
f 3037//3037 2845//2845 2847//2847
f 3037//3037 3034//3034 2845//2845
f 3009//3009 3030//3030 3041//3041
f 3041//3041 3023//3023 3009//3009
f 3030//3030 3032//3032 3044//3044
f 3044//3044 3041//3041 3030//3030
f 3023//3023 3041//3041 2957//2957
f 2957//2957 2955//2955 3023//3023
f 3041//3041 3044//3044 2959//2959
f 2959//2959 2957//2957 3041//3041
f 3044//3044 3037//3037 3047//3047
f 3032//3032 3037//3037 3044//3044
f 3037//3037 3039//3039 3049//3049
f 3049//3049 3047//3047 3037//3037
f 3044//3044 3047//3047 2960//2960
f 2960//2960 2959//2959 3044//3044
f 2956//2956 3049//3049 2989//2989
f 2956//2956 2960//2960 3049//3049
f 2960//2960 3047//3047 3049//3049
f 3039//3039 2847//2847 2848//2848
f 3049//3049 2848//2848 2849//2849
f 3039//3039 2848//2848 3049//3049
f 2989//2989 2849//2849 2814//2814
f 3049//3049 2849//2849 2989//2989
f 646//646 647//647 813//813
f 813//813 812//812 646//646
f 647//647 648//648 814//814
f 814//814 813//813 647//647
f 816//816 823//823 815//815
f 818//818 649//649 817//817
f 650//650 649//649 818//818
f 649//649 651//651 819//819
f 819//819 817//817 649//649
f 818//818 815//815 650//650
f 815//815 823//823 650//650
f 823//823 652//652 650//650
f 814//814 653//653 820//820
f 648//648 653//653 814//814
f 653//653 654//654 788//788
f 788//788 820//820 653//653
f 791//791 790//790 607//607
f 790//790 789//789 607//607
f 789//789 654//654 607//607
f 789//789 788//788 654//654
f 747//747 791//791 794//794
f 791//791 608//608 794//794
f 608//608 609//609 794//794
f 609//609 696//696 794//794
f 609//609 610//610 696//696
f 610//610 730//730 696//696
f 791//791 607//607 608//608
f 816//816 821//821 823//823
f 821//821 655//655 823//823
f 821//821 656//656 655//655
f 821//821 705//705 656//656
f 705//705 634//634 656//656
f 821//821 755//755 705//705
f 655//655 652//652 823//823
f 767//767 801//801 771//771
f 822//822 808//808 783//783
f 810//810 808//808 822//822
f 785//785 810//810 822//822
f 1009//1009 1044//1044 1007//1007
f 1011//1011 1046//1046 1013//1013
f 993//993 1044//1044 1009//1009
f 2850//2850 2635//2635 2638//2638
f 2855//2855 2852//2852 2641//2641
f 2852//2852 2638//2638 2641//2641
f 2852//2852 2850//2850 2638//2638
f 2855//2855 2641//2641 2644//2644
f 2852//2852 2855//2855 2862//2862
f 2862//2862 2857//2857 2852//2852
f 2865//2865 2862//2862 2647//2647
f 2862//2862 2644//2644 2647//2647
f 2862//2862 2855//2855 2644//2644
f 2865//2865 2651//2651 2866//2866
f 2647//2647 2651//2651 2865//2865
f 2866//2866 2651//2651 2654//2654
f 2857//2857 2862//2862 2872//2872
f 2872//2872 2870//2870 2857//2857
f 2872//2872 2865//2865 2878//2878
f 2862//2862 2865//2865 2872//2872
f 2870//2870 2872//2872 2881//2881
f 2881//2881 2880//2880 2870//2870
f 2881//2881 2878//2878 2883//2883
f 2872//2872 2878//2878 2881//2881
f 2878//2878 2866//2866 2884//2884
f 2865//2865 2866//2866 2878//2878
f 2887//2887 2884//2884 2657//2657
f 2884//2884 2654//2654 2657//2657
f 2884//2884 2866//2866 2654//2654
f 2883//2883 2884//2884 2888//2888
f 2878//2878 2884//2884 2883//2883
f 2661//2661 2888//2888 2659//2659
f 2888//2888 2884//2884 2659//2659
f 2884//2884 2887//2887 2659//2659
f 2880//2880 2881//2881 2893//2893
f 2893//2893 2890//2890 2880//2880
f 2881//2881 2883//2883 2896//2896
f 2896//2896 2893//2893 2881//2881
f 2890//2890 2893//2893 2856//2856
f 2856//2856 2854//2854 2890//2890
f 2893//2893 2896//2896 2864//2864
f 2864//2864 2856//2856 2893//2893
f 2896//2896 2888//2888 2899//2899
f 2883//2883 2888//2888 2896//2896
f 2888//2888 2661//2661 2666//2666
f 2666//2666 2899//2899 2888//2888
f 2653//2653 2896//2896 2669//2669
f 2896//2896 2899//2899 2669//2669
f 2653//2653 2864//2864 2896//2896
f 2899//2899 2666//2666 2669//2669
f 2887//2887 2657//2657 2671//2671
f 2887//2887 2671//2671 2659//2659
f 921//921 659//659 960//960
f 659//659 661//661 960//960
f 921//921 927//927 659//659
f 960//960 661//661 663//663
f 924//924 923//923 960//960
f 923//923 922//922 960//960
f 922//922 921//921 960//960
f 933//933 667//667 962//962
f 933//933 924//924 667//667
f 924//924 663//663 667//667
f 924//924 960//960 663//663
f 933//933 962//962 945//945
f 962//962 667//667 670//670
f 950//950 671//671 964//964
f 950//950 670//670 671//671
f 950//950 945//945 670//670
f 945//945 962//962 670//670
f 671//671 662//662 959//959
f 959//959 964//964 671//671
f 950//950 964//964 952//952
f 964//964 959//959 926//926
f 926//926 952//952 964//964
f 1455//1455 1326//1326 1478//1478
f 1455//1455 1451//1451 1326//1326
f 1451//1451 1471//1471 1326//1326
f 1471//1471 1345//1345 1326//1326
f 1345//1345 1346//1346 1326//1326
f 1471//1471 1128//1128 1345//1345
f 1128//1128 1135//1135 1345//1345
f 1350//1350 1172//1172 1523//1523
f 1119//1119 1172//1172 1350//1350
f 1487//1487 1351//1351 1523//1523
f 1351//1351 1350//1350 1523//1523
f 1487//1487 1338//1338 1351//1351
f 1487//1487 1490//1490 1338//1338
f 1490//1490 1468//1468 1338//1338
f 1523//1523 1172//1172 1174//1174
f 1486//1486 1176//1176 1520//1520
f 1486//1486 1174//1174 1176//1176
f 1486//1486 1487//1487 1174//1174
f 1487//1487 1523//1523 1174//1174
f 1176//1176 1175//1175 1521//1521
f 1521//1521 1520//1520 1176//1176
f 1441//1441 1468//1468 1490//1490
f 1781//1781 1784//1784 1959//1959
f 1959//1959 1949//1949 1781//1781
f 1784//1784 1785//1785 1962//1962
f 1962//1962 1959//1959 1784//1784
f 1964//1964 1788//1788 1989//1989
f 1964//1964 1785//1785 1788//1788
f 1964//1964 1962//1962 1785//1785
f 1989//1989 1790//1790 1991//1991
f 1788//1788 1790//1790 1989//1989
f 1964//1964 1989//1989 1965//1965
f 1965//1965 1991//1991 1966//1966
f 1989//1989 1991//1991 1965//1965
f 1991//1991 1790//1790 1792//1792
f 1967//1967 1792//1792 1794//1794
f 1967//1967 1966//1966 1792//1792
f 1966//1966 1991//1991 1792//1792
f 1794//1794 1796//1796 1968//1968
f 1968//1968 1967//1967 1794//1794
f 1968//1968 1798//1798 1969//1969
f 1796//1796 1798//1798 1968//1968
f 1798//1798 1800//1800 1971//1971
f 1971//1971 1969//1969 1798//1798
f 1800//1800 1803//1803 1973//1973
f 1973//1973 1971//1971 1800//1800
f 1973//1973 1805//1805 1975//1975
f 1803//1803 1805//1805 1973//1973
f 1805//1805 1807//1807 1976//1976
f 1976//1976 1975//1975 1805//1805
f 1976//1976 1766//1766 1978//1978
f 1807//1807 1766//1766 1976//1976
f 2144//2144 1961//1961 2149//2149
f 1954//1954 1961//1961 2144//2144
f 2351//2351 2350//2350 2484//2484
f 2484//2484 2350//2350 2359//2359
f 2364//2364 2370//2370 2450//2450
f 2450//2450 2446//2446 2364//2364
f 2450//2450 2373//2373 2453//2453
f 2370//2370 2373//2373 2450//2450
f 2373//2373 2376//2376 2456//2456
f 2456//2456 2453//2453 2373//2373
f 2456//2456 2336//2336 2457//2457
f 2376//2376 2336//2336 2456//2456
f 2457//2457 2337//2337 2461//2461
f 2336//2336 2337//2337 2457//2457
f 2380//2380 2379//2379 2464//2464
f 2464//2464 2466//2466 2380//2380
f 2467//2467 2380//2380 2466//2466
f 2341//2341 2380//2380 2467//2467
f 2464//2464 2383//2383 2468//2468
f 2379//2379 2383//2383 2464//2464
f 2469//2469 2468//2468 2491//2491
f 2468//2468 2385//2385 2491//2491
f 2468//2468 2383//2383 2385//2385
f 2491//2491 2385//2385 2388//2388
f 2471//2471 2338//2338 2339//2339
f 2471//2471 2461//2461 2338//2338
f 2461//2461 2337//2337 2338//2338
f 2467//2467 2340//2340 2341//2341
f 2467//2467 2339//2339 2340//2340
f 2467//2467 2471//2471 2339//2339
f 2472//2472 2497//2497 2473//2473
f 2472//2472 2474//2474 2497//2497
f 2474//2474 2390//2390 2497//2497
f 2474//2474 2389//2389 2390//2390
f 2475//2475 2389//2389 2474//2474
f 2391//2391 2389//2389 2475//2475
f 2469//2469 2491//2491 2476//2476
f 2392//2392 2351//2351 2484//2484
f 2484//2484 2359//2359 2392//2392
f 2477//2477 2388//2388 2393//2393
f 2477//2477 2491//2491 2388//2388
f 2477//2477 2476//2476 2491//2491
f 2477//2477 2394//2394 2478//2478
f 2393//2393 2394//2394 2477//2477
f 2394//2394 2391//2391 2475//2475
f 2475//2475 2478//2478 2394//2394
f 2396//2396 2395//2395 2501//2501
f 2501//2501 2395//2395 2397//2397
f 2473//2473 2504//2504 2479//2479
f 2497//2497 2504//2504 2473//2473
f 2504//2504 2506//2506 2480//2480
f 2480//2480 2479//2479 2504//2504
f 2497//2497 2390//2390 2398//2398
f 2398//2398 2504//2504 2497//2497
f 2506//2506 2398//2398 2399//2399
f 2504//2504 2398//2398 2506//2506
f 2401//2401 2400//2400 2490//2490
f 2480//2480 2506//2506 2481//2481
f 2482//2482 2481//2481 2507//2507
f 2481//2481 2402//2402 2507//2507
f 2481//2481 2399//2399 2402//2402
f 2481//2481 2506//2506 2399//2399
f 2496//2496 2402//2402 2490//2490
f 2402//2402 2401//2401 2490//2490
f 2496//2496 2507//2507 2402//2402
f 2482//2482 2507//2507 2483//2483
f 2483//2483 2496//2496 2448//2448
f 2507//2507 2496//2496 2483//2483
f 2403//2403 2501//2501 2509//2509
f 2396//2396 2501//2501 2403//2403
f 2485//2485 2509//2509 2352//2352
f 2509//2509 2397//2397 2352//2352
f 2509//2509 2501//2501 2397//2397
f 2494//2494 2403//2403 2509//2509
f 2494//2494 2400//2400 2403//2403
f 2494//2494 2490//2490 2400//2400
f 2428//2428 2509//2509 2485//2485
f 2428//2428 2445//2445 2509//2509
f 2445//2445 2494//2494 2509//2509
f 1049//1049 927//927 921//921
f 1060//1060 924//924 933//933
f 1205//1205 1061//1061 945//945
f 1061//1061 933//933 945//945
f 1061//1061 1060//1060 933//933
f 1205//1205 1046//1046 1061//1061
f 1205//1205 945//945 950//950
f 1172//1172 1153//1153 1205//1205
f 1153//1153 1013//1013 1205//1205
f 1013//1013 1046//1046 1205//1205
f 1172//1172 1119//1119 1153//1153
f 1174//1174 950//950 1209//1209
f 950//950 952//952 1209//1209
f 1174//1174 1205//1205 950//950
f 1174//1174 1172//1172 1205//1205
f 952//952 926//926 1203//1203
f 1203//1203 1209//1209 952//952
f 1174//1174 1209//1209 1176//1176
f 1176//1176 1203//1203 1175//1175
f 1209//1209 1203//1203 1176//1176
f 1280//1280 1305//1305 1277//1277
f 1276//1276 1305//1305 1280//1280
f 1279//1279 1302//1302 1266//1266
f 1433//1433 1431//1431 1423//1423
f 1437//1437 1435//1435 1463//1463
f 1435//1435 1266//1266 1463//1463
f 1435//1435 1387//1387 1266//1266
f 1387//1387 1279//1279 1266//1266
f 1437//1437 1466//1466 1439//1439
f 1463//1463 1466//1466 1437//1437
f 1439//1439 1468//1468 1441//1441
f 1466//1466 1468//1468 1439//1439
f 1954//1954 1786//1786 1961//1961
f 1783//1783 1786//1786 1954//1954
f 2665//2665 2711//2711 2660//2660
f 2727//2727 2711//2711 2665//2665
f 2668//2668 2727//2727 2665//2665
f 2730//2730 2727//2727 2668//2668
f 2672//2672 2730//2730 2668//2668
f 2672//2672 2740//2740 2730//2730
f 2672//2672 2676//2676 2740//2740
f 2678//2678 2740//2740 2676//2676
f 2744//2744 2740//2740 2678//2678
f 2680//2680 2744//2744 2678//2678
f 2748//2748 2744//2744 2680//2680
f 2683//2683 2748//2748 2680//2680
f 2752//2752 2748//2748 2683//2683
f 2685//2685 2752//2752 2683//2683
f 2773//2773 2752//2752 2685//2685
f 2686//2686 2773//2773 2685//2685
f 2780//2780 2773//2773 2686//2686
f 2687//2687 2780//2780 2686//2686
f 2782//2782 2780//2780 2687//2687
f 2688//2688 2782//2782 2687//2687
f 2784//2784 2782//2782 2688//2688
f 2689//2689 2787//2787 2690//2690
f 2649//2649 2787//2787 2689//2689
f 2706//2706 2787//2787 2649//2649
f 2691//2691 2789//2789 2692//2692
f 2693//2693 2789//2789 2691//2691
f 2791//2791 2789//2789 2693//2693
f 2688//2688 2692//2692 2784//2784
f 2692//2692 2793//2793 2784//2784
f 2692//2692 2789//2789 2793//2793
f 2789//2789 2791//2791 2696//2696
f 2696//2696 2793//2793 2789//2789
f 2693//2693 2794//2794 2791//2791
f 2693//2693 2690//2690 2794//2794
f 2690//2690 2787//2787 2794//2794
f 2787//2787 2706//2706 2732//2732
f 2732//2732 2794//2794 2787//2787
f 2791//2791 2794//2794 2699//2699
f 2699//2699 2696//2696 2791//2791
f 2794//2794 2732//2732 2705//2705
f 2705//2705 2699//2699 2794//2794
f 2780//2780 2782//2782 2795//2795
f 2782//2782 2784//2784 2796//2796
f 2796//2796 2795//2795 2782//2782
f 659//659 409//409 661//661
f 407//407 409//409 659//659
f 409//409 410//410 663//663
f 663//663 661//661 409//409
f 663//663 416//416 667//667
f 410//410 416//416 663//663
f 670//670 667//667 695//695
f 667//667 419//419 695//695
f 667//667 416//416 419//419
f 695//695 419//419 420//420
f 670//670 695//695 671//671
f 662//662 420//420 411//411
f 662//662 695//695 420//420
f 662//662 671//671 695//695
f 1780//1780 1778//1778 1990//1990
f 1948//1948 1951//1951 1787//1787
f 1951//1951 1990//1990 1787//1787
f 1990//1990 1778//1778 1787//1787
f 1948//1948 1789//1789 1957//1957
f 1787//1787 1789//1789 1948//1948
f 1960//1960 1789//1789 1992//1992
f 1789//1789 1791//1791 1992//1992
f 1960//1960 1957//1957 1789//1789
f 1992//1992 1791//1791 1793//1793
f 1782//1782 1795//1795 1963//1963
f 1963//1963 1955//1955 1782//1782
f 1970//1970 1963//1963 1990//1990
f 1963//1963 1780//1780 1990//1990
f 1963//1963 1795//1795 1780//1780
f 1970//1970 1990//1990 1951//1951
f 1960//1960 1992//1992 1972//1972
f 1974//1974 1793//1793 1797//1797
f 1974//1974 1992//1992 1793//1793
f 1974//1974 1972//1972 1992//1992
f 1977//1977 1974//1974 1993//1993
f 1974//1974 1799//1799 1993//1993
f 1974//1974 1797//1797 1799//1799
f 1993//1993 1799//1799 1801//1801
f 1977//1977 1993//1993 1979//1979
f 1980//1980 1801//1801 1802//1802
f 1980//1980 1979//1979 1801//1801
f 1979//1979 1993//1993 1801//1801
f 1981//1981 1980//1980 1994//1994
f 1980//1980 1802//1802 1994//1994
f 1802//1802 1804//1804 1994//1994
f 1994//1994 1804//1804 1806//1806
f 1981//1981 1994//1994 1982//1982
f 1983//1983 1994//1994 1808//1808
f 1994//1994 1806//1806 1808//1808
f 1983//1983 1982//1982 1994//1994
f 1808//1808 1809//1809 1985//1985
f 1985//1985 1983//1983 1808//1808
f 1985//1985 1810//1810 1986//1986
f 1809//1809 1810//1810 1985//1985
f 1810//1810 1783//1783 1954//1954
f 1954//1954 1986//1986 1810//1810
f 2803//2803 2882//2882 2805//2805
f 2879//2879 2882//2882 2803//2803
f 2882//2882 2857//2857 2870//2870
f 2879//2879 2857//2857 2882//2882
f 2882//2882 2886//2886 2807//2807
f 2807//2807 2805//2805 2882//2882
f 2882//2882 2870//2870 2880//2880
f 2880//2880 2886//2886 2882//2882
f 2810//2810 2891//2891 2812//2812
f 2807//2807 2895//2895 2815//2815
f 2886//2886 2895//2895 2807//2807
f 2886//2886 2880//2880 2890//2890
f 2890//2890 2895//2895 2886//2886
f 2810//2810 2897//2897 2891//2891
f 2810//2810 2815//2815 2897//2897
f 2815//2815 2895//2895 2897//2897
f 2895//2895 2890//2890 2854//2854
f 2854//2854 2897//2897 2895//2895
f 2851//2851 2859//2859 2904//2904
f 2904//2904 2902//2902 2851//2851
f 2859//2859 2861//2861 2906//2906
f 2906//2906 2904//2904 2859//2859
f 2904//2904 2906//2906 2910//2910
f 2910//2910 2908//2908 2904//2904
f 2811//2811 2906//2906 2861//2861
f 2811//2811 2912//2912 2906//2906
f 2811//2811 2819//2819 2912//2912
f 2822//2822 2912//2912 2819//2819
f 2914//2914 2912//2912 2822//2822
f 2906//2906 2912//2912 2915//2915
f 2915//2915 2910//2910 2906//2906
f 2912//2912 2914//2914 2917//2917
f 2917//2917 2915//2915 2912//2912
f 2660//2660 2908//2908 2910//2910
f 2658//2658 2908//2908 2660//2660
f 2665//2665 2910//2910 2915//2915
f 2660//2660 2910//2910 2665//2665
f 2668//2668 2915//2915 2917//2917
f 2665//2665 2915//2915 2668//2668
f 2825//2825 2914//2914 2822//2822
f 2919//2919 2914//2914 2825//2825
f 2827//2827 2919//2919 2825//2825
f 2914//2914 2919//2919 2921//2921
f 2921//2921 2917//2917 2914//2914
f 2827//2827 2921//2921 2919//2919
f 2827//2827 2923//2923 2921//2921
f 2827//2827 2829//2829 2923//2923
f 2832//2832 2923//2923 2829//2829
f 2924//2924 2923//2923 2832//2832
f 2834//2834 2924//2924 2832//2832
f 2926//2926 2924//2924 2834//2834
f 2928//2928 2672//2672 2921//2921
f 2672//2672 2668//2668 2921//2921
f 2668//2668 2917//2917 2921//2921
f 2921//2921 2923//2923 2929//2929
f 2929//2929 2928//2928 2921//2921
f 2676//2676 2672//2672 2928//2928
f 2678//2678 2928//2928 2929//2929
f 2676//2676 2928//2928 2678//2678
f 2923//2923 2924//2924 2930//2930
f 2930//2930 2929//2929 2923//2923
f 2924//2924 2926//2926 2931//2931
f 2931//2931 2930//2930 2924//2924
f 2680//2680 2929//2929 2930//2930
f 2678//2678 2929//2929 2680//2680
f 2683//2683 2930//2930 2931//2931
f 2680//2680 2930//2930 2683//2683
f 2933//2933 2926//2926 2834//2834
f 2834//2834 2837//2837 2933//2933
f 2840//2840 2933//2933 2837//2837
f 2934//2934 2933//2933 2840//2840
f 2841//2841 2935//2935 2842//2842
f 2844//2844 2934//2934 2840//2840
f 2936//2936 2934//2934 2844//2844
f 2844//2844 2842//2842 2936//2936
f 2842//2842 2937//2937 2936//2936
f 2842//2842 2935//2935 2937//2937
f 2926//2926 2933//2933 2938//2938
f 2938//2938 2931//2931 2926//2926
f 2933//2933 2934//2934 2940//2940
f 2940//2940 2938//2938 2933//2933
f 2685//2685 2931//2931 2938//2938
f 2683//2683 2931//2931 2685//2685
f 2685//2685 2938//2938 2940//2940
f 2940//2940 2686//2686 2685//2685
f 2934//2934 2936//2936 2941//2941
f 2941//2941 2940//2940 2934//2934
f 2936//2936 2937//2937 2942//2942
f 2942//2942 2941//2941 2936//2936
f 2686//2686 2940//2940 2941//2941
f 2941//2941 2687//2687 2686//2686
f 2687//2687 2941//2941 2942//2942
f 2942//2942 2688//2688 2687//2687
f 2846//2846 2935//2935 2841//2841
f 2944//2944 2935//2935 2846//2846
f 2846//2846 2945//2945 2944//2944
f 2846//2846 2812//2812 2945//2945
f 2812//2812 2891//2891 2945//2945
f 2935//2935 2944//2944 2946//2946
f 2946//2946 2937//2937 2935//2935
f 2944//2944 2945//2945 2947//2947
f 2947//2947 2946//2946 2944//2944
f 2891//2891 2897//2897 2948//2948
f 2948//2948 2945//2945 2891//2891
f 2897//2897 2854//2854 2860//2860
f 2860//2860 2948//2948 2897//2897
f 2690//2690 2948//2948 2689//2689
f 2690//2690 2947//2947 2948//2948
f 2947//2947 2945//2945 2948//2948
f 2689//2689 2948//2948 2860//2860
f 2860//2860 2649//2649 2689//2689
f 2692//2692 2946//2946 2691//2691
f 2692//2692 2937//2937 2946//2946
f 2692//2692 2942//2942 2937//2937
f 2691//2691 2946//2946 2947//2947
f 2947//2947 2693//2693 2691//2691
f 2942//2942 2692//2692 2688//2688
f 2947//2947 2690//2690 2693//2693
f 443//443 131//131 132//132
f 414//414 443//443 133//133
f 443//443 132//132 133//133
f 414//414 411//411 443//443
f 133//133 134//134 418//418
f 418//418 414//414 133//133
f 134//134 136//136 421//421
f 421//421 418//418 134//134
f 421//421 139//139 426//426
f 136//136 139//139 421//421
f 139//139 141//141 429//429
f 429//429 426//426 139//139
f 141//141 143//143 430//430
f 430//430 429//429 141//141
f 430//430 146//146 431//431
f 143//143 146//146 430//430
f 146//146 148//148 432//432
f 432//432 431//431 146//146
f 148//148 153//153 433//433
f 433//433 432//432 148//148
f 433//433 156//156 434//434
f 153//153 156//156 433//433
f 156//156 158//158 435//435
f 435//435 434//434 156//156
f 158//158 160//160 436//436
f 436//436 435//435 158//158
f 160//160 161//161 437//437
f 437//437 436//436 160//160
f 437//437 162//162 438//438
f 161//161 162//162 437//437
f 162//162 163//163 439//439
f 439//439 438//438 162//162
f 1173//1173 1177//1177 1524//1524
f 1524//1524 1522//1522 1173//1173
f 1177//1177 1179//1179 1525//1525
f 1525//1525 1524//1524 1177//1177
f 1525//1525 1179//1179 1181//1181
f 1522//1522 1524//1524 1500//1500
f 1500//1500 1495//1495 1522//1522
f 1524//1524 1525//1525 1502//1502
f 1502//1502 1500//1500 1524//1524
f 1506//1506 1502//1502 1182//1182
f 1502//1502 1181//1181 1182//1182
f 1502//1502 1525//1525 1181//1181
f 1182//1182 1184//1184 1508//1508
f 1508//1508 1506//1506 1182//1182
f 1184//1184 1185//1185 1511//1511
f 1511//1511 1508//1508 1184//1184
f 1185//1185 1187//1187 1513//1513
f 1513//1513 1511//1511 1185//1185
f 1513//1513 1188//1188 1515//1515
f 1187//1187 1188//1188 1513//1513
f 1188//1188 1189//1189 1516//1516
f 1516//1516 1515//1515 1188//1188
f 1517//1517 1516//1516 1526//1526
f 1516//1516 1191//1191 1526//1526
f 1516//1516 1189//1189 1191//1191
f 1526//1526 1191//1191 1193//1193
f 1517//1517 1526//1526 1518//1518
f 1519//1519 1306//1306 1464//1464
f 1519//1519 1518//1518 1306//1306
f 1518//1518 1340//1340 1306//1306
f 1518//1518 1526//1526 1340//1340
f 1526//1526 1193//1193 1340//1340
f 1193//1193 1121//1121 1340//1340
f 1519//1519 1464//1464 1434//1434
f 1128//1128 1471//1471 1127//1127
f 1471//1471 1310//1310 1127//1127
f 1310//1310 1125//1125 1127//1127
f 2269//2269 2143//2143 2271//2271
f 2138//2138 2143//2143 2269//2269
f 2271//2271 2145//2145 2273//2273
f 2143//2143 2145//2145 2271//2271
f 2233//2233 2273//2273 2257//2257
f 2273//2273 2195//2195 2257//2257
f 2273//2273 2145//2145 2195//2195
f 2145//2145 2111//2111 2195//2195
f 2239//2239 2259//2259 2277//2277
f 2241//2241 2260//2260 2261//2261
f 2260//2260 2202//2202 2261//2261
f 2202//2202 2215//2215 2261//2261
f 2202//2202 2225//2225 2215//2215
f 2241//2241 2277//2277 2260//2260
f 2277//2277 2259//2259 2260//2260
f 2283//2283 2310//2310 2281//2281
f 2281//2281 2310//2310 2284//2284
f 2285//2285 2310//2310 2283//2283
f 2311//2311 2310//2310 2285//2285
f 2284//2284 2311//2311 2286//2286
f 2310//2310 2311//2311 2284//2284
f 2288//2288 2311//2311 2285//2285
f 2286//2286 2311//2311 2288//2288
f 2292//2292 2223//2223 2118//2118
f 2223//2223 2119//2119 2118//2118
f 2292//2292 2256//2256 2223//2223
f 2292//2292 2152//2152 2295//2295
f 2118//2118 2152//2152 2292//2292
f 2270//2270 2152//2152 2307//2307
f 2152//2152 2155//2155 2307//2307
f 2270//2270 2295//2295 2152//2152
f 2307//2307 2155//2155 2140//2140
f 2429//2429 2434//2434 2587//2587
f 2587//2587 2572//2572 2429//2429
f 2587//2587 2434//2434 2437//2437
f 2589//2589 2587//2587 2591//2591
f 2572//2572 2587//2587 2589//2589
f 2594//2594 2437//2437 2442//2442
f 2594//2594 2587//2587 2437//2437
f 2594//2594 2591//2591 2587//2587
f 2519//2519 2591//2591 2596//2596
f 2519//2519 2516//2516 2591//2591
f 2516//2516 2589//2589 2591//2591
f 2591//2591 2594//2594 2597//2597
f 2597//2597 2596//2596 2591//2591
f 2594//2594 2451//2451 2598//2598
f 2442//2442 2451//2451 2594//2594
f 2598//2598 2454//2454 2602//2602
f 2451//2451 2454//2454 2598//2598
f 2597//2597 2598//2598 2609//2609
f 2594//2594 2598//2598 2597//2597
f 2598//2598 2602//2602 2612//2612
f 2612//2612 2609//2609 2598//2598
f 2602//2602 2454//2454 2459//2459
f 2615//2615 2612//2612 2462//2462
f 2612//2612 2459//2459 2462//2462
f 2612//2612 2602//2602 2459//2459
f 2462//2462 2463//2463 2617//2617
f 2617//2617 2615//2615 2462//2462
f 2463//2463 2465//2465 2618//2618
f 2618//2618 2617//2617 2463//2463
f 2465//2465 2470//2470 2619//2619
f 2619//2619 2618//2618 2465//2465
f 2619//2619 2470//2470 2431//2431
f 2988//2988 2803//2803 2805//2805
f 2986//2986 2803//2803 2988//2988
f 2990//2990 2805//2805 2807//2807
f 2988//2988 2805//2805 2990//2990
f 2992//2992 2994//2994 2998//2998
f 2998//2998 2997//2997 2992//2992
f 2994//2994 2990//2990 3001//3001
f 3001//3001 2998//2998 2994//2994
f 2997//2997 2998//2998 3006//3006
f 3006//3006 3003//3003 2997//2997
f 2812//2812 2998//2998 2810//2810
f 2998//2998 3001//3001 2810//2810
f 2812//2812 3006//3006 2998//2998
f 2990//2990 2807//2807 2815//2815
f 2815//2815 3001//3001 2990//2990
f 3001//3001 2815//2815 2810//2810
f 2819//2819 2811//2811 3011//3011
f 2822//2822 3011//3011 3013//3013
f 2819//2819 3011//3011 2822//2822
f 2825//2825 3013//3013 3017//3017
f 2822//2822 3013//3013 2825//2825
f 3021//3021 2827//2827 3019//3019
f 2827//2827 3017//3017 3019//3019
f 2827//2827 2825//2825 3017//3017
f 2829//2829 2827//2827 3021//3021
f 3019//3019 3024//3024 3026//3026
f 3026//3026 3021//3021 3019//3019
f 3024//3024 3028//3028 3031//3031
f 3031//3031 3026//3026 3024//3024
f 2832//2832 3021//3021 3026//3026
f 2829//2829 3021//3021 2832//2832
f 2834//2834 3026//3026 3031//3031
f 2832//2832 3026//3026 2834//2834
f 3031//3031 3035//3035 3040//3040
f 3028//3028 3035//3035 3031//3031
f 3035//3035 3042//3042 3043//3043
f 3043//3043 3040//3040 3035//3035
f 2837//2837 3031//3031 3040//3040
f 2834//2834 3031//3031 2837//2837
f 2837//2837 3040//3040 3043//3043
f 3043//3043 2840//2840 2837//2837
f 3042//3042 3045//3045 3046//3046
f 3046//3046 3043//3043 3042//3042
f 2842//2842 3003//3003 2841//2841
f 2842//2842 3045//3045 3003//3003
f 2842//2842 3046//3046 3045//3045
f 2840//2840 3043//3043 3046//3046
f 3046//3046 2844//2844 2840//2840
f 3046//3046 2842//2842 2844//2844
f 2841//2841 3003//3003 3006//3006
f 3006//3006 2846//2846 2841//2841
f 3006//3006 2812//2812 2846//2846
f 3060//3060 2951//2951 3061//3061
f 2949//2949 2951//2951 3060//3060
f 3061//3061 2952//2952 3063//3063
f 2951//2951 2952//2952 3061//3061
f 2952//2952 2953//2953 3064//3064
f 3064//3064 3063//3063 2952//2952
f 2953//2953 2955//2955 3065//3065
f 3065//3065 3064//3064 2953//2953
f 2955//2955 2957//2957 3067//3067
f 3067//3067 3065//3065 2955//2955
f 2957//2957 2959//2959 3069//3069
f 3069//3069 3067//3067 2957//2957
f 2959//2959 2960//2960 3071//3071
f 3071//3071 3069//3069 2959//2959
f 3071//3071 2960//2960 2956//2956
f 407//407 144//144 409//409
f 140//140 144//144 407//407
f 410//410 144//144 442//442
f 144//144 147//147 442//442
f 410//410 409//409 144//144
f 442//442 147//147 150//150
f 410//410 442//442 416//416
f 419//419 416//416 155//155
f 416//416 442//442 155//155
f 442//442 150//150 155//155
f 420//420 419//419 443//443
f 419//419 155//155 443//443
f 155//155 131//131 443//443
f 420//420 443//443 411//411
f 662//662 664//664 961//961
f 961//961 959//959 662//662
f 961//961 664//664 668//668
f 959//959 961//961 928//928
f 928//928 926//926 959//959
f 930//930 928//928 672//672
f 928//928 668//668 672//672
f 928//928 961//961 668//668
f 672//672 674//674 932//932
f 932//932 930//930 672//672
f 934//934 674//674 963//963
f 674//674 676//676 963//963
f 934//934 932//932 674//674
f 934//934 963//963 938//938
f 963//963 676//676 678//678
f 940//940 963//963 680//680
f 963//963 678//678 680//680
f 940//940 938//938 963//963
f 680//680 681//681 943//943
f 943//943 940//940 680//680
f 681//681 683//683 946//946
f 946//946 943//943 681//681
f 946//946 685//685 948//948
f 683//683 685//685 946//946
f 685//685 686//686 949//949
f 949//949 948//948 685//685
f 686//686 688//688 951//951
f 951//951 949//949 686//686
f 951//951 689//689 953//953
f 688//688 689//689 951//951
f 689//689 690//690 954//954
f 954//954 953//953 689//689
f 954//954 691//691 955//955
f 690//690 691//691 954//954
f 955//955 692//692 956//956
f 691//691 692//692 955//955
f 692//692 693//693 957//957
f 957//957 956//956 692//692
f 1495//1495 1500//1500 1784//1784
f 1784//1784 1781//1781 1495//1495
f 1500//1500 1502//1502 1785//1785
f 1785//1785 1784//1784 1500//1500
f 1502//1502 1506//1506 1788//1788
f 1788//1788 1785//1785 1502//1502
f 1506//1506 1508//1508 1790//1790
f 1790//1790 1788//1788 1506//1506
f 1792//1792 1508//1508 1813//1813
f 1508//1508 1511//1511 1813//1813
f 1792//1792 1790//1790 1508//1508
f 1813//1813 1511//1511 1513//1513
f 1792//1792 1813//1813 1794//1794
f 1796//1796 1513//1513 1515//1515
f 1796//1796 1813//1813 1513//1513
f 1796//1796 1794//1794 1813//1813
f 1515//1515 1516//1516 1798//1798
f 1798//1798 1796//1796 1515//1515
f 1516//1516 1517//1517 1800//1800
f 1800//1800 1798//1798 1516//1516
f 1800//1800 1518//1518 1803//1803
f 1517//1517 1518//1518 1800//1800
f 1518//1518 1519//1519 1805//1805
f 1805//1805 1803//1803 1518//1518
f 1805//1805 1434//1434 1807//1807
f 1519//1519 1434//1434 1805//1805
f 1766//1766 1807//1807 1664//1664
f 1807//1807 1436//1436 1664//1664
f 1436//1436 1438//1438 1664//1664
f 1438//1438 1440//1440 1664//1664
f 1807//1807 1434//1434 1436//1436
f 1950//1950 1779//1779 1952//1952
f 1777//1777 1779//1779 1950//1950
f 1952//1952 1782//1782 1955//1955
f 1779//1779 1782//1782 1952//1952
f 1949//1949 1959//1959 2183//2183
f 2183//2183 2178//2178 1949//1949
f 1959//1959 1962//1962 2185//2185
f 2185//2185 2183//2183 1959//1959
f 2178//2178 2183//2183 2146//2146
f 2146//2146 2141//2141 2178//2178
f 2183//2183 2185//2185 2148//2148
f 2148//2148 2146//2146 2183//2183
f 2185//2185 1962//1962 1964//1964
f 2151//2151 1964//1964 1965//1965
f 2151//2151 2148//2148 1964//1964
f 2148//2148 2185//2185 1964//1964
f 2151//2151 1966//1966 2153//2153
f 1965//1965 1966//1966 2151//2151
f 2156//2156 1967//1967 2188//2188
f 2156//2156 2153//2153 1967//1967
f 2153//2153 1966//1966 1967//1967
f 2188//2188 1968//1968 2189//2189
f 1967//1967 1968//1968 2188//2188
f 2189//2189 1969//1969 2190//2190
f 1968//1968 1969//1969 2189//2189
f 2190//2190 1971//1971 2191//2191
f 1969//1969 1971//1971 2190//2190
f 2156//2156 2188//2188 2158//2158
f 2159//2159 2189//2189 2192//2192
f 2159//2159 2158//2158 2189//2189
f 2158//2158 2188//2188 2189//2189
f 2192//2192 2176//2176 2138//2138
f 2138//2138 2159//2159 2192//2192
f 2189//2189 2190//2190 2193//2193
f 2193//2193 2192//2192 2189//2189
f 2167//2167 2190//2190 2191//2191
f 2167//2167 2169//2169 2190//2190
f 2169//2169 2193//2193 2190//2190
f 2176//2176 2193//2193 2182//2182
f 2192//2192 2193//2193 2176//2176
f 2169//2169 2182//2182 2193//2193
f 2169//2169 2171//2171 2182//2182
f 2171//2171 2184//2184 2182//2182
f 2191//2191 1971//1971 1973//1973
f 2174//2174 2167//2167 2194//2194
f 2167//2167 2191//2191 2194//2194
f 2191//2191 1973//1973 2194//2194
f 1973//1973 1975//1975 2194//2194
f 2194//2194 1975//1975 1976//1976
f 2171//2171 2194//2194 2184//2184
f 2194//2194 2187//2187 2184//2184
f 2171//2171 2174//2174 2194//2194
f 2194//2194 1976//1976 1978//1978
f 1978//1978 2187//2187 2194//2194
f 2272//2272 2149//2149 2276//2276
f 2144//2144 2149//2149 2272//2272
f 2353//2353 2404//2404 2355//2355
f 2358//2358 2404//2404 2275//2275
f 2404//2404 2268//2268 2275//2275
f 2358//2358 2355//2355 2404//2404
f 2358//2358 2278//2278 2361//2361
f 2275//2275 2278//2278 2358//2358
f 2278//2278 2280//2280 2363//2363
f 2363//2363 2361//2361 2278//2278
f 2280//2280 2282//2282 2366//2366
f 2366//2366 2363//2363 2280//2280
f 2369//2369 2287//2287 2408//2408
f 2369//2369 2282//2282 2287//2287
f 2369//2369 2366//2366 2282//2282
f 2287//2287 2289//2289 2410//2410
f 2410//2410 2408//2408 2287//2287
f 2289//2289 2291//2291 2415//2415
f 2415//2415 2410//2410 2289//2289
f 2415//2415 2291//2291 2293//2293
f 2369//2369 2408//2408 2371//2371
f 2408//2408 2410//2410 2374//2374
f 2374//2374 2371//2371 2408//2408
f 2410//2410 2415//2415 2377//2377
f 2377//2377 2374//2374 2410//2410
f 2378//2378 2293//2293 2297//2297
f 2378//2378 2415//2415 2293//2293
f 2378//2378 2377//2377 2415//2415
f 2381//2381 2300//2300 2419//2419
f 2381//2381 2378//2378 2300//2300
f 2378//2378 2297//2297 2300//2300
f 2300//2300 2302//2302 2420//2420
f 2420//2420 2419//2419 2300//2300
f 2381//2381 2419//2419 2384//2384
f 2419//2419 2420//2420 2387//2387
f 2387//2387 2384//2384 2419//2419
f 2420//2420 2302//2302 2304//2304
f 2356//2356 2387//2387 2409//2409
f 2387//2387 2420//2420 2409//2409
f 2420//2420 2304//2304 2409//2409
f 2304//2304 2305//2305 2409//2409
f 2409//2409 2305//2305 2272//2272
f 2486//2486 2353//2353 2355//2355
f 2434//2434 2486//2486 2358//2358
f 2486//2486 2355//2355 2358//2358
f 2434//2434 2429//2429 2486//2486
f 2437//2437 2358//2358 2489//2489
f 2358//2358 2361//2361 2489//2489
f 2437//2437 2434//2434 2358//2358
f 2489//2489 2363//2363 2493//2493
f 2361//2361 2363//2363 2489//2489
f 2493//2493 2366//2366 2495//2495
f 2363//2363 2366//2366 2493//2493
f 2437//2437 2489//2489 2442//2442
f 2489//2489 2493//2493 2451//2451
f 2451//2451 2442//2442 2489//2489
f 2451//2451 2495//2495 2454//2454
f 2493//2493 2495//2495 2451//2451
f 2495//2495 2366//2366 2369//2369
f 2459//2459 2369//2369 2500//2500
f 2369//2369 2371//2371 2500//2500
f 2459//2459 2495//2495 2369//2369
f 2459//2459 2454//2454 2495//2495
f 2371//2371 2374//2374 2505//2505
f 2505//2505 2500//2500 2371//2371
f 2459//2459 2500//2500 2462//2462
f 2500//2500 2505//2505 2463//2463
f 2463//2463 2462//2462 2500//2500
f 2374//2374 2377//2377 2508//2508
f 2508//2508 2505//2505 2374//2374
f 2377//2377 2378//2378 2510//2510
f 2510//2510 2508//2508 2377//2377
f 2505//2505 2508//2508 2465//2465
f 2465//2465 2463//2463 2505//2505
f 2508//2508 2510//2510 2470//2470
f 2470//2470 2465//2465 2508//2508
f 2510//2510 2378//2378 2381//2381
f 2431//2431 2381//2381 2487//2487
f 2381//2381 2384//2384 2487//2487
f 2431//2431 2510//2510 2381//2381
f 2431//2431 2470//2470 2510//2510
f 2384//2384 2387//2387 2492//2492
f 2492//2492 2487//2487 2384//2384
f 2492//2492 2387//2387 2356//2356
f 2433//2433 2430//2430 2581//2581
f 2579//2579 2443//2443 2583//2583
f 2436//2436 2443//2443 2579//2579
f 2585//2585 2433//2433 2581//2581
f 2585//2585 2583//2583 2433//2433
f 2583//2583 2443//2443 2433//2433
f 2581//2581 2449//2449 2588//2588
f 2430//2430 2449//2449 2581//2581
f 2449//2449 2455//2455 2590//2590
f 2590//2590 2588//2588 2449//2449
f 2511//2511 2518//2518 2588//2588
f 2518//2518 2581//2581 2588//2588
f 2518//2518 2585//2585 2581//2581
f 2588//2588 2590//2590 2522//2522
f 2522//2522 2511//2511 2588//2588
f 2590//2590 2455//2455 2458//2458
f 2525//2525 2460//2460 2592//2592
f 2525//2525 2522//2522 2460//2460
f 2522//2522 2458//2458 2460//2460
f 2522//2522 2590//2590 2458//2458
f 2592//2592 2460//2460 2446//2446
f 2707//2707 2516//2516 2519//2519
f 2954//2954 2985//2985 2950//2950
f 2956//2956 2989//2989 2958//2958
f 2954//2954 2996//2996 2985//2985
f 2954//2954 3000//3000 2996//2996
f 2954//2954 2961//2961 3000//3000
f 2962//2962 3000//3000 2961//2961
f 3004//3004 3000//3000 2962//2962
f 2996//2996 3000//3000 3010//3010
f 3010//3010 3007//3007 2996//2996
f 3000//3000 3004//3004 3015//3015
f 3015//3015 3010//3010 3000//3000
f 2963//2963 3004//3004 2962//2962
f 2963//2963 3015//3015 3004//3004
f 2963//2963 2964//2964 3015//3015
f 2964//2964 3018//3018 3015//3015
f 2965//2965 3018//3018 2964//2964
f 3022//3022 3018//3018 2965//2965
f 3007//3007 3010//3010 3029//3029
f 3029//3029 3025//3025 3007//3007
f 3010//3010 3015//3015 3033//3033
f 3033//3033 3029//3029 3010//3010
f 2808//2808 3025//3025 3029//3029
f 2804//2804 3025//3025 2808//2808
f 2809//2809 3029//3029 3033//3033
f 2808//2808 3029//3029 2809//2809
f 3015//3015 3018//3018 3036//3036
f 3036//3036 3033//3033 3015//3015
f 3018//3018 3022//3022 3038//3038
f 3038//3038 3036//3036 3018//3018
f 3011//3011 2811//2811 3036//3036
f 2811//2811 3033//3033 3036//3036
f 2811//2811 2809//2809 3033//3033
f 3036//3036 3038//3038 3013//3013
f 3013//3013 3011//3011 3036//3036
f 2966//2966 3022//3022 2965//2965
f 2966//2966 3038//3038 3022//3022
f 2966//2966 2967//2967 3038//3038
f 2967//2967 3048//3048 3038//3038
f 2968//2968 3048//3048 2967//2967
f 3050//3050 3048//3048 2968//2968
f 3038//3038 3048//3048 3017//3017
f 3017//3017 3013//3013 3038//3038
f 3048//3048 3050//3050 3019//3019
f 3019//3019 3017//3017 3048//3048
f 2969//2969 3050//3050 2968//2968
f 2969//2969 3019//3019 3050//3050
f 2969//2969 3024//3024 3019//3019
f 2969//2969 2970//2970 3024//3024
f 2971//2971 3024//3024 2970//2970
f 3028//3028 3024//3024 2971//2971
f 2972//2972 2816//2816 3051//3051
f 2972//2972 2958//2958 2816//2816
f 2958//2958 2814//2814 2816//2816
f 2958//2958 2989//2989 2814//2814
f 3051//3051 2816//2816 2818//2818
f 2972//2972 3051//3051 2973//2973
f 2974//2974 2818//2818 2820//2820
f 2974//2974 2973//2973 2818//2818
f 2973//2973 3051//3051 2818//2818
f 2975//2975 2820//2820 3052//3052
f 2820//2820 2823//2823 3052//3052
f 2975//2975 2974//2974 2820//2820
f 3052//3052 2823//2823 2824//2824
f 2975//2975 3052//3052 2976//2976
f 2977//2977 3052//3052 3053//3053
f 3052//3052 2824//2824 3053//3053
f 2824//2824 2828//2828 3053//3053
f 2977//2977 2976//2976 3052//3052
f 3053//3053 3054//3054 2978//2978
f 2978//2978 2977//2977 3053//3053
f 3053//3053 2831//2831 3055//3055
f 2828//2828 2831//2831 3053//3053
f 3055//3055 2831//2831 2833//2833
f 3054//3054 3055//3055 3056//3056
f 3053//3053 3055//3055 3054//3054
f 2986//2986 3056//3056 2836//2836
f 3056//3056 2833//2833 2836//2836
f 3056//3056 3055//3055 2833//2833
f 2986//2986 2836//2836 2803//2803
f 3054//3054 3057//3057 2979//2979
f 2979//2979 2978//2978 3054//3054
f 2979//2979 2992//2992 2980//2980
f 3057//3057 2992//2992 2979//2979
f 3035//3035 3028//3028 2971//2971
f 2971//2971 2981//2981 3035//3035
f 2982//2982 3035//3035 2981//2981
f 3042//3042 3035//3035 2982//2982
f 2983//2983 3058//3058 2984//2984
f 2983//2983 2997//2997 3058//3058
f 2983//2983 2980//2980 2997//2997
f 2980//2980 2992//2992 2997//2997
f 2982//2982 2984//2984 3042//3042
f 2984//2984 3045//3045 3042//3042
f 2984//2984 3058//3058 3045//3045
f 3058//3058 2997//2997 3003//3003
f 3003//3003 3045//3045 3058//3058
f 3054//3054 3056//3056 3059//3059
f 3059//3059 3057//3057 3054//3054
f 3056//3056 2986//2986 2988//2988
f 2988//2988 3059//3059 3056//3056
f 3057//3057 3059//3059 2994//2994
f 2994//2994 2992//2992 3057//3057
f 3059//3059 2988//2988 2990//2990
f 2990//2990 2994//2994 3059//3059
f 1771//1771 1649//1649 1651//1651
f 1752//1752 1751//1751 1654//1654
f 1751//1751 1771//1771 1654//1654
f 1771//1771 1651//1651 1654//1654
f 2407//2407 2294//2294 2413//2413
f 2290//2290 2294//2294 2407//2407
f 2413//2413 2296//2296 2416//2416
f 2294//2294 2296//2296 2413//2413
f 2296//2296 2298//2298 2418//2418
f 2418//2418 2416//2416 2296//2296
f 2418//2418 2298//2298 2299//2299
f 2354//2354 2413//2413 2362//2362
f 2407//2407 2413//2413 2354//2354
f 2362//2362 2416//2416 2367//2367
f 2413//2413 2416//2416 2362//2362
f 2416//2416 2418//2418 2372//2372
f 2372//2372 2367//2367 2416//2416
f 2375//2375 2299//2299 2301//2301
f 2375//2375 2418//2418 2299//2299
f 2375//2375 2372//2372 2418//2418
f 2382//2382 2375//2375 2422//2422
f 2375//2375 2301//2301 2422//2422
f 2301//2301 2303//2303 2422//2422
f 2422//2422 2303//2303 2306//2306
f 2382//2382 2422//2422 2386//2386
f 2364//2364 2422//2422 2269//2269
f 2422//2422 2306//2306 2269//2269
f 2364//2364 2386//2386 2422//2422
f 2428//2428 2432//2432 2575//2575
f 2575//2575 2573//2573 2428//2428
f 2575//2575 2429//2429 2572//2572
f 2432//2432 2429//2429 2575//2575
f 2441//2441 2438//2438 2577//2577
f 2584//2584 2577//2577 2573//2573
f 2577//2577 2445//2445 2573//2573
f 2577//2577 2438//2438 2445//2445
f 2517//2517 2441//2441 2577//2577
f 2517//2517 2448//2448 2441//2441
f 2517//2517 2529//2529 2448//2448
f 2529//2529 2578//2578 2448//2448
f 2577//2577 2584//2584 2530//2530
f 2530//2530 2517//2517 2577//2577
f 2584//2584 2575//2575 2586//2586
f 2573//2573 2575//2575 2584//2584
f 2586//2586 2572//2572 2589//2589
f 2575//2575 2572//2572 2586//2586
f 2584//2584 2586//2586 2532//2532
f 2532//2532 2530//2530 2584//2584
f 2532//2532 2589//2589 2516//2516
f 2586//2586 2589//2589 2532//2532
f 140//140 21//21 144//144
f 18//18 21//21 140//140
f 144//144 23//23 147//147
f 21//21 23//23 144//144
f 23//23 26//26 150//150
f 150//150 147//147 23//23
f 150//150 30//30 155//155
f 26//26 30//30 150//150
f 155//155 13//13 131//131
f 30//30 13//13 155//155
f 925//925 929//929 1177//1177
f 1177//1177 1173//1173 925//925
f 929//929 931//931 1179//1179
f 1179//1179 1177//1177 929//929
f 931//931 935//935 1181//1181
f 1181//1181 1179//1179 931//931
f 1181//1181 936//936 1182//1182
f 935//935 936//936 1181//1181
f 936//936 937//937 1184//1184
f 1184//1184 1182//1182 936//936
f 937//937 939//939 1185//1185
f 1185//1185 1184//1184 937//937
f 939//939 941//941 1187//1187
f 1187//1187 1185//1185 939//939
f 941//941 942//942 1188//1188
f 1188//1188 1187//1187 941//941
f 1189//1189 1188//1188 1207//1207
f 1188//1188 942//942 1207//1207
f 942//942 944//944 1207//1207
f 1189//1189 1207//1207 1191//1191
f 1207//1207 944//944 947//947
f 1193//1193 1006//1006 1149//1149
f 1193//1193 1191//1191 1006//1006
f 1191//1191 1207//1207 1006//1006
f 1207//1207 1042//1042 1006//1006
f 1207//1207 947//947 1042//1042
f 947//947 903//903 1042//1042
f 1193//1193 1149//1149 1121//1121
f 1025//1025 927//927 1049//1049
f 1025//1025 910//910 927//927
f 1025//1025 1017//1017 910//910
f 1025//1025 1161//1161 1017//1017
f 1161//1161 1156//1156 1017//1017
f 1161//1161 1157//1157 1156//1156
f 1750//1750 1770//1770 1753//1753
f 1750//1750 1754//1754 1770//1770
f 1754//1754 1650//1650 1770//1770
f 1754//1754 1648//1648 1650//1650
f 1755//1755 1652//1652 1653//1653
f 1755//1755 1753//1753 1652//1652
f 1753//1753 1770//1770 1652//1652
f 1770//1770 1650//1650 1652//1652
f 1755//1755 1655//1655 1756//1756
f 1653//1653 1655//1655 1755//1755
f 1655//1655 1656//1656 1757//1757
f 1757//1757 1756//1756 1655//1655
f 1656//1656 1657//1657 1758//1758
f 1758//1758 1757//1757 1656//1656
f 1758//1758 1658//1658 1759//1759
f 1657//1657 1658//1658 1758//1758
f 1759//1759 1659//1659 1760//1760
f 1658//1658 1659//1659 1759//1759
f 1659//1659 1660//1660 1761//1761
f 1761//1761 1760//1760 1659//1659
f 1754//1754 1661//1661 1648//1648
f 1754//1754 1772//1772 1661//1661
f 1754//1754 1762//1762 1772//1772
f 1762//1762 1663//1663 1772//1772
f 1762//1762 1662//1662 1663//1663
f 1762//1762 1763//1763 1662//1662
f 1764//1764 1773//1773 1765//1765
f 1764//1764 1664//1664 1773//1773
f 1664//1664 1665//1665 1773//1773
f 1764//1764 1766//1766 1664//1664
f 1763//1763 1765//1765 1662//1662
f 1765//1765 1773//1773 1662//1662
f 1773//1773 1666//1666 1662//1662
f 1773//1773 1665//1665 1666//1666
f 1667//1667 1661//1661 1772//1772
f 1772//1772 1663//1663 1667//1667
f 1669//1669 1668//1668 1774//1774
f 1774//1774 1668//1668 1670//1670
f 1671//1671 1669//1669 1774//1774
f 1673//1673 1672//1672 1775//1775
f 1670//1670 1671//1671 1774//1774
f 1775//1775 1672//1672 1674//1674
f 1728//1728 1761//1761 1713//1713
f 1761//1761 1660//1660 1713//1713
f 1660//1660 1621//1621 1713//1713
f 1675//1675 1673//1673 1775//1775
f 1624//1624 1676//1676 1726//1726
f 1775//1775 1674//1674 1675//1675
f 1676//1676 1677//1677 1776//1776
f 1776//1776 1726//1726 1676//1676
f 1776//1776 1677//1677 1678//1678
f 1625//1625 1726//1726 1776//1776
f 1776//1776 1679//1679 1625//1625
f 1776//1776 1678//1678 1679//1679
f 1767//1767 1630//1630 1632//1632
f 1767//1767 1721//1721 1630//1630
f 1721//1721 1631//1631 1630//1630
f 1721//1721 1629//1629 1631//1631
f 1767//1767 1742//1742 1721//1721
f 1632//1632 1680//1680 1768//1768
f 1768//1768 1767//1767 1632//1632
f 1769//1769 1768//1768 1771//1771
f 1768//1768 1649//1649 1771//1771
f 1768//1768 1680//1680 1649//1649
f 1769//1769 1771//1771 1751//1751
f 2513//2513 2576//2576 2524//2524
f 2527//2527 2576//2576 2513//2513
f 2533//2533 2580//2580 2538//2538
f 2544//2544 2580//2580 2533//2533
f 2582//2582 2580//2580 2544//2544
f 2548//2548 2593//2593 2552//2552
f 2554//2554 2595//2595 2556//2556
f 2560//2560 2593//2593 2548//2548
f 2600//2600 2593//2593 2560//2560
f 2560//2560 2561//2561 2600//2600
f 2544//2544 2556//2556 2582//2582
f 2556//2556 2595//2595 2582//2582
f 926//926 928//928 1204//1204
f 1204//1204 1203//1203 926//926
f 928//928 930//930 1206//1206
f 1206//1206 1204//1204 928//928
f 1175//1175 1204//1204 1178//1178
f 1203//1203 1204//1204 1175//1175
f 1178//1178 1206//1206 1180//1180
f 1204//1204 1206//1206 1178//1178
f 930//930 932//932 1208//1208
f 1208//1208 1206//1206 930//930
f 1208//1208 932//932 934//934
f 1206//1206 1208//1208 1183//1183
f 1183//1183 1180//1180 1206//1206
f 1186//1186 934//934 938//938
f 1186//1186 1208//1208 934//934
f 1186//1186 1183//1183 1208//1208
f 938//938 940//940 1190//1190
f 1190//1190 1186//1186 938//938
f 1192//1192 1190//1190 1210//1210
f 1190//1190 940//940 1210//1210
f 940//940 943//943 1210//1210
f 1210//1210 943//943 946//946
f 1192//1192 1210//1210 1194//1194
f 1195//1195 1194//1194 948//948
f 1194//1194 1210//1210 948//948
f 1210//1210 946//946 948//948
f 1196//1196 1195//1195 1211//1211
f 1195//1195 949//949 1211//1211
f 1195//1195 948//948 949//949
f 1196//1196 1211//1211 1197//1197
f 1211//1211 949//949 951//951
f 1198//1198 1211//1211 953//953
f 1211//1211 951//951 953//953
f 1198//1198 1197//1197 1211//1211
f 953//953 954//954 1199//1199
f 1199//1199 1198//1198 953//953
f 1199//1199 955//955 1200//1200
f 954//954 955//955 1199//1199
f 1201//1201 1200//1200 1212//1212
f 1200//1200 955//955 1212//1212
f 955//955 956//956 1212//1212
f 1212//1212 956//956 957//957
f 1201//1201 1212//1212 1202//1202
f 1339//1339 1118//1118 1120//1120
f 1341//1341 1121//1121 1123//1123
f 1340//1340 1121//1121 1341//1341
f 1306//1306 1341//1341 1307//1307
f 1340//1340 1341//1341 1306//1306
f 1309//1309 1341//1341 1339//1339
f 1341//1341 1118//1118 1339//1339
f 1341//1341 1123//1123 1118//1118
f 1309//1309 1308//1308 1341//1341
f 1307//1307 1341//1341 1308//1308
f 1126//1126 1125//1125 1310//1310
f 1310//1310 1311//1311 1126//1126
f 1342//1342 1120//1120 1083//1083
f 1339//1339 1120//1120 1342//1342
f 1342//1342 1084//1084 1085//1085
f 1083//1083 1084//1084 1342//1342
f 1313//1313 1087//1087 1088//1088
f 1313//1313 1312//1312 1087//1087
f 1312//1312 1086//1086 1087//1087
f 1313//1313 1129//1129 1314//1314
f 1088//1088 1129//1129 1313//1313
f 1309//1309 1342//1342 1315//1315
f 1339//1339 1342//1342 1309//1309
f 1316//1316 1085//1085 1089//1089
f 1316//1316 1342//1342 1085//1085
f 1316//1316 1315//1315 1342//1342
f 1317//1317 1126//1126 1311//1311
f 1130//1130 1126//1126 1317//1317
f 1318//1318 1130//1130 1317//1317
f 1131//1131 1130//1130 1318//1318
f 1320//1320 1343//1343 1319//1319
f 1316//1316 1086//1086 1312//1312
f 1089//1089 1086//1086 1316//1316
f 1319//1319 1343//1343 1321//1321
f 1320//1320 1129//1129 1343//1343
f 1129//1129 1132//1132 1343//1343
f 1320//1320 1314//1314 1129//1129
f 1322//1322 1132//1132 1344//1344
f 1132//1132 1133//1133 1344//1344
f 1322//1322 1343//1343 1132//1132
f 1322//1322 1321//1321 1343//1343
f 1134//1134 1131//1131 1318//1318
f 1318//1318 1323//1323 1134//1134
f 1322//1322 1344//1344 1324//1324
f 1345//1345 1135//1135 1136//1136
f 1345//1345 1136//1136 1137//1137
f 1137//1137 1346//1346 1345//1345
f 1325//1325 1134//1134 1323//1323
f 1138//1138 1134//1134 1325//1325
f 1326//1326 1347//1347 1327//1327
f 1346//1346 1347//1347 1326//1326
f 1139//1139 1138//1138 1325//1325
f 1325//1325 1328//1328 1139//1139
f 1327//1327 1347//1347 1329//1329
f 1347//1347 1137//1137 1140//1140
f 1346//1346 1137//1137 1347//1347
f 1330//1330 1329//1329 1141//1141
f 1329//1329 1347//1347 1141//1141
f 1347//1347 1140//1140 1141//1141
f 1348//1348 1142//1142 1143//1143
f 1348//1348 1133//1133 1142//1142
f 1348//1348 1344//1344 1133//1133
f 1348//1348 1349//1349 1344//1344
f 1348//1348 1143//1143 1144//1144
f 1253//1253 1331//1331 1281//1281
f 1331//1331 1145//1145 1281//1281
f 1331//1331 1144//1144 1145//1145
f 1331//1331 1348//1348 1144//1144
f 1331//1331 1349//1349 1348//1348
f 1324//1324 1349//1349 1332//1332
f 1344//1344 1349//1349 1324//1324
f 1332//1332 1349//1349 1331//1331
f 1145//1145 1213//1213 1281//1281
f 1103//1103 1213//1213 1145//1145
f 1146//1146 1139//1139 1328//1328
f 1328//1328 1333//1333 1146//1146
f 1147//1147 1146//1146 1333//1333
f 1333//1333 1334//1334 1147//1147
f 1330//1330 1147//1147 1334//1334
f 1141//1141 1147//1147 1330//1330
f 1122//1122 1119//1119 1350//1350
f 1335//1335 1336//1336 1124//1124
f 1336//1336 1233//1233 1124//1124
f 1233//1233 1252//1252 1124//1124
f 1252//1252 1102//1102 1124//1124
f 1336//1336 1298//1298 1233//1233
f 1337//1337 1350//1350 1351//1351
f 1337//1337 1122//1122 1350//1350
f 1337//1337 1335//1335 1122//1122
f 1335//1335 1124//1124 1122//1122
f 1263//1263 1298//1298 1336//1336
f 1337//1337 1351//1351 1338//1338
f 2270//2270 2307//2307 2274//2274
f 2279//2279 2139//2139 2308//2308
f 2279//2279 2274//2274 2139//2139
f 2274//2274 2140//2140 2139//2139
f 2274//2274 2307//2307 2140//2140
f 2279//2279 2308//2308 2268//2268
f 2512//2512 2583//2583 2521//2521
f 2579//2579 2583//2583 2512//2512
f 2521//2521 2585//2585 2528//2528
f 2583//2583 2585//2585 2521//2521
f 2528//2528 2585//2585 2518//2518
f 2525//2525 2592//2592 2534//2534
f 2537//2537 2446//2446 2450//2450
f 2537//2537 2592//2592 2446//2446
f 2537//2537 2534//2534 2592//2592
f 2450//2450 2453//2453 2540//2540
f 2540//2540 2537//2537 2450//2450
f 2540//2540 2456//2456 2541//2541
f 2453//2453 2456//2456 2540//2540
f 2456//2456 2457//2457 2543//2543
f 2543//2543 2541//2541 2456//2456
f 2543//2543 2461//2461 2546//2546
f 2457//2457 2461//2461 2543//2543
f 2466//2466 2464//2464 2599//2599
f 2467//2467 2599//2599 2601//2601
f 2466//2466 2599//2599 2467//2467
f 2599//2599 2468//2468 2604//2604
f 2464//2464 2468//2468 2599//2599
f 2604//2604 2469//2469 2605//2605
f 2468//2468 2469//2469 2604//2604
f 2599//2599 2604//2604 2606//2606
f 2606//2606 2601//2601 2599//2599
f 2604//2604 2605//2605 2607//2607
f 2607//2607 2606//2606 2604//2604
f 2549//2549 2461//2461 2608//2608
f 2461//2461 2471//2471 2608//2608
f 2549//2549 2546//2546 2461//2461
f 2610//2610 2467//2467 2601//2601
f 2610//2610 2471//2471 2467//2467
f 2610//2610 2608//2608 2471//2471
f 2549//2549 2611//2611 2551//2551
f 2608//2608 2611//2611 2549//2549
f 2473//2473 2608//2608 2472//2472
f 2608//2608 2610//2610 2472//2472
f 2473//2473 2611//2611 2608//2608
f 2601//2601 2606//2606 2613//2613
f 2613//2613 2610//2610 2601//2601
f 2606//2606 2607//2607 2614//2614
f 2614//2614 2613//2613 2606//2606
f 2472//2472 2610//2610 2613//2613
f 2613//2613 2474//2474 2472//2472
f 2474//2474 2613//2613 2614//2614
f 2614//2614 2475//2475 2474//2474
f 2605//2605 2469//2469 2476//2476
f 2607//2607 2476//2476 2477//2477
f 2605//2605 2476//2476 2607//2607
f 2607//2607 2477//2477 2478//2478
f 2478//2478 2614//2614 2607//2607
f 2614//2614 2478//2478 2475//2475
f 2551//2551 2611//2611 2555//2555
f 2557//2557 2555//2555 2479//2479
f 2555//2555 2473//2473 2479//2479
f 2555//2555 2611//2611 2473//2473
f 2557//2557 2480//2480 2559//2559
f 2479//2479 2480//2480 2557//2557
f 2562//2562 2481//2481 2616//2616
f 2562//2562 2559//2559 2481//2481
f 2559//2559 2480//2480 2481//2481
f 2562//2562 2616//2616 2564//2564
f 2616//2616 2481//2481 2482//2482
f 2515//2515 2483//2483 2574//2574
f 2515//2515 2616//2616 2483//2483
f 2616//2616 2482//2482 2483//2483
f 2515//2515 2564//2564 2616//2616
f 2483//2483 2448//2448 2578//2578
f 2578//2578 2574//2574 2483//2483
f 2445//2445 2428//2428 2573//2573
f 2637//2637 2634//2634 2853//2853
f 2634//2634 2640//2640 2858//2858
f 2858//2858 2853//2853 2634//2634
f 2858//2858 2648//2648 2863//2863
f 2640//2640 2648//2648 2858//2858
f 2863//2863 2648//2648 2652//2652
f 2885//2885 2637//2637 2853//2853
f 2885//2885 2868//2868 2637//2637
f 2868//2868 2655//2655 2637//2637
f 2853//2853 2858//2858 2892//2892
f 2892//2892 2885//2885 2853//2853
f 2868//2868 2885//2885 2903//2903
f 2903//2903 2900//2900 2868//2868
f 2903//2903 2892//2892 2905//2905
f 2885//2885 2892//2892 2903//2903
f 2892//2892 2863//2863 2907//2907
f 2858//2858 2863//2863 2892//2892
f 2909//2909 2652//2652 2663//2663
f 2909//2909 2907//2907 2652//2652
f 2907//2907 2863//2863 2652//2652
f 2905//2905 2907//2907 2911//2911
f 2892//2892 2907//2907 2905//2905
f 2907//2907 2909//2909 2913//2913
f 2913//2913 2911//2911 2907//2907
f 2663//2663 2667//2667 2916//2916
f 2916//2916 2909//2909 2663//2663
f 2667//2667 2670//2670 2918//2918
f 2918//2918 2916//2916 2667//2667
f 2909//2909 2916//2916 2920//2920
f 2920//2920 2913//2913 2909//2909
f 2916//2916 2918//2918 2922//2922
f 2922//2922 2920//2920 2916//2916
f 2918//2918 2670//2670 2673//2673
f 2925//2925 2673//2673 2674//2674
f 2925//2925 2922//2922 2673//2673
f 2922//2922 2918//2918 2673//2673
f 2674//2674 2675//2675 2927//2927
f 2927//2927 2925//2925 2674//2674
f 2900//2900 2903//2903 2813//2813
f 2813//2813 2806//2806 2900//2900
f 2813//2813 2905//2905 2817//2817
f 2903//2903 2905//2905 2813//2813
f 2817//2817 2911//2911 2821//2821
f 2905//2905 2911//2911 2817//2817
f 2826//2826 2913//2913 2932//2932
f 2826//2826 2911//2911 2913//2913
f 2826//2826 2821//2821 2911//2911
f 2826//2826 2932//2932 2830//2830
f 2932//2932 2920//2920 2939//2939
f 2913//2913 2920//2920 2932//2932
f 2835//2835 2920//2920 2922//2922
f 2835//2835 2838//2838 2920//2920
f 2838//2838 2939//2939 2920//2920
f 2932//2932 2939//2939 2839//2839
f 2839//2839 2830//2830 2932//2932
f 2839//2839 2939//2939 2838//2838
f 2922//2922 2925//2925 2843//2843
f 2843//2843 2835//2835 2922//2922
f 2845//2845 2925//2925 2943//2943
f 2925//2925 2927//2927 2943//2943
f 2845//2845 2843//2843 2925//2925
f 2845//2845 2943//2943 2847//2847
f 2927//2927 2675//2675 2677//2677
f 2943//2943 2677//2677 2679//2679
f 2927//2927 2677//2677 2943//2943
f 2848//2848 2847//2847 2681//2681
f 2847//2847 2943//2943 2681//2681
f 2943//2943 2679//2679 2681//2681
f 2848//2848 2682//2682 2849//2849
f 2681//2681 2682//2682 2848//2848
f 2814//2814 2849//2849 2867//2867
f 2849//2849 2684//2684 2867//2867
f 2849//2849 2682//2682 2684//2684
f 2867//2867 2684//2684 2636//2636
f 1151//1151 1009//1009 1150//1150
f 1009//1009 1007//1007 1150//1150
f 1007//1007 1148//1148 1150//1150
f 1153//1153 1151//1151 1013//1013
f 1151//1151 1011//1011 1013//1013
f 1151//1151 1150//1150 1011//1011
f 1154//1154 1009//1009 1151//1151
f 1154//1154 1080//1080 1009//1009
f 1080//1080 993//993 1009//1009
f 1154//1154 1069//1069 1080//1080
f 1154//1154 1114//1114 1069//1069
f 1119//1119 1122//1122 1153//1153
f 1122//1122 1151//1151 1153//1153
f 1122//1122 1154//1154 1151//1151
f 1114//1114 1154//1154 1124//1124
f 1124//1124 1102//1102 1114//1114
f 1124//1124 1154//1154 1122//1122
f 1464//1464 1306//1306 1307//1307
f 1307//1307 1465//1465 1464//1464
f 1467//1467 1308//1308 1309//1309
f 1467//1467 1469//1469 1308//1308
f 1469//1469 1307//1307 1308//1308
f 1469//1469 1465//1465 1307//1307
f 1434//1434 1465//1465 1436//1436
f 1464//1464 1465//1465 1434//1434
f 1438//1438 1469//1469 1470//1470
f 1438//1438 1465//1465 1469//1469
f 1438//1438 1436//1436 1465//1465
f 1438//1438 1470//1470 1440//1440
f 1471//1471 1311//1311 1310//1310
f 1312//1312 1313//1313 1443//1443
f 1443//1443 1442//1442 1312//1312
f 1444//1444 1443//1443 1472//1472
f 1443//1443 1314//1314 1472//1472
f 1443//1443 1313//1313 1314//1314
f 1444//1444 1472//1472 1445//1445
f 1473//1473 1309//1309 1315//1315
f 1467//1467 1309//1309 1473//1473
f 1447//1447 1469//1469 1473//1473
f 1469//1469 1467//1467 1473//1473
f 1447//1447 1446//1446 1469//1469
f 1449//1449 1315//1315 1316//1316
f 1449//1449 1473//1473 1315//1315
f 1449//1449 1448//1448 1473//1473
f 1447//1447 1473//1473 1448//1448
f 1446//1446 1470//1470 1469//1469
f 1446//1446 1450//1450 1470//1470
f 1450//1450 1474//1474 1470//1470
f 1451//1451 1440//1440 1471//1471
f 1440//1440 1470//1470 1471//1471
f 1470//1470 1311//1311 1471//1471
f 1470//1470 1317//1317 1311//1311
f 1470//1470 1474//1474 1317//1317
f 1452//1452 1474//1474 1450//1450
f 1452//1452 1453//1453 1474//1474
f 1453//1453 1317//1317 1474//1474
f 1453//1453 1318//1318 1317//1317
f 1449//1449 1312//1312 1442//1442
f 1316//1316 1312//1312 1449//1449
f 1320//1320 1319//1319 1475//1475
f 1475//1475 1319//1319 1321//1321
f 1476//1476 1320//1320 1475//1475
f 1476//1476 1314//1314 1320//1320
f 1476//1476 1472//1472 1314//1314
f 1477//1477 1476//1476 1322//1322
f 1476//1476 1321//1321 1322//1322
f 1476//1476 1475//1475 1321//1321
f 1323//1323 1318//1318 1453//1453
f 1453//1453 1454//1454 1323//1323
f 1477//1477 1322//1322 1324//1324
f 1454//1454 1325//1325 1323//1323
f 1454//1454 1479//1479 1325//1325
f 1454//1454 1455//1455 1479//1479
f 1455//1455 1478//1478 1479//1479
f 1478//1478 1326//1326 1327//1327
f 1327//1327 1479//1479 1478//1478
f 1325//1325 1479//1479 1480//1480
f 1480//1480 1328//1328 1325//1325
f 1481//1481 1480//1480 1329//1329
f 1480//1480 1327//1327 1329//1329
f 1480//1480 1479//1479 1327//1327
f 1457//1457 1482//1482 1456//1456
f 1456//1456 1482//1482 1458//1458
f 1459//1459 1482//1482 1457//1457
f 1329//1329 1330//1330 1481//1481
f 1458//1458 1482//1482 1459//1459
f 1460//1460 1445//1445 1483//1483
f 1445//1445 1472//1472 1483//1483
f 1472//1472 1476//1476 1483//1483
f 1476//1476 1477//1477 1484//1484
f 1484//1484 1483//1483 1476//1476
f 1483//1483 1377//1377 1461//1461
f 1461//1461 1460//1460 1483//1483
f 1253//1253 1378//1378 1331//1331
f 1378//1378 1483//1483 1331//1331
f 1483//1483 1484//1484 1331//1331
f 1378//1378 1377//1377 1483//1483
f 1477//1477 1324//1324 1332//1332
f 1332//1332 1484//1484 1477//1477
f 1484//1484 1332//1332 1331//1331
f 1462//1462 1429//1429 1430//1430
f 1462//1462 1461//1461 1429//1429
f 1461//1461 1364//1364 1429//1429
f 1461//1461 1377//1377 1364//1364
f 1433//1433 1420//1420 1431//1431
f 1433//1433 1418//1418 1420//1420
f 1433//1433 1462//1462 1418//1418
f 1462//1462 1430//1430 1418//1418
f 1333//1333 1328//1328 1480//1480
f 1334//1334 1480//1480 1481//1481
f 1333//1333 1480//1480 1334//1334
f 1481//1481 1330//1330 1334//1334
f 1421//1421 1387//1387 1435//1435
f 1370//1370 1387//1387 1421//1421
f 1263//1263 1463//1463 1264//1264
f 1463//1463 1265//1265 1264//1264
f 1463//1463 1266//1266 1265//1265
f 1336//1336 1335//1335 1485//1485
f 1485//1485 1335//1335 1337//1337
f 1466//1466 1336//1336 1485//1485
f 1466//1466 1263//1263 1336//1336
f 1466//1466 1463//1463 1263//1263
f 1468//1468 1337//1337 1338//1338
f 1468//1468 1466//1466 1337//1337
f 1466//1466 1485//1485 1337//1337
f 2431//2431 2487//2487 2435//2435
f 2487//2487 2492//2492 2439//2439
f 2439//2439 2435//2435 2487//2487
f 2440//2440 2492//2492 2499//2499
f 2492//2492 2356//2356 2499//2499
f 2356//2356 2360//2360 2499//2499
f 2440//2440 2439//2439 2492//2492
f 2499//2499 2360//2360 2365//2365
f 2440//2440 2503//2503 2444//2444
f 2499//2499 2503//2503 2440//2440
f 2499//2499 2365//2365 2368//2368
f 2444//2444 2503//2503 2447//2447
f 2452//2452 2447//2447 2503//2503
f 1953//1953 1988//1988 1956//1956
f 1953//1953 1958//1958 1988//1988
f 1958//1958 1750//1750 1988//1988
f 1750//1750 1753//1753 1988//1988
f 1958//1958 1754//1754 1750//1750
f 1933//1933 1956//1956 1855//1855
f 1956//1956 1988//1988 1855//1855
f 1988//1988 1871//1871 1855//1855
f 1756//1756 1871//1871 1755//1755
f 1871//1871 1988//1988 1755//1755
f 1988//1988 1753//1753 1755//1755
f 1958//1958 1762//1762 1754//1754
f 1958//1958 1984//1984 1762//1762
f 1984//1984 1763//1763 1762//1762
f 1984//1984 1765//1765 1763//1763
f 1984//1984 1764//1764 1765//1765
f 1984//1984 1978//1978 1764//1764
f 1978//1978 1766//1766 1764//1764
f 1859//1859 1873//1873 1944//1944
f 1944//1944 1873//1873 1861//1861
f 1941//1941 1876//1876 1987//1987
f 1869//1869 1876//1876 1941//1941
f 1950//1950 1987//1987 1777//1777
f 1987//1987 1876//1876 1777//1777
f 1876//1876 1752//1752 1777//1777
f 2696//2696 2699//2699 2514//2514
f 2514//2514 2699//2699 2705//2705
f 2705//2705 2520//2520 2514//2514
f 2717//2717 2519//2519 2531//2531
f 2717//2717 2713//2713 2519//2519
f 2713//2713 2707//2707 2519//2519
f 2717//2717 2535//2535 2719//2719
f 2531//2531 2535//2535 2717//2717
f 2638//2638 2713//2713 2724//2724
f 2713//2713 2717//2717 2724//2724
f 2638//2638 2635//2635 2713//2713
f 2724//2724 2719//2719 2728//2728
f 2717//2717 2719//2719 2724//2724
f 2535//2535 2536//2536 2731//2731
f 2731//2731 2719//2719 2535//2535
f 2536//2536 2539//2539 2735//2735
f 2735//2735 2731//2731 2536//2536
f 2728//2728 2731//2731 2739//2739
f 2719//2719 2731//2731 2728//2728
f 2731//2731 2735//2735 2742//2742
f 2742//2742 2739//2739 2731//2731
f 2638//2638 2724//2724 2641//2641
f 2644//2644 2728//2728 2747//2747
f 2644//2644 2724//2724 2728//2728
f 2644//2644 2641//2641 2724//2724
f 2644//2644 2747//2747 2647//2647
f 2747//2747 2739//2739 2751//2751
f 2728//2728 2739//2739 2747//2747
f 2751//2751 2742//2742 2755//2755
f 2739//2739 2742//2742 2751//2751
f 2747//2747 2751//2751 2651//2651
f 2651//2651 2647//2647 2747//2747
f 2654//2654 2755//2755 2756//2756
f 2654//2654 2751//2751 2755//2755
f 2654//2654 2651//2651 2751//2751
f 2539//2539 2542//2542 2757//2757
f 2757//2757 2735//2735 2539//2539
f 2542//2542 2545//2545 2759//2759
f 2759//2759 2757//2757 2542//2542
f 2735//2735 2757//2757 2761//2761
f 2761//2761 2742//2742 2735//2735
f 2761//2761 2759//2759 2763//2763
f 2757//2757 2759//2759 2761//2761
f 2759//2759 2545//2545 2547//2547
f 2764//2764 2547//2547 2550//2550
f 2764//2764 2763//2763 2547//2547
f 2763//2763 2759//2759 2547//2547
f 2764//2764 2553//2553 2765//2765
f 2550//2550 2553//2553 2764//2764
f 2755//2755 2761//2761 2766//2766
f 2742//2742 2761//2761 2755//2755
f 2766//2766 2763//2763 2767//2767
f 2761//2761 2763//2763 2766//2766
f 2756//2756 2766//2766 2768//2768
f 2755//2755 2766//2766 2756//2756
f 2768//2768 2767//2767 2769//2769
f 2766//2766 2767//2767 2768//2768
f 2767//2767 2764//2764 2770//2770
f 2763//2763 2764//2764 2767//2767
f 2770//2770 2765//2765 2771//2771
f 2764//2764 2765//2765 2770//2770
f 2769//2769 2770//2770 2772//2772
f 2767//2767 2770//2770 2769//2769
f 2772//2772 2771//2771 2774//2774
f 2770//2770 2771//2771 2772//2772
f 2654//2654 2756//2756 2657//2657
f 2659//2659 2775//2775 2661//2661
f 2775//2775 2776//2776 2666//2666
f 2666//2666 2661//2661 2775//2775
f 2669//2669 2715//2715 2653//2653
f 2669//2669 2720//2720 2715//2715
f 2669//2669 2666//2666 2720//2720
f 2666//2666 2776//2776 2720//2720
f 2671//2671 2768//2768 2777//2777
f 2671//2671 2657//2657 2768//2768
f 2657//2657 2756//2756 2768//2768
f 2777//2777 2769//2769 2778//2778
f 2768//2768 2769//2769 2777//2777
f 2659//2659 2779//2779 2775//2775
f 2659//2659 2671//2671 2779//2779
f 2671//2671 2777//2777 2779//2779
f 2779//2779 2778//2778 2781//2781
f 2777//2777 2778//2778 2779//2779
f 2778//2778 2772//2772 2783//2783
f 2769//2769 2772//2772 2778//2778
f 2783//2783 2774//2774 2785//2785
f 2772//2772 2774//2774 2783//2783
f 2781//2781 2783//2783 2786//2786
f 2778//2778 2783//2783 2781//2781
f 2786//2786 2785//2785 2788//2788
f 2783//2783 2785//2785 2786//2786
f 2776//2776 2779//2779 2790//2790
f 2775//2775 2779//2779 2776//2776
f 2790//2790 2781//2781 2792//2792
f 2779//2779 2781//2781 2790//2790
f 2720//2720 2790//2790 2743//2743
f 2776//2776 2790//2790 2720//2720
f 2743//2743 2792//2792 2749//2749
f 2790//2790 2792//2792 2743//2743
f 2792//2792 2786//2786 2797//2797
f 2781//2781 2786//2786 2792//2792
f 2797//2797 2788//2788 2798//2798
f 2786//2786 2788//2788 2797//2797
f 2749//2749 2797//2797 2754//2754
f 2792//2792 2797//2797 2749//2749
f 2561//2561 2797//2797 2558//2558
f 2797//2797 2798//2798 2558//2558
f 2561//2561 2754//2754 2797//2797
f 2765//2765 2553//2553 2563//2563
f 2799//2799 2771//2771 2565//2565
f 2771//2771 2765//2765 2565//2565
f 2765//2765 2563//2563 2565//2565
f 2799//2799 2565//2565 2566//2566
f 2774//2774 2799//2799 2800//2800
f 2771//2771 2799//2799 2774//2774
f 2800//2800 2566//2566 2567//2567
f 2799//2799 2566//2566 2800//2800
f 2785//2785 2800//2800 2801//2801
f 2774//2774 2800//2800 2785//2785
f 2800//2800 2567//2567 2568//2568
f 2568//2568 2801//2801 2800//2800
f 2788//2788 2801//2801 2802//2802
f 2785//2785 2801//2801 2788//2788
f 2801//2801 2568//2568 2569//2569
f 2569//2569 2802//2802 2801//2801
f 2571//2571 2788//2788 2570//2570
f 2788//2788 2802//2802 2570//2570
f 2571//2571 2798//2798 2788//2788
f 2802//2802 2569//2569 2570//2570
f 2798//2798 2571//2571 2558//2558
f 408//408 412//412 665//665
f 665//665 660//660 408//408
f 412//412 413//413 666//666
f 666//666 665//665 412//412
f 413//413 415//415 669//669
f 669//669 666//666 413//413
f 415//415 417//417 673//673
f 673//673 669//669 415//415
f 673//673 422//422 675//675
f 417//417 422//422 673//673
f 422//422 423//423 677//677
f 677//677 675//675 422//422
f 423//423 424//424 679//679
f 679//679 677//677 423//423
f 424//424 425//425 682//682
f 682//682 679//679 424//424
f 682//682 427//427 684//684
f 425//425 427//427 682//682
f 427//427 428//428 687//687
f 687//687 684//684 427//427
f 646//646 687//687 557//557
f 687//687 428//428 557//557
f 428//428 393//393 557//557
f 659//659 560//560 407//407
f 560//560 397//397 407//407
f 659//659 651//651 560//560
f 1694//1694 1451//1451 1455//1455
f 1693//1693 1451//1451 1694//1694
f 1490//1490 1487//1487 1811//1811
f 1811//1811 1487//1487 1486//1486
f 1777//1777 1654//1654 1811//1811
f 1654//1654 1490//1490 1811//1811
f 1654//1654 1441//1441 1490//1490
f 1777//1777 1752//1752 1654//1654
f 2308//2308 2139//2139 2142//2142
f 2150//2150 2147//2147 2312//2312
f 2275//2275 2142//2142 2154//2154
f 2275//2275 2308//2308 2142//2142
f 2275//2275 2268//2268 2308//2308
f 2278//2278 2150//2150 2312//2312
f 2278//2278 2275//2275 2150//2150
f 2275//2275 2154//2154 2150//2150
f 2312//2312 2157//2157 2314//2314
f 2147//2147 2157//2157 2312//2312
f 2314//2314 2160//2160 2315//2315
f 2157//2157 2160//2160 2314//2314
f 2312//2312 2314//2314 2280//2280
f 2280//2280 2278//2278 2312//2312
f 2280//2280 2315//2315 2282//2282
f 2314//2314 2315//2315 2280//2280
f 2160//2160 2161//2161 2316//2316
f 2316//2316 2315//2315 2160//2160
f 2161//2161 2162//2162 2317//2317
f 2317//2317 2316//2316 2161//2161
f 2282//2282 2316//2316 2287//2287
f 2315//2315 2316//2316 2282//2282
f 2316//2316 2317//2317 2289//2289
f 2289//2289 2287//2287 2316//2316
f 2317//2317 2162//2162 2163//2163
f 2291//2291 2289//2289 2164//2164
f 2289//2289 2163//2163 2164//2164
f 2289//2289 2317//2317 2163//2163
f 2293//2293 2165//2165 2318//2318
f 2293//2293 2291//2291 2165//2165
f 2291//2291 2164//2164 2165//2165
f 2293//2293 2318//2318 2297//2297
f 2318//2318 2165//2165 2166//2166
f 2300//2300 2166//2166 2168//2168
f 2300//2300 2318//2318 2166//2166
f 2300//2300 2297//2297 2318//2318
f 2168//2168 2170//2170 2302//2302
f 2302//2302 2300//2300 2168//2168
f 2170//2170 2172//2172 2304//2304
f 2304//2304 2302//2302 2170//2170
f 2304//2304 2173//2173 2305//2305
f 2172//2172 2173//2173 2304//2304
f 2173//2173 2144//2144 2272//2272
f 2272//2272 2305//2305 2173//2173
f 135//135 15//15 164//164
f 135//135 130//130 15//15
f 130//130 12//12 15//15
f 164//164 15//15 16//16
f 135//135 164//164 137//137
f 138//138 16//16 20//20
f 138//138 164//164 16//16
f 138//138 137//137 164//164
f 20//20 22//22 142//142
f 142//142 138//138 20//20
f 22//22 24//24 145//145
f 145//145 142//142 22//22
f 145//145 25//25 149//149
f 24//24 25//25 145//145
f 25//25 28//28 151//151
f 151//151 149//149 25//25
f 28//28 29//29 152//152
f 152//152 151//151 28//28
f 152//152 31//31 154//154
f 29//29 31//31 152//152
f 31//31 32//32 157//157
f 157//157 154//154 31//31
f 157//157 33//33 159//159
f 32//32 33//33 157//157
f 118//118 159//159 128//128
f 159//159 54//54 128//128
f 159//159 33//33 54//54
f 33//33 1//1 54//54
f 140//140 60//60 18//18
f 60//60 7//7 18//18
f 140//140 124//124 60//60
f 1779//1779 1486//1486 1488//1488
f 1779//1779 1811//1811 1486//1486
f 1779//1779 1777//1777 1811//1811
f 1779//1779 1492//1492 1782//1782
f 1488//1488 1492//1492 1779//1779
f 2512//2512 2521//2521 2710//2710
f 2710//2710 2704//2704 2512//2512
f 2521//2521 2528//2528 2714//2714
f 2714//2714 2710//2710 2521//2521
f 2634//2634 2637//2637 2710//2710
f 2637//2637 2704//2704 2710//2710
f 2637//2637 2716//2716 2704//2704
f 2710//2710 2714//2714 2640//2640
f 2640//2640 2634//2634 2710//2710
f 2722//2722 2518//2518 2694//2694
f 2722//2722 2714//2714 2518//2518
f 2714//2714 2528//2528 2518//2518
f 2694//2694 2701//2701 2723//2723
f 2723//2723 2722//2722 2694//2694
f 2714//2714 2722//2722 2648//2648
f 2648//2648 2640//2640 2714//2714
f 2652//2652 2723//2723 2726//2726
f 2652//2652 2722//2722 2723//2723
f 2652//2652 2648//2648 2722//2722
f 2655//2655 2716//2716 2637//2637
f 2652//2652 2726//2726 2663//2663
f 2733//2733 2525//2525 2534//2534
f 2733//2733 2723//2723 2525//2525
f 2723//2723 2701//2701 2525//2525
f 2534//2534 2537//2537 2736//2736
f 2736//2736 2733//2733 2534//2534
f 2723//2723 2733//2733 2738//2738
f 2738//2738 2726//2726 2723//2723
f 2733//2733 2736//2736 2741//2741
f 2741//2741 2738//2738 2733//2733
f 2736//2736 2537//2537 2540//2540
f 2745//2745 2741//2741 2541//2541
f 2741//2741 2736//2736 2541//2541
f 2736//2736 2540//2540 2541//2541
f 2745//2745 2541//2541 2543//2543
f 2663//2663 2738//2738 2667//2667
f 2726//2726 2738//2738 2663//2663
f 2738//2738 2741//2741 2670//2670
f 2670//2670 2667//2667 2738//2738
f 2673//2673 2745//2745 2750//2750
f 2673//2673 2670//2670 2745//2745
f 2670//2670 2741//2741 2745//2745
f 2753//2753 2543//2543 2546//2546
f 2753//2753 2750//2750 2543//2543
f 2750//2750 2745//2745 2543//2543
f 2673//2673 2750//2750 2674//2674
f 2750//2750 2753//2753 2675//2675
f 2675//2675 2674//2674 2750//2750
f 2753//2753 2546//2546 2549//2549
f 2677//2677 2549//2549 2551//2551
f 2677//2677 2675//2675 2549//2549
f 2675//2675 2753//2753 2549//2549
f 2679//2679 2555//2555 2758//2758
f 2679//2679 2677//2677 2555//2555
f 2677//2677 2551//2551 2555//2555
f 2758//2758 2555//2555 2557//2557
f 2758//2758 2760//2760 2681//2681
f 2681//2681 2679//2679 2758//2758
f 2760//2760 2557//2557 2559//2559
f 2758//2758 2557//2557 2760//2760
f 2760//2760 2762//2762 2682//2682
f 2682//2682 2681//2681 2760//2760
f 2762//2762 2559//2559 2562//2562
f 2760//2760 2559//2559 2762//2762
f 2682//2682 2762//2762 2684//2684
f 2636//2636 2562//2562 2697//2697
f 2562//2562 2564//2564 2697//2697
f 2636//2636 2684//2684 2562//2562
f 2684//2684 2762//2762 2562//2562
f 2697//2697 2564//2564 2515//2515
f 3062//3062 3061//3061 3066//3066
f 3060//3060 3061//3061 3062//3062
f 3066//3066 3063//3063 3068//3068
f 3061//3061 3063//3063 3066//3066
f 3070//3070 3066//3066 3072//3072
f 3062//3062 3066//3066 3070//3070
f 3072//3072 3068//3068 3073//3073
f 3066//3066 3068//3068 3072//3072
f 3068//3068 3064//3064 3074//3074
f 3063//3063 3064//3064 3068//3068
f 3064//3064 3065//3065 3075//3075
f 3075//3075 3074//3074 3064//3064
f 3073//3073 3074//3074 3076//3076
f 3068//3068 3074//3074 3073//3073
f 3076//3076 3075//3075 3077//3077
f 3074//3074 3075//3075 3076//3076
f 3070//3070 3072//3072 3079//3079
f 3079//3079 3078//3078 3070//3070
f 3079//3079 3073//3073 3080//3080
f 3072//3072 3073//3073 3079//3079
f 3081//3081 2954//2954 3079//3079
f 2954//2954 3078//3078 3079//3079
f 2954//2954 2950//2950 3078//3078
f 3081//3081 3080//3080 3082//3082
f 3079//3079 3080//3080 3081//3081
f 3080//3080 3076//3076 3083//3083
f 3073//3073 3076//3076 3080//3080
f 3083//3083 3077//3077 3084//3084
f 3076//3076 3077//3077 3083//3083
f 3082//3082 3083//3083 3085//3085
f 3080//3080 3083//3083 3082//3082
f 3085//3085 3084//3084 3086//3086
f 3083//3083 3084//3084 3085//3085
f 3075//3075 3067//3067 3087//3087
f 3065//3065 3067//3067 3075//3075
f 3067//3067 3069//3069 3088//3088
f 3088//3088 3087//3087 3067//3067
f 3077//3077 3087//3087 3089//3089
f 3075//3075 3087//3087 3077//3077
f 3089//3089 3088//3088 3090//3090
f 3087//3087 3088//3088 3089//3089
f 3069//3069 3071//3071 3091//3091
f 3091//3091 3088//3088 3069//3069
f 3092//3092 2956//2956 2958//2958
f 3092//3092 3091//3091 2956//2956
f 3091//3091 3071//3071 2956//2956
f 3090//3090 3091//3091 3093//3093
f 3088//3088 3091//3091 3090//3090
f 3091//3091 3092//3092 3094//3094
f 3094//3094 3093//3093 3091//3091
f 3084//3084 3089//3089 3095//3095
f 3077//3077 3089//3089 3084//3084
f 3095//3095 3090//3090 3096//3096
f 3089//3089 3090//3090 3095//3095
f 3086//3086 3095//3095 3097//3097
f 3084//3084 3095//3095 3086//3086
f 3097//3097 3096//3096 3098//3098
f 3095//3095 3096//3096 3097//3097
f 3096//3096 3093//3093 3099//3099
f 3090//3090 3093//3093 3096//3096
f 3093//3093 3094//3094 3100//3100
f 3100//3100 3099//3099 3093//3093
f 3098//3098 3099//3099 3101//3101
f 3096//3096 3099//3099 3098//3098
f 3101//3101 3100//3100 3102//3102
f 3099//3099 3100//3100 3101//3101
f 2961//2961 2954//2954 3081//3081
f 2962//2962 3081//3081 3082//3082
f 2961//2961 3081//3081 2962//2962
f 3103//3103 2963//2963 3085//3085
f 2963//2963 2962//2962 3085//3085
f 2962//2962 3082//3082 3085//3085
f 3103//3103 3086//3086 3104//3104
f 3085//3085 3086//3086 3103//3103
f 2964//2964 2963//2963 3103//3103
f 2965//2965 3103//3103 3104//3104
f 2964//2964 3103//3103 2965//2965
f 3104//3104 3097//3097 3105//3105
f 3086//3086 3097//3097 3104//3104
f 3105//3105 3098//3098 3106//3106
f 3097//3097 3098//3098 3105//3105
f 3107//3107 3104//3104 3105//3105
f 3107//3107 2966//2966 3104//3104
f 2966//2966 2965//2965 3104//3104
f 3107//3107 3106//3106 3108//3108
f 3105//3105 3106//3106 3107//3107
f 3106//3106 3101//3101 3109//3109
f 3098//3098 3101//3101 3106//3106
f 3109//3109 3102//3102 3110//3110
f 3101//3101 3102//3102 3109//3109
f 3106//3106 3109//3109 3111//3111
f 3111//3111 3108//3108 3106//3106
f 3111//3111 3110//3110 3112//3112
f 3109//3109 3110//3110 3111//3111
f 2967//2967 2966//2966 3107//3107
f 2968//2968 3107//3107 3108//3108
f 2967//2967 3107//3107 2968//2968
f 3113//3113 2969//2969 3111//3111
f 2969//2969 3108//3108 3111//3111
f 2969//2969 2968//2968 3108//3108
f 3111//3111 3112//3112 3114//3114
f 3114//3114 3113//3113 3111//3111
f 2970//2970 2969//2969 3113//3113
f 2971//2971 3113//3113 3114//3114
f 2970//2970 3113//3113 2971//2971
f 3092//3092 2958//2958 2972//2972
f 3115//3115 2972//2972 2973//2973
f 3115//3115 3092//3092 2972//2972
f 3115//3115 3094//3094 3092//3092
f 2973//2973 2974//2974 3116//3116
f 3116//3116 3115//3115 2973//2973
f 3116//3116 2974//2974 2975//2975
f 3094//3094 3115//3115 3117//3117
f 3117//3117 3100//3100 3094//3094
f 3115//3115 3116//3116 3118//3118
f 3118//3118 3117//3117 3115//3115
f 3100//3100 3117//3117 3119//3119
f 3119//3119 3102//3102 3100//3100
f 3117//3117 3118//3118 3120//3120
f 3120//3120 3119//3119 3117//3117
f 3121//3121 3118//3118 2976//2976
f 3118//3118 2975//2975 2976//2976
f 3118//3118 3116//3116 2975//2975
f 3121//3121 2976//2976 2977//2977
f 3118//3118 3121//3121 3122//3122
f 3122//3122 3120//3120 3118//3118
f 3122//3122 2977//2977 2978//2978
f 3121//3121 2977//2977 3122//3122
f 3102//3102 3119//3119 3123//3123
f 3123//3123 3110//3110 3102//3102
f 3119//3119 3120//3120 3124//3124
f 3124//3124 3123//3123 3119//3119
f 3110//3110 3123//3123 3125//3125
f 3125//3125 3112//3112 3110//3110
f 3123//3123 3124//3124 3126//3126
f 3126//3126 3125//3125 3123//3123
f 3120//3120 3122//3122 3127//3127
f 3127//3127 3124//3124 3120//3120
f 3127//3127 2978//2978 2979//2979
f 3122//3122 2978//2978 3127//3127
f 3124//3124 3127//3127 3128//3128
f 3128//3128 3126//3126 3124//3124
f 3127//3127 2979//2979 2980//2980
f 2980//2980 3128//3128 3127//3127
f 3114//3114 3125//3125 3129//3129
f 3112//3112 3125//3125 3114//3114
f 3125//3125 3126//3126 3130//3130
f 3130//3130 3129//3129 3125//3125
f 2981//2981 3114//3114 3129//3129
f 2971//2971 3114//3114 2981//2981
f 2981//2981 3129//3129 3130//3130
f 3130//3130 2982//2982 2981//2981
f 2984//2984 3126//3126 2983//2983
f 3126//3126 3128//3128 2983//2983
f 2984//2984 3130//3130 3126//3126
f 3128//3128 2980//2980 2983//2983
f 3130//3130 2984//2984 2982//2982
f 444//444 130//130 135//135
f 412//412 135//135 137//137
f 412//412 444//444 135//135
f 412//412 408//408 444//444
f 137//137 138//138 413//413
f 413//413 412//412 137//137
f 138//138 142//142 415//415
f 415//415 413//413 138//138
f 142//142 145//145 417//417
f 417//417 415//415 142//142
f 417//417 149//149 422//422
f 145//145 149//149 417//417
f 149//149 151//151 423//423
f 423//423 422//422 149//149
f 151//151 152//152 424//424
f 424//424 423//423 151//151
f 424//424 154//154 425//425
f 152//152 154//154 424//424
f 154//154 157//157 427//427
f 427//427 425//425 154//154
f 427//427 159//159 428//428
f 157//157 159//159 427//427
f 393//393 428//428 240//240
f 428//428 159//159 240//240
f 159//159 118//118 240//240
f 407//407 246//246 140//140
f 246//246 124//124 140//140
f 407//407 406//406 246//246
f 407//407 397//397 406//406
f 1489//1489 1493//1493 1178//1178
f 1493//1493 1175//1175 1178//1178
f 1493//1493 1521//1521 1175//1175
f 1489//1489 1180//1180 1494//1494
f 1178//1178 1180//1180 1489//1489
f 1494//1494 1183//1183 1496//1496
f 1180//1180 1183//1183 1494//1494
f 1183//1183 1186//1186 1497//1497
f 1497//1497 1496//1496 1183//1183
f 1186//1186 1190//1190 1498//1498
f 1498//1498 1497//1497 1186//1186
f 1190//1190 1192//1192 1499//1499
f 1499//1499 1498//1498 1190//1190
f 1492//1492 1521//1521 1493//1493
f 1499//1499 1194//1194 1501//1501
f 1192//1192 1194//1194 1499//1499
f 1194//1194 1195//1195 1503//1503
f 1503//1503 1501//1501 1194//1194
f 1195//1195 1196//1196 1504//1504
f 1504//1504 1503//1503 1195//1195
f 1504//1504 1197//1197 1505//1505
f 1196//1196 1197//1197 1504//1504
f 1197//1197 1198//1198 1507//1507
f 1507//1507 1505//1505 1197//1197
f 1198//1198 1199//1199 1509//1509
f 1509//1509 1507//1507 1198//1198
f 1509//1509 1200//1200 1510//1510
f 1199//1199 1200//1200 1509//1509
f 1200//1200 1201//1201 1512//1512
f 1512//1512 1510//1510 1200//1200
f 1512//1512 1202//1202 1514//1514
f 1201//1201 1202//1202 1512//1512
f 1651//1651 1649//1649 1439//1439
f 1649//1649 1681//1681 1439//1439
f 1681//1681 1437//1437 1439//1439
f 1439//1439 1441//1441 1654//1654
f 1654//1654 1651//1651 1439//1439
f 2177//2177 1950//1950 1952//1952
f 2175//2175 1950//1950 2177//2177
f 2139//2139 2140//2140 1955//1955
f 2140//2140 1952//1952 1955//1955
f 2140//2140 2177//2177 1952//1952
f 2357//2357 2270//2270 2274//2274
f 2357//2357 2405//2405 2270//2270
f 2357//2357 2352//2352 2405//2405
f 2353//2353 2357//2357 2404//2404
f 2357//2357 2279//2279 2404//2404
f 2357//2357 2274//2274 2279//2279
f 2404//2404 2279//2279 2268//2268
f 2808//2808 2851//2851 2804//2804
f 2859//2859 2851//2851 2808//2808
f 2809//2809 2859//2859 2808//2808
f 2861//2861 2859//2859 2809//2809
f 2811//2811 2861//2861 2809//2809
f 2814//2814 2867//2867 2816//2816
f 2818//2818 2816//2816 2869//2869
f 2816//2816 2867//2867 2869//2869
f 2867//2867 2636//2636 2869//2869
f 2636//2636 2639//2639 2869//2869
f 2818//2818 2869//2869 2820//2820
f 2869//2869 2643//2643 2871//2871
f 2639//2639 2643//2643 2869//2869
f 2871//2871 2646//2646 2873//2873
f 2643//2643 2646//2646 2871//2871
f 2820//2820 2871//2871 2823//2823
f 2869//2869 2871//2871 2820//2820
f 2824//2824 2873//2873 2874//2874
f 2824//2824 2823//2823 2873//2873
f 2823//2823 2871//2871 2873//2873
f 2824//2824 2874//2874 2828//2828
f 2646//2646 2650//2650 2875//2875
f 2875//2875 2873//2873 2646//2646
f 2875//2875 2656//2656 2876//2876
f 2650//2650 2656//2656 2875//2875
f 2874//2874 2875//2875 2877//2877
f 2873//2873 2875//2875 2874//2874
f 2877//2877 2876//2876 2889//2889
f 2875//2875 2876//2876 2877//2877
f 2876//2876 2656//2656 2662//2662
f 2894//2894 2889//2889 2664//2664
f 2889//2889 2662//2662 2664//2664
f 2889//2889 2876//2876 2662//2662
f 2664//2664 2635//2635 2850//2850
f 2850//2850 2894//2894 2664//2664
f 2828//2828 2877//2877 2831//2831
f 2874//2874 2877//2877 2828//2828
f 2833//2833 2889//2889 2898//2898
f 2833//2833 2831//2831 2889//2889
f 2831//2831 2877//2877 2889//2889
f 2833//2833 2898//2898 2836//2836
f 2898//2898 2894//2894 2901//2901
f 2889//2889 2894//2894 2898//2898
f 2901//2901 2850//2850 2852//2852
f 2894//2894 2850//2850 2901//2901
f 2803//2803 2901//2901 2879//2879
f 2803//2803 2836//2836 2901//2901
f 2836//2836 2898//2898 2901//2901
f 2901//2901 2852//2852 2857//2857
f 2857//2857 2879//2879 2901//2901
f 660//660 665//665 929//929
f 929//929 925//925 660//660
f 665//665 666//666 931//931
f 931//931 929//929 665//665
f 935//935 931//931 958//958
f 931//931 669//669 958//958
f 931//931 666//666 669//669
f 958//958 669//669 673//673
f 935//935 958//958 936//936
f 937//937 673//673 675//675
f 937//937 958//958 673//673
f 937//937 936//936 958//958
f 675//675 677//677 939//939
f 939//939 937//937 675//675
f 677//677 679//679 941//941
f 941//941 939//939 677//677
f 679//679 682//682 942//942
f 942//942 941//941 679//679
f 942//942 684//684 944//944
f 682//682 684//684 942//942
f 684//684 687//687 947//947
f 947//947 944//944 684//684
f 903//903 947//947 812//812
f 947//947 687//687 812//812
f 687//687 646//646 812//812
f 927//927 819//819 659//659
f 819//819 651//651 659//659
f 927//927 910//910 819//819
f 1493//1493 1489//1489 1814//1814
f 1778//1778 1780//1780 1494//1494
f 1780//1780 1814//1814 1494//1494
f 1814//1814 1489//1489 1494//1494
f 1778//1778 1496//1496 1787//1787
f 1494//1494 1496//1496 1778//1778
f 1496//1496 1497//1497 1789//1789
f 1789//1789 1787//1787 1496//1496
f 1789//1789 1498//1498 1791//1791
f 1497//1497 1498//1498 1789//1789
f 1498//1498 1499//1499 1793//1793
f 1793//1793 1791//1791 1498//1498
f 1795//1795 1782//1782 1814//1814
f 1782//1782 1493//1493 1814//1814
f 1782//1782 1492//1492 1493//1493
f 1795//1795 1814//1814 1780//1780
f 1793//1793 1501//1501 1797//1797
f 1499//1499 1501//1501 1793//1793
f 1501//1501 1503//1503 1799//1799
f 1799//1799 1797//1797 1501//1501
f 1503//1503 1504//1504 1801//1801
f 1801//1801 1799//1799 1503//1503
f 1801//1801 1505//1505 1802//1802
f 1504//1504 1505//1505 1801//1801
f 1505//1505 1507//1507 1804//1804
f 1804//1804 1802//1802 1505//1505
f 1507//1507 1509//1509 1806//1806
f 1806//1806 1804//1804 1507//1507
f 1806//1806 1510//1510 1808//1808
f 1509//1509 1510//1510 1806//1806
f 1510//1510 1512//1512 1809//1809
f 1809//1809 1808//1808 1510//1510
f 1809//1809 1514//1514 1810//1810
f 1512//1512 1514//1514 1809//1809
f 1783//1783 1514//1514 1812//1812
f 1514//1514 1491//1491 1812//1812
f 1783//1783 1810//1810 1514//1514
f 1951//1951 1948//1948 2179//2179
f 2179//2179 1957//1957 2181//2181
f 1948//1948 1957//1957 2179//2179
f 2181//2181 1957//1957 1960//1960
f 2142//2142 1963//1963 2186//2186
f 2142//2142 1955//1955 1963//1963
f 2142//2142 2139//2139 1955//1955
f 2147//2147 2150//2150 1970//1970
f 2150//2150 1963//1963 1970//1970
f 2150//2150 2186//2186 1963//1963
f 2142//2142 2186//2186 2154//2154
f 2154//2154 2186//2186 2150//2150
f 2157//2157 1951//1951 2179//2179
f 2157//2157 1970//1970 1951//1951
f 2157//2157 2147//2147 1970//1970
f 2157//2157 2181//2181 2160//2160
f 2179//2179 2181//2181 2157//2157
f 2161//2161 1960//1960 1972//1972
f 2161//2161 2160//2160 1960//1960
f 2160//2160 2181//2181 1960//1960
f 1972//1972 1974//1974 2162//2162
f 2162//2162 2161//2161 1972//1972
f 1974//1974 1977//1977 2163//2163
f 2163//2163 2162//2162 1974//1974
f 2163//2163 1979//1979 2164//2164
f 1977//1977 1979//1979 2163//2163
f 1979//1979 1980//1980 2165//2165
f 2165//2165 2164//2164 1979//1979
f 1980//1980 1981//1981 2166//2166
f 2166//2166 2165//2165 1980//1980
f 2166//2166 1982//1982 2168//2168
f 1981//1981 1982//1982 2166//2166
f 1982//1982 1983//1983 2170//2170
f 2170//2170 2168//2168 1982//1982
f 1983//1983 1985//1985 2172//2172
f 2172//2172 2170//2170 1983//1983
f 2172//2172 1986//1986 2173//2173
f 1985//1985 1986//1986 2172//2172
f 1986//1986 1954//1954 2144//2144
f 2144//2144 2173//2173 1986//1986
f 2290//2290 2146//2146 2294//2294
f 2141//2141 2146//2146 2290//2290
f 2146//2146 2148//2148 2296//2296
f 2296//2296 2294//2294 2146//2146
f 2148//2148 2151//2151 2298//2298
f 2298//2298 2296//2296 2148//2148
f 2299//2299 2153//2153 2309//2309
f 2299//2299 2151//2151 2153//2153
f 2299//2299 2298//2298 2151//2151
f 2299//2299 2309//2309 2301//2301
f 2309//2309 2153//2153 2156//2156
f 2303//2303 2156//2156 2158//2158
f 2303//2303 2309//2309 2156//2156
f 2303//2303 2301//2301 2309//2309
f 2158//2158 2159//2159 2306//2306
f 2306//2306 2303//2303 2158//2158
f 2306//2306 2138//2138 2269//2269
f 2159//2159 2138//2138 2306//2306
f 2169//2169 2167//2167 2313//2313
f 2171//2171 2169//2169 2313//2313
f 2313//2313 2167//2167 2174//2174
f 2313//2313 2174//2174 2171//2171
f 2515//2515 2574//2574 2523//2523
f 2574//2574 2578//2578 2526//2526
f 2526//2526 2523//2523 2574//2574
f 2526//2526 2578//2578 2529//2529
f 2636//2636 2697//2697 2639//2639
f 2643//2643 2639//2639 2523//2523
f 2639//2639 2515//2515 2523//2523
f 2639//2639 2697//2697 2515//2515
f 2523//2523 2526//2526 2646//2646
f 2646//2646 2643//2643 2523//2523
f 2650//2650 2646//2646 2695//2695
f 2646//2646 2529//2529 2695//2695
f 2646//2646 2526//2526 2529//2529
f 2695//2695 2700//2700 2656//2656
f 2656//2656 2650//2650 2695//2695
f 2662//2662 2703//2703 2709//2709
f 2662//2662 2700//2700 2703//2703
f 2662//2662 2656//2656 2700//2700
f 2709//2709 2707//2707 2713//2713
f 2703//2703 2707//2707 2709//2709
f 2662//2662 2709//2709 2664//2664
f 2709//2709 2713//2713 2635//2635
f 2635//2635 2664//2664 2709//2709
f 2642//2642 2856//2856 2633//2633
f 2642//2642 2854//2854 2856//2856
f 2642//2642 2860//2860 2854//2854
f 2633//2633 2856//2856 2864//2864
f 2864//2864 2645//2645 2633//2633
f 2860//2860 2642//2642 2649//2649
f 2864//2864 2653//2653 2645//2645
f 13//13 14//14 132//132
f 132//132 131//131 13//13
f 132//132 17//17 133//133
f 14//14 17//17 132//132
f 17//17 19//19 134//134
f 134//134 133//133 17//17
f 19//19 27//27 136//136
f 136//136 134//134 19//19
f 136//136 34//34 139//139
f 27//27 34//34 136//136
f 34//34 35//35 141//141
f 141//141 139//139 34//34
f 35//35 36//36 143//143
f 143//143 141//141 35//35
f 143//143 37//37 146//146
f 36//36 37//37 143//143
f 37//37 38//38 148//148
f 148//148 146//146 37//37
f 38//38 39//39 153//153
f 153//153 148//148 38//38
f 153//153 40//40 156//156
f 39//39 40//40 153//153
f 40//40 41//41 158//158
f 158//158 156//156 40//40
f 41//41 42//42 160//160
f 160//160 158//158 41//41
f 160//160 43//43 161//161
f 42//42 43//43 160//160
f 43//43 44//44 162//162
f 162//162 161//161 43//43
f 162//162 45//45 163//163
f 44//44 45//45 162//162
f 2352//2352 2357//2357 2488//2488
f 2488//2488 2485//2485 2352//2352
f 2357//2357 2353//2353 2486//2486
f 2486//2486 2488//2488 2357//2357
f 2428//2428 2488//2488 2432//2432
f 2485//2485 2488//2488 2428//2428
f 2488//2488 2486//2486 2429//2429
f 2429//2429 2432//2432 2488//2488
f 2438//2438 2490//2490 2494//2494
f 2438//2438 2441//2441 2490//2490
f 2441//2441 2496//2496 2490//2490
f 2438//2438 2494//2494 2445//2445
f 2448//2448 2496//2496 2441//2441
f 411//411 414//414 664//664
f 664//664 662//662 411//411
f 668//668 414//414 694//694
f 414//414 418//418 694//694
f 668//668 664//664 414//414
f 694//694 418//418 421//421
f 668//668 694//694 672//672
f 674//674 672//672 426//426
f 672//672 694//694 426//426
f 694//694 421//421 426//426
f 426//426 429//429 676//676
f 676//676 674//674 426//426
f 429//429 430//430 678//678
f 678//678 676//676 429//429
f 678//678 431//431 680//680
f 430//430 431//431 678//678
f 431//431 432//432 681//681
f 681//681 680//680 431//431
f 432//432 433//433 683//683
f 683//683 681//681 432//432
f 683//683 434//434 685//685
f 433//433 434//434 683//683
f 434//434 435//435 686//686
f 686//686 685//685 434//434
f 435//435 436//436 688//688
f 688//688 686//686 435//435
f 688//688 437//437 689//689
f 436//436 437//437 688//688
f 437//437 438//438 690//690
f 690//690 689//689 437//437
f 690//690 439//439 691//691
f 438//438 439//439 690//690
f 691//691 440//440 692//692
f 439//439 440//440 691//691
f 440//440 441//441 693//693
f 693//693 692//692 440//440
f 2498//2498 2362//2362 2502//2502
f 2354//2354 2362//2362 2498//2498
f 2430//2430 2433//2433 2367//2367
f 2433//2433 2362//2362 2367//2367
f 2433//2433 2502//2502 2362//2362
f 2436//2436 2502//2502 2443//2443
f 2498//2498 2502//2502 2436//2436
f 2443//2443 2502//2502 2433//2433
f 2430//2430 2372//2372 2449//2449
f 2367//2367 2372//2372 2430//2430
f 2372//2372 2375//2375 2455//2455
f 2455//2455 2449//2449 2372//2372
f 2375//2375 2382//2382 2458//2458
f 2458//2458 2455//2455 2375//2375
f 2458//2458 2386//2386 2460//2460
f 2382//2382 2386//2386 2458//2458
f 2386//2386 2364//2364 2446//2446
f 2446//2446 2460//2460 2386//2386
f 2633//2633 2698//2698 2642//2642
f 2645//2645 2698//2698 2633//2633
f 2702//2702 2698//2698 2645//2645
f 2649//2649 2708//2708 2706//2706
f 2649//2649 2642//2642 2708//2708
f 2642//2642 2698//2698 2708//2708
f 2698//2698 2702//2702 2712//2712
f 2712//2712 2708//2708 2698//2698
f 2645//2645 2715//2715 2702//2702
f 2715//2715 2718//2718 2702//2702
f 2645//2645 2653//2653 2715//2715
f 2718//2718 2720//2720 2721//2721
f 2715//2715 2720//2720 2718//2718
f 2702//2702 2718//2718 2725//2725
f 2725//2725 2712//2712 2702//2702
f 2725//2725 2721//2721 2729//2729
f 2718//2718 2721//2721 2725//2725
f 2706//2706 2708//2708 2734//2734
f 2734//2734 2732//2732 2706//2706
f 2708//2708 2712//2712 2737//2737
f 2737//2737 2734//2734 2708//2708
f 2524//2524 2732//2732 2513//2513
f 2732//2732 2734//2734 2513//2513
f 2524//2524 2705//2705 2732//2732
f 2513//2513 2734//2734 2737//2737
f 2737//2737 2527//2527 2513//2513
f 2538//2538 2712//2712 2533//2533
f 2712//2712 2725//2725 2533//2533
f 2538//2538 2737//2737 2712//2712
f 2533//2533 2725//2725 2729//2729
f 2729//2729 2544//2544 2533//2533
f 2737//2737 2538//2538 2527//2527
f 2721//2721 2743//2743 2746//2746
f 2720//2720 2743//2743 2721//2721
f 2552//2552 2749//2749 2548//2548
f 2552//2552 2743//2743 2749//2749
f 2552//2552 2746//2746 2743//2743
f 2556//2556 2721//2721 2554//2554
f 2721//2721 2746//2746 2554//2554
f 2556//2556 2729//2729 2721//2721
f 2746//2746 2552//2552 2554//2554
f 2548//2548 2749//2749 2754//2754
f 2754//2754 2560//2560 2548//2548
f 2754//2754 2561//2561 2560//2560
f 2729//2729 2556//2556 2544//2544
f 2705//2705 2524//2524 2520//2520
f 1648//1648 1682//1682 1650//1650
f 1652//1652 1683//1683 1653//1653
f 1652//1652 1442//1442 1683//1683
f 1442//1442 1443//1443 1683//1683
f 1652//1652 1682//1682 1442//1442
f 1652//1652 1650//1650 1682//1682
f 1653//1653 1684//1684 1655//1655
f 1683//1683 1684//1684 1653//1653
f 1683//1683 1443//1443 1444//1444
f 1444//1444 1684//1684 1683//1683
f 1684//1684 1685//1685 1656//1656
f 1656//1656 1655//1655 1684//1684
f 1686//1686 1685//1685 1445//1445
f 1685//1685 1444//1444 1445//1445
f 1685//1685 1684//1684 1444//1444
f 1656//1656 1687//1687 1657//1657
f 1685//1685 1687//1687 1656//1656
f 1685//1685 1686//1686 1688//1688
f 1688//1688 1687//1687 1685//1685
f 1687//1687 1689//1689 1658//1658
f 1658//1658 1657//1657 1687//1687
f 1687//1687 1688//1688 1690//1690
f 1690//1690 1689//1689 1687//1687
f 1658//1658 1689//1689 1659//1659
f 1689//1689 1690//1690 1660//1660
f 1660//1660 1659//1659 1689//1689
f 1691//1691 1446//1446 1447//1447
f 1648//1648 1661//1661 1682//1682
f 1661//1661 1449//1449 1682//1682
f 1661//1661 1692//1692 1449//1449
f 1692//1692 1448//1448 1449//1449
f 1663//1663 1691//1691 1692//1692
f 1691//1691 1447//1447 1692//1692
f 1447//1447 1448//1448 1692//1692
f 1663//1663 1662//1662 1691//1691
f 1450//1450 1446//1446 1691//1691
f 1665//1665 1664//1664 1693//1693
f 1664//1664 1451//1451 1693//1693
f 1664//1664 1440//1440 1451//1451
f 1662//1662 1666//1666 1691//1691
f 1666//1666 1450//1450 1691//1691
f 1666//1666 1452//1452 1450//1450
f 1666//1666 1665//1665 1452//1452
f 1665//1665 1693//1693 1452//1452
f 1693//1693 1453//1453 1452//1452
f 1693//1693 1694//1694 1453//1453
f 1667//1667 1692//1692 1661//1661
f 1682//1682 1449//1449 1442//1442
f 1663//1663 1692//1692 1667//1667
f 1454//1454 1453//1453 1694//1694
f 1669//1669 1695//1695 1668//1668
f 1694//1694 1455//1455 1454//1454
f 1668//1668 1695//1695 1670//1670
f 1671//1671 1695//1695 1669//1669
f 1673//1673 1696//1696 1672//1672
f 1670//1670 1695//1695 1671//1671
f 1457//1457 1456//1456 1697//1697
f 1697//1697 1456//1456 1458//1458
f 1672//1672 1696//1696 1674//1674
f 1459//1459 1457//1457 1697//1697
f 1697//1697 1458//1458 1459//1459
f 1686//1686 1445//1445 1460//1460
f 1688//1688 1460//1460 1461//1461
f 1686//1686 1460//1460 1688//1688
f 1690//1690 1461//1461 1462//1462
f 1688//1688 1461//1461 1690//1690
f 1621//1621 1660//1660 1562//1562
f 1660//1660 1690//1690 1562//1562
f 1690//1690 1462//1462 1562//1562
f 1462//1462 1418//1418 1562//1562
f 1462//1462 1420//1420 1418//1418
f 1462//1462 1433//1433 1420//1420
f 1433//1433 1579//1579 1420//1420
f 1675//1675 1696//1696 1673//1673
f 1624//1624 1640//1640 1676//1676
f 1674//1674 1696//1696 1675//1675
f 1676//1676 1698//1698 1677//1677
f 1640//1640 1698//1698 1676//1676
f 1677//1677 1698//1698 1678//1678
f 1698//1698 1640//1640 1625//1625
f 1625//1625 1679//1679 1698//1698
f 1678//1678 1698//1698 1679//1679
f 1680//1680 1435//1435 1681//1681
f 1680//1680 1571//1571 1435//1435
f 1571//1571 1421//1421 1435//1435
f 1680//1680 1645//1645 1571//1571
f 1680//1680 1632//1632 1645//1645
f 1680//1680 1681//1681 1649//1649
f 1579//1579 1433//1433 1423//1423
f 1681//1681 1435//1435 1437//1437
f 2356//2356 2409//2409 2360//2360
f 2365//2365 2409//2409 2412//2412
f 2409//2409 2272//2272 2412//2412
f 2272//2272 2276//2276 2412//2412
f 2365//2365 2360//2360 2409//2409
f 2365//2365 2412//2412 2368//2368
